Date,Open,High,Low,Close,per_change,Qty,Turnover,EPS,PE
2/20/2025,384.5,384.5,373.6,374.5,-0.66,42089,15847811.6,2.04,183.5784314
2/18/2025,389,389.6,375,377,-1.31,74518,28374584.9,2.04,184.8039216
2/17/2025,371,386.9,370.7,382,3.05,108899,41212054.5,2.04,187.254902
2/16/2025,367,370.9,365,370.7,2.12,70533,26014490.4,2.04,181.7156863
2/13/2025,360,366,360,363,-0.03,47627,17318839,2.04,177.9411765
2/12/2025,365,370,360,363.1,-0.25,47038,17147454.5,2.04,177.9901961
2/11/2025,367,370,361,364,-0.03,48342,17610510.4,2.04,178.4313725
2/10/2025,369.9,369.9,363.2,364.1,-0.52,28859,10533106.8,2.04,178.4803922
2/9/2025,358.6,370,358.6,366,0.03,55880,20503353.5,2.04,179.4117647
2/6/2025,363,368,359,365.9,0.25,73453,26881083.3,2.04,179.3627451
2/5/2025,366,370.1,363,365,-1.16,50984,18697457,2.04,178.9215686
2/4/2025,379,379,367,369.3,-0.73,54568,20261319.4,2.04,181.0294118
2/3/2025,369.2,385.5,369,372,1.36,147482,55551307.3,2.04,182.3529412
2/2/2025,355,367,355,367,2.8,81796,29683622.2,2.04,179.9019608
1/28/2025,353,362,350,357,1.13,104728,37397715.6,2.04,175
1/27/2025,362.8,362.8,351,353,-0.98,95052,33567863.7,2.04,173.0392157
1/26/2025,362.1,364.9,356,356.5,-2.6,87702,31524673.6,2.04,174.754902
1/23/2025,369,371.8,364.3,366,-1.03,59766,21896885.1,2.04,179.4117647
1/22/2025,359,370,355,369.8,3.01,137664,49669715.4,2.04,181.2745098
1/21/2025,357,361,354,359,0.42,85995,30732031.1,2.04,175.9803922
1/20/2025,362,363.6,351.6,357.5,-2.32,187054,66767422.9,2.04,175.245098
1/19/2025,365.1,370,361.6,366,-0.79,83984,30679994.8,2.04,179.4117647
1/16/2025,375.2,377.8,368,368.9,-2.36,67591,25110905.7,2.04,180.8333333
1/15/2025,370.1,384,370.1,377.8,0.05,51468,19446913.7,2.04,185.1960784
1/13/2025,388.6,388.6,377.5,377.6,-0.89,84072,31908096.2,2.91,129.7594502
1/12/2025,385,385.2,381,381,-0.63,36094,13812729.1,2.91,130.9278351
1/9/2025,386,388,381,383.4,-0.93,78694,30206337.5,2.91,131.7525773
1/8/2025,393.5,393.5,383,387,-0.21,45107,17419527.1,2.91,132.9896907
1/7/2025,395.7,395.7,384,387.8,-0.05,59219,22908320.5,2.91,133.2646048
1/6/2025,388,390,382.1,388,1.04,78034,30121853.6,2.91,133.3333333
1/5/2025,385,389.7,382.7,384,-0.75,88991,34166948.7,2.91,131.9587629
1/2/2025,390,390,377.4,386.9,0.86,58340,22439781.8,2.91,132.9553265
1/1/2025,377.3,388,377.3,383.6,-0.36,43278,16613575.4,2.91,131.8213058
12/31/2024,383.2,395,376.6,385,-1.53,132291,50756067,2.91,132.3024055
12/29/2024,400,404.7,391,391,-2.98,70534,27876541.8,2.91,134.3642612
12/26/2024,388.1,409.9,388,403,1.77,92340,36962239.4,2.91,138.4879725
12/24/2024,395,398,390,396,1.85,51143,20205178.7,2.91,136.0824742
12/23/2024,382.2,391,382.2,388.8,-0.31,82637,32024251.6,2.91,133.6082474
12/22/2024,392.9,400.6,387.1,390,-0.74,73760,28751184,2.91,134.0206186
12/19/2024,384.2,395.1,384.2,392.9,0.23,73620,28901909.4,2.91,135.0171821
12/18/2024,389.1,412,389.1,392,-1.26,83131,32775891.2,2.91,134.7079038
12/17/2024,396,399.9,395.5,397,-0.3,80508,32015293.7,2.91,136.4261168
12/16/2024,403,403,395,398.2,-1.19,113101,45028844.1,2.91,136.838488
12/12/2024,423.3,423.3,402.8,403,-2.89,84801,34642192,2.91,138.4879725
12/11/2024,404,415,397,415,2.47,150942,60777882.1,2.91,142.6116838
12/10/2024,396.9,411,396.9,405,0,58539,23694809.2,2.91,139.1752577
12/9/2024,396.9,411.4,396.9,405,0,66907,27135316,2.91,139.1752577
12/8/2024,409.9,414.9,400.1,405,-1.2,159922,64577191.5,2.91,139.1752577
12/5/2024,406.9,415,406,409.9,-1.28,155704,63754717.8,2.91,140.8591065
12/4/2024,420,425,415,415.2,-1.1,143772,60079128.4,2.91,142.6804124
12/3/2024,436,436,417,419.8,-1.89,410484,172511347.9,2.91,144.2611684
12/2/2024,430,430,425,427.9,-0.21,181491,77567724.1,2.91,147.0446735
12/1/2024,444,444,427.2,428.8,-1.49,126527,54336790.1,2.91,147.3539519
11/28/2024,437,437.9,430,435.3,-0.37,81755,35574057.3,2.91,149.5876289
11/27/2024,435,438.8,431.6,436.9,0.55,77997,33877361.5,2.91,150.137457
11/26/2024,431,435.7,425.1,434.5,2.24,114088,48908653,2.91,149.3127148
11/25/2024,435.5,435.5,422.1,425,-0.47,108838,46178968.1,2.91,146.04811
11/24/2024,430,430,423,427,0.16,112104,47548945.2,2.91,146.7353952
11/21/2024,431,433,426,426.3,-0.84,111250,47655052.8,2.91,146.4948454
11/20/2024,439.8,439.8,428,429.9,-0.3,116555,50011496.1,2.91,147.7319588
11/19/2024,442,442,429.1,431.2,-2.07,230820,99858868.4,2.91,148.1786942
11/17/2024,445.5,447,440,440.3,-1.08,164538,72738307.2,2.91,151.3058419
11/14/2024,450.1,453,443.3,445.1,-1.46,124178,55402034.9,2.91,152.9553265
11/13/2024,464.1,464.1,448,451.7,-1.16,70413,31867704.8,2.91,155.2233677
11/12/2024,463,463,450,457,0.66,98128,44800783,2.91,157.0446735
11/11/2024,458,462.1,450,454,0.93,159935,72757931.2,2.91,156.0137457
11/10/2024,448,449.8,442.1,449.8,2.23,82617,36815029.4,2.91,154.5704467
11/6/2024,445,447,439,440,-0.9,63545,28083991.4,2.91,151.2027491
11/5/2024,440.3,455.8,440,444,-0.4,51361,22962464.4,2.91,152.5773196
10/30/2024,450,454,443.1,445.8,-1.13,77838,34838568.8,2.91,153.1958763
10/29/2024,445,452,445,450.9,1.78,65634,29500622.4,2.91,154.9484536
10/28/2024,452,452,441,443,-0.23,59809,26572257.4,2.91,152.233677
10/27/2024,443,446,437,444,0.23,55784,24654312.4,2.91,152.5773196
10/24/2024,450,455,439,443,-1.99,104890,46521225.2,2.91,152.233677
10/23/2024,460,460,450,452,-2.8,182640,82721217.3,2.91,155.3264605
10/22/2024,475,476,459.5,465,-0.9,104000,48395845.7,2.91,159.7938144
10/21/2024,472,480,468.4,469.2,-2.25,70285,33198853.9,2.91,161.2371134
10/20/2024,484,495,479.1,480,-2.64,187805,90783664.4,2.91,164.9484536
10/17/2024,498,505,493,493,-1.14,80563,40014898.3,2.91,169.4158076
10/16/2024,494,501.9,484,498.7,2.44,302170,147506063.3,9.26,53.85529158
10/15/2024,487.5,489,476,486.8,1.84,14812,7140200.7,9.26,52.57019438
10/9/2024,480,483,473,478,-0.42,38554,18420792.2,9.26,51.61987041
10/8/2024,470,485,468,480,1.05,270991,128676088,9.26,51.83585313
10/7/2024,483,483.4,475,475,0.21,61966,29712489.2,9.26,51.29589633
10/6/2024,470,476.9,462,474,2.6,70077,32814474.9,9.26,51.18790497
10/2/2024,465,474,458,462,0.72,106390,49291155.4,9.26,49.89200864
10/1/2024,447.5,463.9,441,458.7,4.25,118682,53583406,9.26,49.53563715
9/30/2024,442.7,442.9,435,440,0.92,39543,17353125.2,9.26,47.5161987
9/29/2024,435,440,429,436,-0.23,32022,13974891,9.26,47.08423326
9/26/2024,433.7,448,433.7,437,-1.24,57402,25264368.6,9.26,47.19222462
9/25/2024,427,442.6,427,442.5,2.86,78402,34196940.1,9.26,47.78617711
9/24/2024,441.1,444,430,430.2,-3.22,114932,50098069.4,9.26,46.45788337
9/23/2024,461,461,443,444.5,-1.66,87158,38924478.3,9.26,48.00215983
9/22/2024,464.1,471,449.2,452,-0.66,78178,35561158.3,9.26,48.81209503
9/18/2024,458,458,447,455,0.46,59933,27163435.7,9.26,49.13606911
9/16/2024,469,469,452.1,452.9,-1.97,93821,42889083.3,9.26,48.90928726
9/15/2024,475,478.2,460,462,-1.49,121891,56785017.6,9.26,49.89200864
9/12/2024,467.6,470,456,469,2.29,89053,41164303.2,9.26,50.64794816
9/11/2024,460,465.5,457.1,458.5,-0.33,73610,33892278.7,9.26,49.51403888
9/10/2024,468,473,455,460,-1.08,121413,55977422.1,9.26,49.67602592
9/9/2024,476,479,460,465,-2,108664,50691255.4,9.26,50.21598272
9/8/2024,487,488,470,474.5,-0.94,63926,30515717.8,9.26,51.24190065
9/5/2024,484,489,473,479,-0.62,85177,40729551,9.26,51.72786177
9/4/2024,507.9,507.9,480,482,-3.21,78221,38174659.2,9.26,52.05183585
9/3/2024,501,512,489.6,498,-0.6,196070,96940498.4,9.26,53.77969762
9/2/2024,485,503.9,480,501,3.26,124169,61161137.9,9.26,54.10367171
9/1/2024,503.8,503.8,485,485.2,-1.78,122470,59721867.4,9.26,52.39740821
8/29/2024,498.8,503,489.3,494,-0.8,125957,62118372.8,9.26,53.34773218
8/28/2024,506,516,493,498,0.2,141796,71076392.6,9.26,53.77969762
8/27/2024,515,525,496.1,497,-3.68,251927,127755243.8,9.26,53.67170626
8/25/2024,528,537.9,515,516,-2.27,264501,137841516,9.26,55.72354212
8/22/2024,530,542.6,527,528,-0.38,198426,105879839.6,9.26,57.01943844
8/21/2024,539,539,525,530,-1.43,209828,111492627.2,9.26,57.23542117
8/18/2024,550,564,535,537.7,-1.36,480715,262926484,9.26,58.06695464
8/15/2024,520,557,518.5,545.1,4.83,751075,409374057,9.26,58.86609071
8/14/2024,516,523,508,520,0.78,193085,99413002.6,9.26,56.15550756
8/13/2024,535.5,535.5,513,516,-1.71,192089,100296001.2,9.26,55.72354212
8/12/2024,514,534,504,525,4.1,429436,224076205.9,9.26,56.69546436
8/11/2024,490,508,490,504.3,3.55,437035,219599887.9,9.26,54.4600432
8/8/2024,483,495,480,487,0.83,245160,119652202.8,9.26,52.59179266
8/7/2024,470,487.4,470,483,1.81,214696,103147127.1,9.26,52.15982721
8/6/2024,495.9,495.9,474,474.4,-4.34,499757,241222400.2,9.26,51.23110151
8/5/2024,506.7,506.7,480,495.9,-4.08,677340,336221737.5,9.26,53.55291577
8/1/2024,540.6,540.6,516,517,-2.45,397416,207735106,9.26,55.83153348
7/31/2024,533.1,539,525,530,0,321197,170933211.2,9.26,57.23542117
7/30/2024,534.5,537.6,515.5,530,-0.84,296884,156278069.7,9.26,57.23542117
7/29/2024,563,573,533,534.5,-3.17,415282,225481164.3,9.26,57.72138229
7/28/2024,511.9,552,511.9,552,9.98,642139,348169885.6,9.26,59.6112311
7/25/2024,499,505,491,501.9,0.58,163606,81736328.5,9.26,54.20086393
7/24/2024,510,520,497.9,499,-1.77,218750,110822199.3,9.26,53.88768898
7/23/2024,502,513,490,508,1.2,280089,141314159.7,9.26,54.85961123
7/22/2024,508,513,492,502,-0.44,201152,100434734.2,9.26,54.21166307
7/21/2024,500,511,492.5,504.2,0.84,272349,136963265.5,9.26,54.44924406
7/18/2024,478,525,469.2,500,4.47,331046,165053646.7,9.26,53.99568035
7/17/2024,470.2,482.4,466,478.6,3.82,193151,91949908.8,9.26,51.68466523
7/16/2024,452,469,439,461,4.02,139792,63123320.8,9.26,49.78401728
7/15/2024,457.9,457.9,443,443.2,-1.29,155082,69641258.8,17.29,25.63331405
7/14/2024,455,468,447,449,0.65,157454,71094465.4,17.29,25.96876807
7/11/2024,446.7,447.2,438,446.1,1.85,117154,51875527.9,17.29,25.80104106
7/10/2024,441.7,441.7,433,438,1.13,98818,43238209.9,17.29,25.33256217
7/9/2024,425,435,422,433.1,1.43,72357,31036007.5,17.29,25.04916136
7/8/2024,430,434,426.4,427,-0.47,74221,31821000.9,17.29,24.69635628
7/7/2024,430,430,421.3,429,1.04,73287,31215876.2,17.29,24.81203008
7/4/2024,420.1,430.1,417,424.6,1.1,106679,45217824.3,17.29,24.55754772
7/3/2024,410.6,420,407,420,0.48,75714,31347290.7,17.29,24.29149798
7/2/2024,408,440,408,418,4.5,147642,61793510.9,17.29,24.17582418
7/1/2024,400,400.5,391.1,400,1.5,48992,19322075.7,17.29,23.13475998
6/30/2024,400,400,393.5,394.1,-0.73,45391,17908558.6,17.29,22.79352227
6/27/2024,397,399,394,397,0,56848,22559389.2,17.29,22.96124928
6/26/2024,406,406,396.6,397,-0.28,45572,18121871.9,17.29,22.96124928
6/25/2024,408.3,408.3,397.2,398.1,-0.57,42749,17076309.2,17.29,23.02486987
6/24/2024,408.9,408.9,400,400.4,-0.65,40516,16275171.7,17.29,23.15789474
6/23/2024,409,409,400,403,0.47,32541,13048979.9,17.29,23.30827068
6/20/2024,412,412,401.1,401.1,-0.72,42682,17174518.5,17.29,23.19838057
6/19/2024,402,408,402,404,0,30586,12384217.5,17.29,23.36610758
6/18/2024,407,410,403,404,-1.94,58636,23801380.5,17.29,23.36610758
6/16/2024,416,420,410,412,-0.75,69817,28750341.9,17.29,23.82880278
6/13/2024,418,418,411.5,415.1,-0.69,45758,18913728.4,17.29,24.00809717
6/12/2024,425,425,418,418,0,81660,34375632,17.29,24.17582418
6/11/2024,409.1,421,402,418,4.21,71137,29197703.6,17.29,24.17582418
6/10/2024,409,409,400,401.1,0.02,57100,23045878.6,17.29,23.19838057
6/9/2024,416.1,416.1,401,401,-1.72,63378,25738375.4,17.29,23.19259688
6/6/2024,410,412.8,407,408,-0.97,40467,16576252.2,17.29,23.59745518
6/5/2024,415,415,407.2,412,-0.84,40825,16766865.4,17.29,23.82880278
6/4/2024,423.4,423.4,414,415.5,0.1,31000,12925554.6,17.29,24.03123193
6/3/2024,425,427.1,413,415.1,-2.1,52109,21803568.4,17.29,24.00809717
6/2/2024,407,429.3,407,424,4.02,112458,46750189,17.29,24.52284558
5/30/2024,417,417.9,402,407.6,-1.55,99271,40604602.8,17.29,23.57432042
5/29/2024,435,442,412.6,414,-3.27,116281,49172569.7,17.29,23.94447658
5/27/2024,443.8,443.8,424.5,428,-1.63,161570,69707496.9,17.29,24.75419318
5/26/2024,455,458,435,435.1,-3.93,219186,97303479,17.29,25.16483516
5/22/2024,430.5,458,420.4,452.9,5.45,287668,127385008.8,17.29,26.19433198
5/21/2024,420,432.7,407.1,429.5,2.29,201842,85312936.8,17.29,24.84094853
5/20/2024,385,421,385,419.9,9.06,276638,112940210.2,17.29,24.28571429
5/19/2024,367.3,385.7,362,385,6.91,135375,51227459.4,17.29,22.26720648
5/16/2024,365.1,365.1,355.1,360.1,0.59,75546,27235273.1,17.29,20.82706767
5/15/2024,359,370,357.8,358,-2.05,64416,23307126.8,17.29,20.70561018
5/14/2024,368.1,369,356.8,365.5,0.69,47874,17319347.8,17.29,21.13938693
5/13/2024,350,364.9,350,363,3.13,55261,19860003.5,17.29,20.99479468
5/12/2024,350,355,347,352,0.57,39449,13837283.5,17.29,20.35858878
5/9/2024,345,352.8,345,350,0,29902,10471855.8,17.29,20.24291498
5/8/2024,349.1,352,341.6,350,0.57,47782,16573927.5,17.29,20.24291498
5/7/2024,350,355.9,347.1,348,0.32,47490,16609211.5,17.29,20.12724118
5/6/2024,345.1,351.9,344.6,346.9,-0.6,59983,20763022.1,17.29,20.06362059
5/5/2024,356.1,359,349,349,-2.24,53700,18864100.2,17.29,20.18507808
5/2/2024,370.2,370.2,357,357,-1.65,63914,23111015.4,17.29,20.64777328
4/30/2024,359,365,351.1,363,3.13,69508,24935148.2,17.29,20.99479468
4/29/2024,358.6,358.6,351.6,352,0.11,45855,16188257,17.29,20.35858878
4/28/2024,355.4,355.4,347,351.6,0.89,60351,21142160,17.29,20.33545402
4/25/2024,351.5,355,346,348.5,-0.71,49901,17470531.8,17.29,20.15615963
4/24/2024,358,360,345,351,-1.96,132036,46377658.9,17.29,20.30075188
4/22/2024,372,373,357.1,358,-4.02,105899,38459763.6,17.29,20.70561018
4/21/2024,377.3,380,366.1,373,-3.12,127611,47268075.5,17.29,21.57316368
4/18/2024,390,390,383,385,-1.28,38828,14927701,17.29,22.26720648
4/16/2024,389,393,387.3,390,-0.26,33400,13032506.8,17.29,22.55639098
4/15/2024,392,395,390,391,-1.01,63551,24886154.9,17.29,22.61422788
4/14/2024,398,400,394,395,0,29072,11530462,17.29,22.84557548
4/10/2024,405.9,405.9,394.1,395,-0.95,40657,16171916.1,25.59,15.43571708
4/9/2024,400,406.9,396.9,398.8,0.45,47203,18883043.4,25.59,15.58421258
4/7/2024,398,398.8,390.3,397,-0.25,80715,31781656.1,25.59,15.51387261
4/4/2024,400,402,398,398,-1,61026,24350543.2,25.59,15.55295037
4/3/2024,410,410,399,402,-1.18,59686,23975302.8,25.59,15.70926143
4/2/2024,412,412,405,406.8,-0.27,28130,11430729.5,25.59,15.8968347
4/1/2024,410,412.5,405,407.9,0.22,51254,20869305.3,25.59,15.93982024
3/31/2024,413,413,406,407,-0.73,30600,12479861.4,25.59,15.90465025
3/28/2024,413.9,414,407,410,-0.24,33224,13602227,25.59,16.02188355
3/27/2024,413,413,408,411,-0.48,42526,17423947,25.59,16.06096131
3/26/2024,415,415,409.2,413,0.71,29379,12076818.2,25.59,16.13911684
3/25/2024,410.1,413,409,410.1,-0.97,71062,29127859.4,25.59,16.02579132
3/21/2024,419,419.9,414.1,414.1,-0.7,28308,11746842.2,25.59,16.18210238
3/20/2024,417,425,415.5,417,-0.05,41724,17407649,25.59,16.2954279
3/19/2024,420,423,417,417.2,-0.24,20842,8739686.6,25.59,16.30324345
3/18/2024,416,421.5,416,418.2,0.05,45079,18848493.2,25.59,16.34232122
3/17/2024,424.2,424.2,417,418,-1.67,58774,24721464.7,25.59,16.33450567
3/14/2024,432,432.9,425.1,425.1,-1.6,67871,29042120.5,25.59,16.6119578
3/13/2024,442.1,442.1,428,432,-0.35,84991,36691710.9,25.59,16.88159437
3/12/2024,428.4,434,422,433.5,3.21,85533,36612902.9,25.59,16.94021102
3/10/2024,425,428.9,419.5,420,-0.45,84813,35815152.1,25.59,16.4126612
3/7/2024,425.9,425.9,418.1,421.9,0.93,39804,16757703.8,25.59,16.48690895
3/6/2024,421,424.9,411.4,418,0.26,73115,30537859.3,25.59,16.33450567
3/5/2024,435,439,414,416.9,-4.16,107535,45093107.6,25.59,16.29152013
3/4/2024,415.1,438,415.1,435,6.88,11800,5079001.5,25.59,16.99882767
3/3/2024,412,417,406,407,-1.21,60400,24681799,25.59,15.90465025
2/29/2024,415,415,408,412,-0.72,109726,45161462,25.59,16.10003908
2/28/2024,413.4,418,413,415,-0.84,36695,15235126.3,25.59,16.21727237
2/27/2024,415,426,412.3,418.5,0.12,70324,29412585.3,25.59,16.35404455
2/26/2024,408,419.9,405.1,418,1.73,98421,40737576.9,25.59,16.33450567
2/25/2024,427,430,410,410.9,-3.77,176046,73159346.7,25.59,16.05705354
2/22/2024,438.6,440,423.4,427,-2.95,149028,64038180.6,25.59,16.68620555
2/21/2024,448,448,439,440,-0.45,141689,62675274.7,25.59,17.19421649
2/20/2024,436,452.9,436,442,-0.45,118355,52580149.9,25.59,17.27237202
2/18/2024,433,455.8,433,444,2.54,307692,136564140.1,25.59,17.35052755
2/15/2024,434.2,440,430,433,-2.26,200617,87023180.3,25.59,16.92067214
2/14/2024,433.1,448,433.1,443,0.25,83609,36997108.2,25.59,17.31144979
2/13/2024,450.1,454,440.1,441.9,-1.82,174782,77475942.3,25.59,17.26846424
2/12/2024,450,455,439,450.1,-1.1,309656,137747398.3,25.59,17.58890191
2/11/2024,465.2,471,450.8,455.1,-4.11,182831,84204332.1,25.59,17.78429074
2/8/2024,488.5,488.5,470,474.6,-0.92,49857,23655321.5,25.59,18.54630715
2/7/2024,487.3,487.3,478.6,479,0.25,52013,24972754.9,25.59,18.71824932
2/6/2024,474.9,482.9,474.9,477.8,0.61,58942,28072802.2,25.59,18.671356
2/5/2024,471,476.1,469,474.9,1.37,46778,22138782.5,25.59,18.55803048
2/4/2024,466,470,459,468.5,0.54,71555,33251425.4,25.59,18.30793279
2/1/2024,475.5,475.5,463.1,466,-1.89,96457,45061712.9,25.59,18.21023837
1/31/2024,481,481.9,474,475,-0.84,64290,30617801.9,25.59,18.56193826
1/30/2024,480,487,478.5,479,-0.15,46693,22396973.5,25.59,18.71824932
1/29/2024,482,483.9,478,479.7,-0.27,50577,24306624.2,25.59,18.74560375
1/28/2024,489,489,480,481,0.21,55234,26580086.4,25.59,18.79640485
1/25/2024,486.8,486.8,476,480,0.57,85602,40975897.5,25.59,18.75732708
1/24/2024,469.1,494.4,469.1,477.3,-0.27,67640,32524761.3,25.59,18.65181712
1/23/2024,495,496,477,478.6,-2.13,138735,66771684.6,25.59,18.70261821
1/22/2024,495,498,488,489,-1.43,108014,53075943.3,25.59,19.10902696
1/21/2024,509,509,495,496.1,-2.53,169221,84277298.7,25.59,19.38647909
1/18/2024,510,515,505,509,-0.59,82751,42028157.5,25.59,19.89058226
1/17/2024,516,525,507,512,-0.39,114163,59062600.1,25.59,20.00781555
1/16/2024,515,515,508,514,0.55,209619,107008018.6,25.59,20.08597108
1/14/2024,515,517.8,510,511.2,-0.33,53006,27223492,27.09,18.87043189
1/11/2024,522.7,522.7,510,512.9,-0.98,50497,25965667,27.09,18.93318568
1/10/2024,509,523,509,518,2.17,112076,57936546.7,27.09,19.12144703
1/9/2024,514,514,506,507,0.6,69070,35187049.5,27.09,18.71539313
1/8/2024,499.5,505,494.2,504,1,94978,47425121.1,27.09,18.60465116
1/7/2024,510,510,498,499,-2.33,111777,56156302,27.09,18.42008121
1/4/2024,512.3,517,509,510.9,-0.62,51626,26478137.7,27.09,18.8593577
1/3/2024,511,515,509,514.1,0.82,30658,15717610.5,27.09,18.97748247
1/2/2024,520,520,509,509.9,-0.78,42542,21750362.8,27.09,18.82244371
1/1/2024,515,524.9,512,513.9,0.37,32342,16709614.5,27.09,18.97009967
12/28/2023,520,525,511,512,-1.54,66034,34134473,27.09,18.89996309
12/27/2023,523,530,519,520,-1.52,90557,47371343.7,27.09,19.19527501
12/24/2023,530,540,521.5,528,-0.75,75142,39931658,27.09,19.49058693
12/21/2023,545,555,530,532,-2.39,96029,51611930.1,27.09,19.63824289
12/20/2023,532,549.8,532,545,2.83,99290,54004935.1,27.09,20.11812477
12/19/2023,524,532,518,530,2.91,107626,56310040,27.09,19.56441491
12/18/2023,504.5,519,501,515,2.79,139478,71178255.1,27.09,19.01070506
12/17/2023,500,507,497,501,-1.16,76166,38290459.2,27.09,18.49390919
12/14/2023,508,511.8,501.6,506.9,-0.61,40832,20698886.8,27.09,18.71170173
12/13/2023,514,520,505.1,510,0,57588,29458286.65,27.09,18.82613511
12/12/2023,509,517.8,504,510,0.02,62527,31934610.9,27.09,18.82613511
12/11/2023,525,529.9,505,509.9,-2.69,93195,47730487.2,27.09,18.82244371
12/10/2023,505,530,505,524,5.33,6616,3473867,27.09,19.34293097
12/7/2023,505,505,491,497.5,0.38,22557,11192020.7,27.09,18.36471023
12/6/2023,497,500,495,495.6,-0.66,12300,6101174.9,27.09,18.29457364
12/5/2023,497,500.1,495,498.9,0.38,19564,9725129.4,27.09,18.41638981
12/4/2023,495.1,502,495.1,497,-0.2,15691,7826379.8,27.09,18.34625323
12/3/2023,500,505,491.5,498,-0.4,16859,8404941.4,27.09,18.38316722
11/30/2023,516,516.2,499,500,-1.57,42251,21304627.1,27.09,18.4569952
11/29/2023,514,514,508,508,-0.59,8435,4293812.8,27.09,18.75230712
11/28/2023,508.1,514,508.1,511,-0.39,8467,4319655.4,27.09,18.8630491
11/27/2023,520,527.8,510,513,-0.97,19627,10126142.2,27.09,18.93687708
11/26/2023,506,518,502,518,2.78,31405,16095060.1,27.09,19.12144703
11/23/2023,498,505,498,504,1.2,25084,12547218.2,27.09,18.60465116
11/22/2023,496,499.9,490.1,498,0.61,11581,5733566.1,27.09,18.38316722
11/21/2023,501,501,495,495,-1,13252,6577144.5,27.09,18.27242525
11/20/2023,508,508,499,500,0.14,23771,11908204.4,27.09,18.4569952
11/9/2023,512.5,512.5,498,499.3,-0.64,23830,11917008.5,27.09,18.43115541
11/8/2023,505,509.8,502,502.5,-0.59,15773,7951356.1,27.09,18.54928018
11/7/2023,499.9,505.5,499,505.5,1.51,28094,14091561.7,27.09,18.66002215
11/6/2023,504,505.9,497.6,498,-0.6,42864,21460342.3,27.09,18.38316722
11/5/2023,520,520,499.9,501,-3.54,60499,30380210.8,27.09,18.49390919
11/2/2023,527,530,519.3,519.4,-2,26372,13755258.7,27.09,19.17312661
11/1/2023,539.7,539.7,527,530,0,14536,7690633.8,27.09,19.56441491
10/31/2023,535.1,543,529,530,-1.16,21230,11297586.6,27.09,19.56441491
10/30/2023,543.9,543.9,530.2,536.2,0.49,16196,8647938.5,27.09,19.79328165
10/29/2023,541,542,531.1,533.6,-1.64,28904,15451365.2,27.09,19.69730528
10/19/2023,538,546,532,542.5,0.84,45018,24315475.1,27.09,20.02583979
10/18/2023,520,539,520,538,4.02,31104,16537236.3,27.09,19.85972684
10/17/2023,516,528,515,517.2,0.43,57459,29814554.8,40.22,12.85927399
10/16/2023,536,541,510,515,-3.01,66053,34335641.9,40.22,12.80457484
10/12/2023,538,538,529,531,-0.75,47891,25427259.2,40.22,13.20238687
10/11/2023,536.3,542.9,531,535,-0.19,66243,35453588.7,40.22,13.30183988
10/10/2023,542.9,544,535.3,536,-1.09,56229,30299574.8,40.22,13.32670313
10/9/2023,555,558,541,541.9,-1.29,40407,21981800.3,40.22,13.47339632
10/8/2023,562,573,548.1,549,-2.31,81362,44984256.5,40.22,13.64992541
10/5/2023,567,567,559,562,-1.06,38826,21871719.5,40.22,13.97314769
10/4/2023,573,573,566.1,568,-0.87,55162,31343038.8,40.22,14.1223272
10/3/2023,600,601,573,573,-2.93,91760,53028691,40.22,14.24664346
10/2/2023,765,766,756,761.5,-0.46,285352,216809141.3,40.22,18.93336648
10/1/2023,780,790,758.6,765,-1.6,122313,93553851.3,40.22,19.02038787
9/27/2023,800,800,769.3,777.4,-1.42,79635,61930826.8,40.22,19.32869219
9/26/2023,800,800,782,788.6,-0.43,106020,83466224.5,40.22,19.60716062
9/25/2023,800,807.8,791,792,-0.63,58347,46348829.4,40.22,19.69169567
9/24/2023,807,813,795,797,-0.38,109470,87551009,40.22,19.81601193
9/21/2023,819,819,799,800,-0.62,118792,95659559,40.22,19.89060169
9/19/2023,806,806,796.6,805,-0.11,48207,38554693.3,40.22,20.01491795
9/18/2023,818,818,799,805.9,-1,53973,43403027.7,40.22,20.03729488
9/17/2023,835.3,852,803.1,814,-0.61,337149,275473072.9,40.22,20.23868722
9/13/2023,802,824,797.9,819,3.34,97903,79325347.5,40.22,20.36300348
9/12/2023,800,804,792,792.5,-0.7,22370,17822263,40.22,19.7041273
9/11/2023,780,805,778,798.1,2.32,49803,39696687.3,40.22,19.84336151
9/10/2023,780,790,775,780,0.65,27417,21349718.3,40.22,19.39333665
9/7/2023,779,779,773.1,775,-0.49,29986,23246769.9,40.22,19.26902039
9/5/2023,785,785,778,778.8,-0.54,14746,11498146.9,40.22,19.36350075
9/4/2023,783.1,787.2,775,783,0,34063,26480999.3,40.22,19.4679264
9/3/2023,788,790,781.5,783,-0.65,23300,18276510.6,40.22,19.4679264
8/30/2023,792,799,787.2,788.1,0.08,33034,26070853.2,40.22,19.59472899
8/29/2023,790,795.9,786,787.5,-0.19,18161,14329578.7,40.22,19.57981104
8/28/2023,805,805,788,789,-0.13,23084,18245309.9,40.22,19.61710592
8/27/2023,789,794,782.5,790,-0.57,22697,17912807.9,40.22,19.64196917
8/24/2023,800,807.1,794,794.5,-0.69,64412,51581791.7,40.22,19.7538538
8/23/2023,780.1,805.8,780,800,2.3,48779,38794288.5,40.22,19.89060169
8/22/2023,778.5,787,777.1,782,0.39,11727,9157323.3,40.22,19.44306315
8/21/2023,772,790,772,779,-0.13,26580,20708405,40.22,19.3684734
8/20/2023,776.1,790,776.1,780,-0.24,34292,26785787.9,40.22,19.39333665
8/17/2023,785,797,778,781.9,-0.39,27752,21774315.3,40.22,19.44057683
8/16/2023,785,785,773,785,0,31107,24231455.7,40.22,19.51765291
8/15/2023,799,799,784.1,785,-1.63,29917,23639455.5,40.22,19.51765291
8/14/2023,798,806,796,798,0,69704,55757861.2,40.22,19.84087519
8/13/2023,789,800,782,798,1.4,51617,41059338.7,40.22,19.84087519
8/10/2023,786,790,772.3,787,0.14,65038,50827014.5,40.22,19.56737941
8/9/2023,771,785.9,770,785.9,2.05,32720,25402527.8,40.22,19.54002984
8/8/2023,775,784,770.1,770.1,-0.63,30614,23695943.8,40.22,19.14719045
8/7/2023,770,786,770,775,-0.39,52929,41153680.4,40.22,19.26902039
8/6/2023,800,812,774,778,-1.39,141442,111288329.7,40.22,19.34361014
8/3/2023,790,793.1,782.1,789,1.28,42059,33107873.6,40.22,19.61710592
8/2/2023,790,790,774.2,779,0.13,34169,26611018.4,40.22,19.3684734
8/1/2023,770,794,770,778,-0.89,48045,37540129.8,40.22,19.34361014
7/31/2023,786,800,770.3,785,1.03,51397,40303176.7,40.22,19.51765291
7/30/2023,798,798,774.1,777,-0.89,74894,58389290,40.22,19.31874689
7/27/2023,774.3,802,774.3,784,-0.77,61909,48818485.6,40.22,19.49278966
7/26/2023,800,805,788,790.1,-0.55,68079,54116753.8,40.22,19.64445549
7/25/2023,809.9,815,793,794.5,-1.91,86821,69480231.7,40.22,19.7538538
7/24/2023,825,825,806.1,810,-1.46,89524,72811500.2,40.22,20.13923421
7/23/2023,820,825.1,808,822,1.36,136053,111285459.6,40.22,20.43759324
7/20/2023,817,818,806.2,811,0.12,67669,54854937,40.22,20.16409746
7/19/2023,810,817,800,810,0,181640,147082958.6,40.22,20.13923421
7/18/2023,809.6,818,803,810,0.87,83521,67924379.1,40.22,20.13923421
7/17/2023,798,807,789,803,1.16,55849,44687582.3,40.22,19.96519145
7/16/2023,790,796,782,793.8,1.52,48967,38720419.3,46.76,16.9760479
7/13/2023,790,790,779.2,781.9,0.24,40669,31822025.3,46.76,16.72155689
7/12/2023,790,793.5,775,780,-0.38,49480,38696668.2,46.76,16.68092387
7/11/2023,790,793.9,781,783,-0.75,37571,29557847,46.76,16.74508127
7/10/2023,794,797,785,788.9,-0.01,61999,48997684,46.76,16.87125749
7/9/2023,778.9,789.9,772.3,789,3,43972,34319755.9,46.76,16.87339607
7/6/2023,778.9,778.9,761,766,-0.44,37975,29212184.8,46.76,16.38152267
7/5/2023,770.1,780,766,769.4,-0.08,56329,43406162.9,46.76,16.45423439
7/4/2023,770,779,761,770,0.52,48521,37274891.6,46.76,16.46706587
7/3/2023,768.5,774,761,766,-0.33,37583,28834740.2,46.76,16.38152267
7/2/2023,780,795.4,766,768.5,-2.16,85825,66570866.6,46.76,16.43498717
6/28/2023,809,814,782,785.5,-1.85,100750,79687806.3,46.76,16.79854577
6/27/2023,800,803.4,785,800.3,1.69,74430,59353368.7,46.76,17.1150556
6/26/2023,782.8,793,775,787,2.34,104175,81795086.9,46.76,16.83062447
6/25/2023,750,770,740,769,2.53,89107,67460152.6,46.76,16.44568007
6/22/2023,755,760,743,750,0,63239,47486343.6,46.76,16.03934987
6/21/2023,764,771,750,750,-1.19,52004,39215589.4,46.76,16.03934987
6/20/2023,775,778,755,759,-1.2,34384,26281730.4,46.76,16.23182207
6/19/2023,779,780,767,768.2,-1.26,54506,42092586,46.76,16.42857143
6/18/2023,785,786,769,778,0,44461,34656631.5,46.76,16.63815227
6/15/2023,775,778,760,778,0.39,54223,41639999.2,46.76,16.63815227
6/14/2023,735,784,735,775,3.33,142091,109270745.6,46.76,16.57399487
6/13/2023,753.7,753.7,733,750,1.49,87057,65051043.2,46.76,16.03934987
6/12/2023,733,746,733,739,1.09,57704,42661573.5,46.76,15.80410607
6/11/2023,721,735,716.2,731,1.67,97299,70586246.3,46.76,15.63301967
6/8/2023,715,721.9,714.5,719,0.35,28350,20355617.2,46.76,15.37639008
6/7/2023,716,724,715.1,716.5,0.07,35488,25567987.7,46.76,15.32292558
6/6/2023,716,720,713.1,716,0.55,20101,14378676.1,46.76,15.31223268
6/5/2023,724.9,724.9,712,712.1,-0.07,51968,37186706.1,46.76,15.22882806
6/4/2023,710,735,710,712.6,-0.13,85849,62185019,46.76,15.23952096
6/1/2023,710,716,698.5,713.5,1.49,64360,45575460.4,46.76,15.25876818
5/31/2023,710,717,698,703,-1.68,86240,60669893.6,46.76,15.03421728
5/30/2023,721.7,725,700,715,-1.41,66387,47329158.1,46.76,15.29084688
5/28/2023,735,747,723,725.2,-1.13,57567,42269480,46.76,15.50898204
5/24/2023,725,759,717.1,733.5,1.73,37135,27137295.2,46.76,15.68648417
5/23/2023,712,724,710,721,2.14,100970,72361213.4,46.76,15.41916168
5/22/2023,708,709.9,700,705.9,-0.3,68416,48339819.3,46.76,15.0962361
5/21/2023,712,715,705,708,-0.07,48741,34569973.3,46.76,15.14114628
5/18/2023,700,709.5,698.1,708.5,1.21,96034,67671776.8,46.76,15.15183918
5/17/2023,690,704.5,690,700,1.45,68132,47417924.5,46.76,14.97005988
5/16/2023,695.3,704,689.3,690,-0.66,72505,50146361.2,46.76,14.75620188
5/15/2023,699.1,706,693.1,694.6,-0.63,43687,30467469.3,46.76,14.85457656
5/14/2023,717,717,699,699,-1.41,65044,45754704.9,46.76,14.94867408
5/11/2023,709.9,711.9,707,709,0,22977,16283908.3,46.76,15.16253208
5/10/2023,719,719,709,709,-0.41,17826,12671947.4,46.76,15.16253208
5/9/2023,708.2,720,700.1,711.9,0.55,20728,14742185,46.76,15.2245509
5/8/2023,712,719,706.5,708,-0.97,27837,19722203.9,46.76,15.14114628
5/7/2023,717,723,709.2,714.9,-0.29,21718,15470632.2,46.76,15.2887083
5/4/2023,720,723,707,717,0.62,22581,16085319.3,46.76,15.33361848
5/3/2023,715,715,710.1,712.6,-0.2,14729,10489802.8,46.76,15.23952096
5/2/2023,729,729,714,714,-0.83,18441,13206469.3,46.76,15.26946108
4/30/2023,726,736.6,717.1,720,-0.69,15050,10875452.7,46.76,15.39777588
4/27/2023,725,726.5,720,725,0.14,19375,13995842.8,46.76,15.50470488
4/26/2023,735,736,724,724,-1.5,32344,23689485.5,46.76,15.48331908
4/25/2023,724.9,735,718,735,2.51,23019,16694990.5,46.76,15.71856287
4/24/2023,724,724,717,717,-0.83,26276,18900536.4,46.76,15.33361848
4/23/2023,735,736,722.2,723,-1.5,32862,23896535.1,46.76,15.46193328
4/20/2023,755.5,755.5,729,734,-0.9,78369,57543425.2,46.76,15.69717707
4/19/2023,741.8,742,731,740.7,0.78,43290,31856534.8,46.76,15.84046193
4/18/2023,726,739,722.1,735,0.96,36250,26578451.9,46.76,15.71856287
4/17/2023,730,738,727.4,728,-0.68,42664,31156743.4,46.76,15.56886228
4/16/2023,730,766,721,733,1.52,50033,36498750.7,46.76,15.67579127
4/13/2023,735,740,719,722,-1.1,73696,53516887.5,56.77,12.71798485
4/12/2023,704,735,704,730,4.66,87390,62950442.3,56.77,12.85890435
4/11/2023,700,704,692.3,697.5,0.65,24498,17102421.1,56.77,12.28641888
4/10/2023,688,695.9,688,693,0,39095,27027964.7,56.77,12.20715166
4/9/2023,697,698,690,693,-0.57,35930,24855264,56.77,12.20715166
4/6/2023,705,705,693,697,0.11,30695,21392697,56.77,12.27761141
4/5/2023,699,700,691,696.2,-0.06,26748,18613374.6,56.77,12.26351946
4/4/2023,700,700,685,696.6,0.96,47314,32814535.8,56.77,12.27056544
4/3/2023,704.9,704.9,686,690,-0.29,42504,29319710.1,56.77,12.15430685
4/2/2023,703,719.1,689,692,0.17,72783,50562485.3,56.77,12.18953673
3/30/2023,700,700,689,690.8,0.26,30902,21357616.1,56.77,12.1683988
3/29/2023,690,694,687,689,0,51749,35695866.1,56.77,12.13669191
3/28/2023,708,708,688,689,-0.86,62508,43673517.3,56.77,12.13669191
3/27/2023,680,695,675.3,695,1.16,57816,39597344.5,56.77,12.24238154
3/26/2023,686,697.9,680,687,0.15,115245,79519557.9,56.77,12.10146204
3/23/2023,729,729,666.5,686,-5.12,314524,217464868.1,56.77,12.0838471
3/22/2023,740.1,740.1,721,723,-2.03,113311,82495494.5,56.77,12.73559979
3/20/2023,749,749,731.1,738,-0.54,84134,61995922.8,56.77,12.99982385
3/19/2023,755,755,739,742,-1.07,53939,40084482,56.77,13.0702836
3/16/2023,755,755,736.1,750,0.27,66560,49492619.8,56.77,13.2112031
3/15/2023,772,772,739,748,-2.09,138593,103522033.1,56.77,13.17597323
3/14/2023,782.8,790,757,764,-1.67,136733,104824125.2,56.77,13.45781222
3/13/2023,800,813,776.9,777,-2.63,79814,62456745.3,56.77,13.68680641
3/12/2023,820,822,797,798,-1.24,31706,25407342.8,56.77,14.0567201
3/9/2023,791,810,791,808,1.51,28688,23110049.9,56.77,14.23286947
3/7/2023,795,801,788,796,0.25,38109,30219184.5,56.77,14.02149022
3/5/2023,813,813,792.2,794,-0.75,32917,26192401.9,56.77,13.98626035
3/2/2023,806,806,798.1,800,-0.74,54595,43729649.1,56.77,14.09194997
3/1/2023,805.1,815,804.1,806,-0.68,40211,32483338.3,56.77,14.1976396
2/28/2023,801,815.5,801,811.5,-0.06,37309,30300347.2,56.77,14.29452175
2/27/2023,810,820,801.1,812,0.25,62896,50828934.7,56.77,14.30332922
2/26/2023,810.1,815,793.8,810,-0.49,98067,78667922.7,56.77,14.26809935
2/23/2023,808,815,803.4,814,-0.49,98136,79641532,56.77,14.3385591
2/22/2023,821,821,808,818,0.37,55398,45217636.9,56.77,14.40901885
2/20/2023,809,819.9,798,815,0.43,68598,55591201.5,56.77,14.35617404
2/16/2023,810,818,810,811.5,-0.67,45965,37384423.4,56.77,14.29452175
2/15/2023,810.1,821,810.1,817,0.18,57530,46905929.6,56.77,14.39140391
2/14/2023,817.1,821,810.2,815.5,-0.66,84726,69070448.3,56.77,14.3649815
2/12/2023,825,835,817,820.9,-2.27,93577,77125437,56.77,14.46010217
2/9/2023,834,841.8,830,840,0.6,49992,41759853.3,56.77,14.79654747
2/8/2023,848.6,852,834,835,0,97610,81880515.4,56.77,14.70847278
2/7/2023,815.1,839.5,815.1,835,0.85,154737,129242726.9,56.77,14.70847278
2/6/2023,805.1,831,805.1,828,1.35,78309,64573061.2,56.77,14.58516822
2/5/2023,811,825,811,817,0.81,71506,58516096.4,56.77,14.39140391
2/2/2023,815.1,825,802,810.4,-0.58,67366,55040183.5,56.77,14.27514532
2/1/2023,802,823,802,815.1,0.82,58462,47607453.9,56.77,14.35793553
1/31/2023,815,820,803.6,808.5,-0.42,87591,71083403.6,56.77,14.24167694
1/30/2023,820,830,810.5,811.9,-1.71,92484,75752768.3,56.77,14.30156773
1/29/2023,823,833.6,820,826,0.24,86314,71318301.1,56.77,14.54993835
1/26/2023,832,833.5,818,824,-0.12,76729,63437273,56.77,14.51470847
1/25/2023,844.9,844.9,823,825,-0.84,72897,60387897.7,56.77,14.53232341
1/24/2023,849.5,850,825.1,832,-0.36,90781,75309260.2,56.77,14.65562797
1/23/2023,861.9,861.9,831,835,-1.18,151120,127577972.5,56.77,14.70847278
1/19/2023,811,850,804.1,845,4.19,216337,180444653.5,56.77,14.88462216
1/18/2023,820,825,804,811,-0.65,94624,77149905.9,56.77,14.28571429
1/17/2023,819,820,796.1,816.3,1.66,99350,80485774.6,56.77,14.37907345
1/12/2023,821.1,828,801.1,803,-0.25,157664,127827710,60.77,13.21375679
1/10/2023,811,835,796,805,0.12,205989,167243233.8,60.77,13.24666776
1/9/2023,790,821,781,804,1.76,208228,167866818.1,60.77,13.23021228
1/8/2023,789,803,784,790.1,0.01,100573,80126145.2,60.77,13.00148099
1/5/2023,799.6,805,778,790,0.77,150073,118444306,60.77,12.99983545
1/4/2023,760,797,760,784,2.1,100499,77942870.9,60.77,12.90110252
1/3/2023,775,775,755,767.9,0.38,125746,96695094.8,60.77,12.63616916
1/2/2023,738,772.8,725,765,3.66,146722,111455088.3,60.77,12.58844825
1/1/2023,727,750,723,738,2.19,136249,100383387.4,60.77,12.14415007
12/29/2022,702,726,689,722.2,4.82,135700,96658165.2,60.77,11.88415337
12/28/2022,702,706,689,689,-1.59,79579,55485563.9,60.77,11.33783117
12/27/2022,700,710,696,700.1,0.88,143766,101220431,60.77,11.52048708
12/26/2022,673,695,670.2,694,4.33,100520,68723509.4,60.77,11.42010861
12/22/2022,654,666,654,665.2,-0.31,86046,56965324.5,60.77,10.94619055
12/21/2022,660,682,660,667.3,-0.85,175719,118246001.1,60.77,10.98074708
12/20/2022,667,680,666,673,1.17,14011,9456005.9,60.77,11.07454336
12/19/2022,665,670,661.3,665.2,0.03,11080,7382941,60.77,10.94619055
12/18/2022,665,670,661.1,665,-1.04,25597,16977284.8,60.77,10.94289946
12/15/2022,672,678.9,670.1,672,-0.46,15343,10340985.7,60.77,11.05808787
12/14/2022,672,717,672,675.1,-0.18,16910,11514877.6,60.77,11.10909988
12/13/2022,679,688,674,676.3,-0.4,26409,17928323.4,60.77,11.12884647
12/12/2022,666,679.9,660,679,1.33,61536,41279677.3,60.77,11.17327629
12/11/2022,675,685,670.1,670.1,-2.64,57943,39248832.9,60.77,11.02682245
12/7/2022,686,699,686,688.3,-0.68,36633,25243646.5,60.77,11.32631233
12/6/2022,700,705,692,693,-0.72,50730,35345246.9,60.77,11.40365312
12/5/2022,712,712,697.8,698,-2.09,35135,24771426.2,60.77,11.48593056
12/4/2022,711.5,720,710,712.9,0.2,46294,33160505.5,60.77,11.73111733
12/1/2022,695,723,693.1,711.5,2.08,57322,40652219.1,60.77,11.70807964
11/30/2022,684,699,684,697,1.28,24065,16724531.8,60.77,11.46947507
11/29/2022,680,694,678,688.2,-0.12,24057,16536991.1,60.77,11.32466678
11/28/2022,700,705.8,686.5,689,-1.43,52802,36603806.7,60.77,11.33783117
11/27/2022,695,700,685.2,699,1.3,33586,23326120.4,60.77,11.50238605
11/24/2022,685,690,680,690,1.02,42892,29306669.2,60.77,11.35428665
11/23/2022,686,690,681.2,683,-0.44,11745,8039715.2,60.77,11.23909824
11/22/2022,699.7,700,686,686,-0.29,22019,15249797.9,60.77,11.2884647
11/17/2022,692,692,685,688,1.18,30365,20906729.1,60.77,11.32137568
11/16/2022,666,685,665,680,2.26,23582,16001360.9,60.77,11.18973178
11/15/2022,680,680,661,665,-0.6,23607,15778546.2,60.77,10.94289946
11/14/2022,660,671,657,669,1.36,30779,20337336,60.77,11.00872141
11/13/2022,660.1,667.9,650,660,-0.02,19746,13026486.6,60.77,10.86062202
11/10/2022,672,675,660,660.1,-1.48,38406,25559451.9,60.77,10.86226757
11/9/2022,685,685,669.1,670,-0.9,24540,16520119.3,60.77,11.0251769
11/8/2022,676,680,674,676.1,-0.28,29430,19926154.9,60.77,11.12555537
11/7/2022,698,698,678,678,-1.6,50047,34318453.5,60.77,11.1568208
11/6/2022,690,693,678.1,689,0.73,45183,31016389,60.77,11.33783117
11/3/2022,690,691,678,684,-1.38,46344,31716708.7,60.77,11.25555373
11/2/2022,700,702,684,693.6,-0.2,52344,36410432.7,60.77,11.41352641
11/1/2022,665,702,661,695,5.3,97337,66560215.4,60.77,11.43656409
10/31/2022,629.9,664,629.9,660,6.8,95003,61721232.6,60.77,10.86062202
10/23/2022,617,624.9,616,618,0.34,9212,5690098.1,60.77,10.16949153
10/20/2022,615,620,612.5,615.9,0.13,21739,13388024.9,60.77,10.134935
10/19/2022,615,618,610,615.1,0.84,23531,14412154.2,60.77,10.12177061
10/17/2022,612,614,610,610,0.02,9862,6030662.8,39.13,15.5890621
10/16/2022,620,620,608,609.9,-0.34,14547,8864682.3,39.13,15.58650652
10/13/2022,610,615,606,612,-0.08,25259,15411972.3,39.13,15.64017378
10/12/2022,610,617.7,607.3,612.5,0.57,17812,10873156.7,39.13,15.6529517
10/11/2022,620,621,608.6,609,-2,19681,12006407.8,39.13,15.56350626
10/10/2022,633.7,633.7,613,621.4,-1.68,18776,11636983,39.13,15.88039867
10/9/2022,629,632,614,632,2.22,24888,15454855.3,39.13,16.15129057
9/29/2022,612,623,605.2,618.3,1.03,26572,16300959.1,39.13,15.80117557
9/28/2022,609,617,608,612,0.49,16060,9834718.5,39.13,15.64017378
9/27/2022,610,618,605.1,609,0.78,19390,11844853.5,39.13,15.56350626
9/25/2022,618,620,600.3,604.3,-1.56,30846,18688918.1,39.13,15.44339382
9/22/2022,620.8,620.8,609,613.9,0.64,7862,4806343.7,39.13,15.68872987
9/21/2022,615,615,605,610,1.14,23401,14328316.2,39.13,15.5890621
9/20/2022,620,620,602,603.1,-2.27,34869,21139720.02,39.13,15.41272681
9/18/2022,620.1,626.9,617,617.1,-1.58,38395,23846911.9,39.13,15.77050856
9/16/2022,621,629.9,618,627,-0.48,19072,11919312.7,39.13,16.02351137
9/15/2022,653,653,628.1,630,-3.08,41415,26266552.5,39.13,16.10017889
9/14/2022,635,650,635,650,2.69,18053,11666105,39.13,16.61129568
9/13/2022,635,635,631,633,0.94,21945,13895104.8,39.13,16.17684641
9/12/2022,627,630,626,627.1,-0.46,19410,12162069.6,39.13,16.02606696
9/11/2022,627,634.9,627,630,-0.14,17208,10836637.3,39.13,16.10017889
9/8/2022,640,641,626,630.9,-0.65,29046,18308336.6,39.13,16.12317915
9/7/2022,642,654.8,630,635,-1.23,37836,23985156.5,39.13,16.22795809
9/6/2022,647,647.5,638,642.9,-0.63,10623,6821301.4,39.13,16.42984922
9/5/2022,639,650,639,647,-0.15,19888,12865527.2,39.13,16.53462816
9/4/2022,645.1,652,644.5,648,0.47,21391,13843247,39.13,16.560184
9/2/2022,649.9,650,642,645,0.55,4993,3227492.8,39.13,16.48351648
9/1/2022,638,651,637,641.5,0.5,20303,13073432.1,39.13,16.39407105
8/31/2022,650,650,638.1,638.3,-1.08,27446,17631602.2,39.13,16.31229236
8/30/2022,657,658,645.3,645.3,-0.57,16576,10752450.1,39.13,16.49118324
8/29/2022,645,650,644.1,649,0.45,13292,8596725.9,39.13,16.58573984
8/28/2022,651,655,645.1,646.1,-1.36,45482,29472789.8,39.13,16.51162791
8/26/2022,657,660,652,655,-0.61,18693,12237204,39.13,16.73907488
8/25/2022,665,665.7,659,659,-0.75,33612,22244267.1,39.13,16.84129824
8/24/2022,670,670,661.6,664,0.3,22672,15045337.9,39.13,16.96907743
8/23/2022,667.9,667.9,661,662,-0.15,13142,8705774.5,39.13,16.91796576
8/22/2022,665,665,655,663,-0.6,29684,19656947.9,39.13,16.94352159
8/21/2022,669.9,675,665,667,-0.15,23208,15532671.9,39.13,17.04574495
8/18/2022,661,673,658,668,1.21,29374,19552327.1,39.13,17.07130079
8/17/2022,665,665,657,660,-0.62,39009,25753896,39.13,16.86685408
8/16/2022,679.8,679.8,663.1,664.1,-0.36,59039,39346149.3,39.13,16.97163302
8/15/2022,650,666.5,648,666.5,0.91,66185,43502319.7,39.13,17.03296703
8/14/2022,669,669,657,660.5,-1.27,49791,32910480.1,39.13,16.879632
8/11/2022,665,677,665,669,-0.74,44403,29792160.9,39.13,17.09685663
8/10/2022,680.1,683,665.1,674,-1.89,61587,41625686.1,39.13,17.22463583
8/9/2022,694,695,681,687,-1.01,47705,32747308.5,39.13,17.55686174
8/8/2022,712.9,712.9,686,694,-0.72,47484,33054044.9,39.13,17.73575262
8/7/2022,700,706,695,699,0.5,41323,28874081.3,39.13,17.86353182
8/5/2022,700,704.8,695,695.5,-1.49,33014,23041620,39.13,17.77408638
8/4/2022,719.9,719.9,705,706,-1.26,58366,41331887.3,39.13,18.04242269
8/3/2022,720.2,725,715,715,-0.72,50858,36562734.2,39.13,18.27242525
8/2/2022,730,730,720.2,720.2,-0.25,44090,31879757.1,39.13,18.40531561
8/1/2022,730,730,721,722,-0.41,60754,44154399.8,39.13,18.45131613
7/31/2022,710,731,707,725,2.42,87775,63352657.3,39.13,18.52798364
7/29/2022,712,715,706,707.9,-0.16,30305,21491560.1,39.13,18.09097879
7/28/2022,719.9,719.9,705.1,709,-0.28,75111,53398498.3,39.13,18.11909021
7/27/2022,709,714.9,701,711,0.28,54808,38840191.1,39.13,18.17020189
7/26/2022,731.1,731.1,708,709,-3.01,102412,73394457.6,39.13,18.11909021
7/25/2022,733,734.5,728,731,0.97,101736,74412150.5,39.13,18.68131868
7/24/2022,713,724.9,706,724,1.54,86801,62181450.4,39.13,18.5024278
7/22/2022,724,724.9,712,713,-1.25,47223,33795047.5,39.13,18.22131357
7/21/2022,730,735,719,722,0.84,155068,112262850.6,39.13,18.45131613
7/20/2022,710,720,709,716,0.42,64499,46187074.6,39.13,18.29798109
7/19/2022,709,718,704.1,713,1.42,96528,68800235.5,39.13,18.22131357
7/18/2022,703,704,695,703,0,48670,34068291,39.13,17.96575518
7/17/2022,709.9,709.9,691,703,1.01,64978,45630844.1,39.13,17.96575518
7/15/2022,694,704,688,696,0.29,44293,30796694.2,41.24,16.87681862
7/14/2022,670,697.8,667.1,694,2.06,448553,301886738.5,41.24,16.82832202
7/13/2022,657,680,657,680,3.5,124370,83391813.9,41.24,16.48884578
7/12/2022,648,660,646,657,1.39,53503,35028276.3,41.24,15.93113482
7/11/2022,662,662,640,648,-2.99,134434,87145321.7,41.24,15.7129001
7/8/2022,685,687,664.3,668,-2.48,45733,30725228.8,41.24,16.19786615
7/7/2022,702,710,680,685,-0.58,38738,26611172.3,41.24,16.61008729
7/6/2022,690,693,676.2,689,-0.14,42283,29025276.9,41.24,16.7070805
7/5/2022,704,713,690,690,-1.99,50002,34827117.6,41.24,16.73132881
7/4/2022,720,734,699,704,-1.95,140168,100647859.2,41.24,17.07080504
7/3/2022,690,718,680,718,4.07,99723,68908574.2,41.24,17.41028128
7/1/2022,701,705,687,689.9,-1.26,65273,45132655,41.24,16.72890398
6/30/2022,682,698.7,680,698.7,2.9,51903,35835390.9,41.24,16.94228904
6/29/2022,675,680,664,679,0.97,21950,14830151.4,41.24,16.46459748
6/28/2022,665.1,679,665.1,672.5,-0.81,15590,10475976.6,41.24,16.30698351
6/27/2022,691,693,676,678,-1.17,46048,31489836.4,41.24,16.44034918
6/26/2022,672,686,662,686,4.1,75516,50874300.2,41.24,16.6343356
6/24/2022,648,670,634,659,0.93,31888,20757296.4,41.24,15.97963143
6/23/2022,670,670,646.5,652.9,-2.55,63783,41559492.7,41.24,15.83171678
6/22/2022,685,685,669.5,670,-2.19,36984,24938602.3,41.24,16.24636275
6/21/2022,680,693.6,670.3,685,1.57,46893,31847791.5,41.24,16.61008729
6/20/2022,680,680,671.1,674.4,-1.11,64703,43573844.6,41.24,16.35305529
6/19/2022,699,699,680.2,682,-1.87,47112,32414390.4,41.24,16.53734239
6/17/2022,700,705,690,695,-0.34,32624,22622428.4,41.24,16.85257032
6/16/2022,704,707.9,690,697.4,-0.94,51244,35723383.7,41.24,16.91076625
6/15/2022,717.2,717.2,691.9,704,0.11,63277,44133477.1,41.24,17.07080504
6/14/2022,706,710,701,703.2,-0.89,33384,23532141.3,41.24,17.0514064
6/13/2022,716,716,705,709.5,-0.91,34498,24507678.3,41.24,17.20417071
6/10/2022,730.3,730.3,700,716,0,42734,30241773.5,41.24,17.36178468
6/9/2022,720,731.7,715,716,-0.97,43462,31458526.3,41.24,17.36178468
6/8/2022,700,732,700,723,1.99,58996,42387230.9,41.24,17.53152279
6/7/2022,728,729,700,708.9,-2.49,86403,61188683.2,41.24,17.18962173
6/6/2022,744,746,724,727,-1.62,92806,67694641.6,41.24,17.628516
6/3/2022,745,757,728.1,739,-0.74,84842,62355688,41.24,17.91949564
6/2/2022,760,760,741,744.5,-2.03,87718,65460889.8,41.24,18.0528613
6/1/2022,750,763,748,759.9,0.96,42503,32041704.8,41.24,18.42628516
5/31/2022,770,770,748,752.7,-0.96,71623,53798800.7,41.24,18.25169738
5/30/2022,787.4,787.4,750,760,-1.55,53026,40208618.1,41.24,18.42870999
5/27/2022,785,785,770,772,-1.22,35663,27567460.2,41.24,18.71968962
5/26/2022,790.5,790.5,774,781.5,0.84,22046,17182885.5,41.24,18.9500485
5/25/2022,783,783,770,775,0.91,20264,15717649.5,41.24,18.79243453
5/24/2022,760,773,750,768,0.5,22335,17093132.1,41.24,18.62269641
5/23/2022,785,785,760,764.2,-2.03,38586,29522285.1,41.24,18.53055286
5/20/2022,780,785,776,780,-0.13,14791,11542676.6,41.24,18.91367604
5/19/2022,794,794,777,781,-0.64,29672,23247547.3,41.24,18.93792435
5/18/2022,780,789,771,786,1.42,27047,21033118.7,41.24,19.05916586
5/17/2022,808,814,775,775,-4.08,64901,51032588.1,41.24,18.79243453
5/12/2022,800,819,790.1,808,2.02,69720,55972819.3,41.24,19.59262852
5/11/2022,794,800,785,792,0.89,60355,47844200.8,41.24,19.20465567
5/10/2022,777,785,770,785,1.42,25257,19672533.2,41.24,19.03491756
5/9/2022,780.3,780.3,750,774,1.18,65468,50489591.3,41.24,18.76818623
5/8/2022,751,765,750,765,0.13,48636,36790867.7,41.24,18.5499515
5/5/2022,762,770,747.5,764,-0.97,89146,67361636.7,41.24,18.5257032
5/4/2022,770,773,765.1,771.5,-0.26,23016,17693150.4,41.24,18.70756547
5/2/2022,780,780,767,773.5,-1.09,33499,25833871.4,41.24,18.75606208
4/28/2022,780,790,779,782,0.03,44865,35146477.2,41.24,18.96217265
4/27/2022,773,781.8,770.1,781.8,-0.33,37180,28839572.6,41.24,18.95732299
4/26/2022,785,791,773,784.4,1.08,35741,27903335.3,41.24,19.02036857
4/25/2022,800,800,776,776,-2.51,68468,53867663.6,41.24,18.81668283
4/24/2022,780,800,765,796,4.05,62866,49168270.5,41.24,19.30164888
4/21/2022,770.1,770.1,740,765,1.32,55724,42064704.4,41.24,18.5499515
4/20/2022,775,775,750.8,755,-0.66,66139,50256923.2,41.24,18.30746848
4/19/2022,750,764.8,746,760,1.67,28688,21693263.2,41.24,18.42870999
4/18/2022,756,756,745,747.5,-0.47,32922,24680590.6,41.24,18.12560621
4/17/2022,772.1,772.1,746,751,-0.79,38725,29155508.4,41.24,18.21047527
4/13/2022,748,760,745,757,0.66,51266,38575069.9,41.43,18.27178373
4/12/2022,775,775,745,752,-1.44,44168,33165629.3,41.43,18.15109824
4/11/2022,765,774,740,763,-0.26,91552,68688419,41.43,18.41660632
4/7/2022,750,765,746,765,3.11,51777,38907678,41.43,18.46488052
4/6/2022,750,750,739,741.9,-1.24,52534,38947897.1,41.43,17.90731354
4/5/2022,777.2,777.2,748,751.2,-1.42,69542,52271776.4,41.43,18.13178856
4/4/2022,777.1,777.1,757,762,0.01,19152,14559554.3,41.43,18.39246923
4/3/2022,770,778,756.2,761.9,-0.27,18189,13822827.5,41.43,18.39005552
3/31/2022,772,772,755,764,-0.39,39695,30287300.6,41.43,18.44074342
3/30/2022,758,770,757,767,1.32,29760,22669073,41.43,18.51315472
3/29/2022,756,765,754,757,-0.38,40516,30680927.4,41.43,18.27178373
3/28/2022,761,765,755,759.9,-0.8,37146,28229612.7,41.43,18.34178132
3/27/2022,780,790,766,766,-1.79,67429,52056815.8,41.43,18.48901762
3/24/2022,780,790,769.3,780,-0.64,67523,52208122.2,41.43,18.826937
3/23/2022,780,785,773,785,0.65,108697,84194639.2,41.43,18.9476225
3/22/2022,770,785,770,779.9,0.89,41446,32251559.7,41.43,18.82452329
3/21/2022,775,780,762,773,0.39,47286,36280037.9,41.43,18.65797731
3/20/2022,776,776,764,770,0.26,42001,32221338.6,41.43,18.58556601
3/16/2022,772,778,765,768,-0.52,46676,35928971.2,41.43,18.53729182
3/15/2022,780,781,770,772,-0.77,50282,38972617.4,41.43,18.63384021
3/14/2022,785,789,770,778,-0.51,29363,22858634.1,41.43,18.7786628
3/13/2022,769,790,758,782,3.17,93422,72246417.7,41.43,18.8752112
3/10/2022,760,762,747,758,-0.26,165638,124611575.7,41.43,18.29592083
3/9/2022,785,785,750,760,-1.81,138776,104851922.1,41.43,18.34419503
3/7/2022,770,774.9,747,774,0.78,138577,105027582.7,41.43,18.68211441
3/6/2022,777.2,785,755,768,0.79,36346,27808137.4,41.43,18.53729182
3/2/2022,770,775,760,762,-1.42,76482,58353262.4,41.43,18.39246923
2/28/2022,798,798,771,773,-1.28,55256,42992657.9,41.43,18.65797731
2/27/2022,790,800,777.7,783,-0.89,94586,74506582.6,41.43,18.8993483
2/24/2022,804,804,785,790,-1.74,62153,49201909.5,41.43,19.06830799
2/23/2022,810,810,801,804,-0.5,26347,21165563.7,41.43,19.40622737
2/22/2022,806,815,802,808,0.24,37501,30314745.8,41.43,19.50277577
2/21/2022,808,810,798,806.1,0.37,30102,24132081.9,41.43,19.45691528
2/20/2022,799.7,812,790,803.1,-1.58,58816,47104309.4,41.43,19.38450398
2/17/2022,805,816,804,816,1.12,55936,45273568.4,41.43,19.69587256
2/16/2022,806,815,803,807,0.25,43171,34835752.9,41.43,19.47863867
2/15/2022,805,810,802,805,0,45673,36821646.3,41.43,19.43036447
2/14/2022,811,814,798,805,-0.25,65371,52459382,41.43,19.43036447
2/13/2022,802,811,789,807,-1.34,180844,144338091.7,41.43,19.47863867
2/10/2022,830,839,814,818,-1.21,95660,78333501.4,41.43,19.74414675
2/9/2022,840,840,821,828,-1.08,87317,72331456.2,41.43,19.98551774
2/8/2022,855,872,826,837,-0.71,86778,72856295,41.43,20.20275163
2/7/2022,853,858,839,843,-1.17,59770,50503450.3,41.43,20.34757422
2/6/2022,856,860,845,853,-0.86,72123,61459588.4,41.43,20.58894521
2/3/2022,870,877,860,860.4,-1.1,150826,130653042.5,41.43,20.76755974
2/1/2022,875,883,865,870,-0.23,58118,50707160.6,41.43,20.99927589
1/31/2022,890,890,870.1,872,-1.25,65157,57041932.3,41.43,21.04755008
1/30/2022,876.7,888,872,883,2.72,99204,87055768.7,41.43,21.31305817
1/27/2022,861,869.9,856,859.6,-0.05,56260,48363360.9,41.43,20.74825006
1/26/2022,868,873,856,860,-0.81,109049,93917145.7,41.43,20.7579049
1/25/2022,850,883,845.2,867,0.09,227148,196874184.1,41.43,20.92686459
1/24/2022,900,900,866,866.2,-4.08,419335,367364527.5,41.43,20.90755491
1/23/2022,935,935.3,899,903,-1.53,191997,175263196.5,41.43,21.79580014
1/20/2022,912,920,901.6,917,0.55,116652,106404141.5,41.43,22.13371953
1/19/2022,932.2,932.2,910,912,-0.22,145505,133370636.5,41.43,22.01303403
1/18/2022,900,927,899,914,1.78,207182,190108363.6,41.43,22.06130823
1/17/2022,918,918,893,898,-0.22,111345,100031851.4,41.43,21.67511465
1/16/2022,895,912,882,900,2.21,137916,123808949.3,41.43,21.72338885
1/13/2022,868,890,861,880.5,1.67,94487,83119715.4,39.65,22.20680958
1/12/2022,870,889.5,863,866,0.17,170915,149127990.5,39.65,21.84110971
1/11/2022,870,872,855,864.5,0.52,83864,72545031.1,39.65,21.80327869
1/10/2022,870,879,852,860,-0.82,160045,138215461.9,39.65,21.68978562
1/9/2022,854.7,871,850,867.1,3.47,162594,139935027.2,39.65,21.86885246
1/6/2022,782,839,782,838,5.41,178781,145219148.4,39.65,21.13493064
1/5/2022,819.9,819.9,792,795,-1.58,78208,62536250.3,39.65,20.05044136
1/4/2022,790,813.7,772,807.8,3.04,79587,63193949.7,39.65,20.37326608
1/3/2022,769,788.4,765,784,1.95,78276,61074703.9,39.65,19.77301387
1/2/2022,754.8,773,730,769,3.92,73533,55902252.3,39.65,19.39470366
12/29/2021,726.1,744,725,740,0.27,77201,56817535,39.65,18.66330391
12/28/2021,740,747,730,738,-0.81,43607,32180061.8,39.65,18.61286255
12/27/2021,770,774,744,744,-3.36,65018,49019615.4,39.65,18.76418663
12/26/2021,765,775,760,769.9,1.3,70760,54269788.7,39.65,19.41740227
12/23/2021,767,767,749,760,1.06,53583,40522914,39.65,19.16771753
12/22/2021,745,756,735,752,2.84,54868,41121360.3,39.65,18.96595208
12/21/2021,735,736,722,731.2,1.27,30657,22326546.5,39.65,18.44136192
12/20/2021,748.6,748.6,720,722,-1.63,50222,36349240.5,39.65,18.20933165
12/16/2021,736.5,736.5,721,734,0.27,28600,20773760.7,39.65,18.51197982
12/15/2021,754,767,725,732,-1.01,69145,50800581.5,39.65,18.46153846
12/14/2021,723,739.5,716,739.5,4.3,18561,13500800.4,39.65,18.65069357
12/13/2021,712,722,701,709,-2.21,70526,50097353.6,39.65,17.8814628
12/12/2021,748,748,722,725,-2.37,53496,38970096.6,39.65,18.28499369
12/9/2021,746,756,740,742.6,-0.85,50635,37739128.1,39.65,18.72887768
12/8/2021,760,760,742,749,-2.22,45768,34233274.4,39.65,18.89029004
12/7/2021,790,795.2,765,766,-2.67,48358,37532023.9,39.65,19.31904161
12/6/2021,760,787,745,787,2.88,68582,52360864.2,39.65,19.84867591
12/5/2021,785,785,758.6,765,-2.92,73387,56446886.2,39.65,19.29382093
12/2/2021,805,805,780,788,-2.09,114952,90738112.7,39.65,19.8738966
12/1/2021,800,822,800,804.8,-0.64,25231,20342583.8,39.65,20.29760404
11/30/2021,813.8,813.8,790,810,1.25,94516,75387304.7,39.65,20.42875158
11/29/2021,824,825,797,800,-2.08,73172,59002359.8,39.65,20.17654477
11/28/2021,835,835,813,817,-2.97,66398,54348808.4,39.65,20.60529634
11/25/2021,825,843,825,842,1.32,81644,68455000.1,39.65,21.23581337
11/24/2021,836,836,821.7,831,-0.6,96252,79467348.9,39.65,20.95838588
11/23/2021,850,856,825,836,-1.65,64274,53372258,39.65,21.08448928
11/22/2021,855,860,832.1,850,1.19,38185,32333813.5,39.65,21.43757881
11/21/2021,870,870,836,840,-1.64,51751,43475291.1,39.65,21.18537201
11/18/2021,874,874,845.9,854,-2.4,86241,73799771.5,39.65,21.53846154
11/17/2021,880,897,862,875,0.57,143618,125718149.7,39.65,22.06809584
11/16/2021,825,870,820,870,5.47,104559,88602632.6,39.65,21.94199243
11/15/2021,817,833,817,824.9,-0.07,46501,38379665.7,39.65,20.80453972
11/14/2021,825,835,813.1,825.5,0.18,40711,33613694.6,39.65,20.81967213
11/11/2021,825.1,841.5,824,824,-1.79,60792,50322602.8,39.65,20.78184111
11/9/2021,860,860,830,839,-1.99,100951,84606433.9,39.65,21.16015132
11/8/2021,860,880,856,856,-1.6,53173,46062799,39.65,21.5889029
11/3/2021,886,886,866,869.9,0.1,62379,54281106.6,39.65,21.93947037
11/2/2021,890,890,865,869,-0.57,62963,54933045.2,39.65,21.91677175
11/1/2021,910,910,870,874,-2.13,133727,118720635.4,39.65,22.04287516
10/31/2021,871,902.1,856,893,2.53,222689,197009125.6,39.65,22.5220681
10/28/2021,870,876,855,871,0.11,199592,172354595.5,39.65,21.96721311
10/27/2021,830,873.2,826,870,3.94,230090,196152010.9,39.65,21.94199243
10/26/2021,819.3,841.5,790,837,0.12,299356,245515360.9,39.65,21.10970996
10/25/2021,832,841,820,836,0.72,70258,58460911,39.65,21.08448928
10/24/2021,800,835,799,830,2.72,113978,93518834,39.65,20.9331652
10/21/2021,795,809.8,794.1,808,0.75,61630,49396317.2,39.65,20.37831021
10/20/2021,806,821,795,802,1.39,58775,47229004.6,39.65,20.22698613
10/19/2021,818,819,785,791,-4.7,110546,88183538.7,39.65,19.94955864
10/18/2021,849,849,816,830,-2.24,62559,51815862.8,39.65,20.9331652
10/17/2021,845,850,830.5,849,1.07,34196,28794111.3,28.81,29.4689344
10/11/2021,850,850,833.5,840,-1.18,40240,33709578.6,28.81,29.15654287
10/10/2021,873,873,845.2,850,-0.93,55797,47629038.7,28.81,29.50364457
10/6/2021,855,865,848,858,0.94,54341,46570040.5,28.81,29.78132593
10/5/2021,850,854.9,842,850,0,39369,33449585.5,28.81,29.50364457
10/4/2021,849.1,858,833,850,0.11,94801,80190532.4,28.81,29.50364457
10/3/2021,850.1,860,844,849.1,-1.6,88933,75541858,28.81,29.47240541
9/30/2021,865,872.1,848,862.9,-0.24,82748,70901318.7,28.81,29.95140576
9/29/2021,872.1,872.1,845,865,0.7,89368,76406583,28.81,30.02429712
9/28/2021,865,880,851,859,-1.26,169341,145471114.6,28.81,29.8160361
9/27/2021,884,890,866,870,-1.58,66203,57630425.7,28.81,30.19784797
9/26/2021,920,920,882,884,-2,93082,82935286.8,28.81,30.68379035
9/23/2021,907.8,915,887,902,1.35,218766,196539332,28.81,31.30857341
9/22/2021,887,899,881,890,2.3,72519,64485530.5,28.81,30.89205137
9/21/2021,858,887,850,870,-0.58,173627,151015955.1,28.81,30.19784797
9/20/2021,897.1,897.1,875,875.1,-2.44,171670,151067766.3,28.81,30.37486984
9/16/2021,930.2,930.2,890.1,897,-1.64,161004,144001114.9,28.81,31.13502256
9/15/2021,920,924,903,912,-0.77,96697,88062455.2,28.81,31.65567511
9/14/2021,943,943,918.3,919.1,-0.85,168837,157326567.2,28.81,31.90211732
9/13/2021,923,955,907,927,2.32,299759,277871504.6,28.81,32.17632766
9/12/2021,900,907,880.2,906,1.68,130358,116607909.6,28.81,31.44741409
9/9/2021,900,901,885,891,-0.45,93559,83509331.1,28.81,30.92676154
9/8/2021,907,907,885,895,-1.32,104324,92806736.7,28.81,31.06560222
9/7/2021,939,939,895,907,-2.37,97523,88439398.2,28.81,31.48212426
9/6/2021,880,937,880,929,4.03,218544,198134536.8,28.81,32.245748
9/5/2021,905.6,905.6,876,893,-1.38,130256,115898506.1,28.81,30.99618188
9/2/2021,912,918,898,905.5,-0.71,127440,115410920.2,28.81,31.43005901
9/1/2021,920,927,905.1,912,-0.22,104201,95293840.6,28.81,31.65567511
8/31/2021,938,938,903,914,-0.65,159777,145836118.5,28.81,31.72509545
8/29/2021,955,955,918,920,-1.8,136304,126170905,28.81,31.93335647
8/26/2021,957,958,933,936.9,-0.33,173201,162590883.2,28.81,32.51995835
8/25/2021,970,970,935,940,-1.16,158222,149460937,28.81,32.62755988
8/24/2021,985,986,950,951,-1.86,141517,135903157.3,28.81,33.00937175
8/19/2021,1004,1004,966,969,-2.61,266456,259187103.7,28.81,33.63415481
8/18/2021,988,998.5,960,995,2.26,223612,218317865.9,28.81,34.53661923
8/17/2021,988.5,991,970.1,973,-1.52,206972,202285744.2,28.81,33.77299549
8/16/2021,1004,1004,986,988,-1.59,363653,360524556.3,28.81,34.29364804
8/15/2021,1013.4,1030,980,1004,-2.9,336814,338783637.5,28.81,34.84901076
8/12/2021,1032,1040,1028,1034,0.19,143592,148639893.1,28.81,35.89031586
8/11/2021,1051,1066,1027.5,1032,-1.43,89806,93133837.8,28.81,35.82089552
8/10/2021,1020,1067.9,1017,1047,2.85,147195,152817399.3,28.81,36.34154807
8/9/2021,1035,1035,1017,1018,-0.97,102873,105236548.7,28.81,35.33495314
8/8/2021,1039,1039,1026,1028,0.19,66300,68170084.5,28.81,35.68205484
8/5/2021,1026,1035,1025,1026,0.03,87494,89952537.9,28.81,35.6126345
8/4/2021,1048,1048,1024,1025.7,-0.19,119270,122494607,28.81,35.60222145
8/3/2021,1027,1035,1023,1027.7,0.17,84712,87034798.3,28.81,35.67164179
8/2/2021,1040,1040,1020,1026,-0.38,113315,116624601.5,28.81,35.6126345
8/1/2021,1045,1048,1026.2,1029.9,-0.59,113061,116551286.2,28.81,35.74800417
7/29/2021,1022,1054,1022,1036,-0.58,124985,129674876.8,28.81,35.9597362
7/28/2021,1060,1072,1041,1042,-1.14,99689,104483617.1,28.81,36.16799722
7/27/2021,1032,1071,1012,1054,0.09,474075,491550755.1,28.81,36.58451926
7/26/2021,1080,1085,1046,1053,-1.86,316542,334165575,28.81,36.54980909
7/25/2021,1040,1085,1040,1073,3.77,316583,338045351.1,28.81,37.2440125
7/22/2021,1032,1045,1011,1034,0.23,349971,360448446.4,28.81,35.89031586
7/20/2021,1060,1060,1030,1031.6,-1.28,226606,234969913.7,28.81,35.80701145
7/19/2021,1080,1083,1036,1045,-1.88,335938,354166044.7,28.81,36.27212773
7/18/2021,1007,1070,1001,1065,7.14,342114,353582977.8,28.81,36.96633114
7/15/2021,980,999,970,994,1.95,334226,331144206,34.87,28.50587898
7/14/2021,975,980,959,975,0.21,127034,122843689,34.87,27.96099799
7/13/2021,960,977,954,973,1.78,205796,199519891,34.87,27.9036421
7/12/2021,970,981,952,956,-0.83,361409,349159930,34.87,27.41611701
7/11/2021,935,975,930,964,4.1,419084,399611595,34.87,27.64554058
7/8/2021,920,935,914,926,1.09,181363,167964515,34.87,26.55577861
7/7/2021,925,925,914,916,0,113264,104038872,34.87,26.26899914
7/6/2021,913,920,910,916,0.66,69482,63552091,34.87,26.26899914
7/5/2021,920,920,910,910,-0.87,91023,83011752,34.87,26.09693146
7/4/2021,911,925,910,918,0.77,132415,121094668,34.87,26.32635503
7/1/2021,915,918,908,911,-0.44,116472,106188661,34.87,26.12560941
6/30/2021,910,918,903,915,0,85224,77500440,34.87,26.24032119
6/29/2021,945,945,914,915,-2.14,137194,126569590,34.87,26.24032119
6/28/2021,921,952,915,935,2.07,536806,502517613,34.87,26.81388013
6/27/2021,940,940,882,916,2.23,212905,194071091,34.87,26.26899914
6/24/2021,893,907,890,896,0.34,144591,129767398,34.87,25.69544021
6/23/2021,905,905,892,893,-1.33,120895,108290298,34.87,25.60940637
6/22/2021,885,907,881,905,2.49,176117,157474375,34.87,25.95354173
6/21/2021,894,898,882,883,-1.12,145331,128703294,34.87,25.3226269
6/20/2021,901,910,890,893,-0.89,135627,121627138,34.87,25.60940637
6/17/2021,900,907,898,901,0.11,139278,125408845,34.87,25.83882994
6/16/2021,906,922,899,900,-0.55,84534,76497524,34.87,25.81015199
6/15/2021,920,921,901,905,-0.55,153136,139272494,34.87,25.95354173
6/14/2021,910,935,901,910,0.89,203503,186173923,34.87,26.09693146
6/13/2021,912,912,897,902,-0.55,203447,183443473,34.87,25.86750789
6/10/2021,900,920,900,907,-0.77,151038,136763715,34.87,26.01089762
6/9/2021,925,932,913,914,-0.22,147331,135524828,34.87,26.21164325
6/8/2021,920,928,902,916,0.88,214151,195694484,34.87,26.26899914
6/7/2021,945,945,904,908,-2.16,257985,236395807,34.87,26.03957557
6/6/2021,925,950,921,928,1.09,250508,234188122,34.87,26.6131345
6/3/2021,905,935,905,918,2,246324,226675641,34.87,26.32635503
6/2/2021,905,905,896,900,-0.44,86849,78267565,34.87,25.81015199
6/1/2021,900,907,895,904,0.22,118739,106971145,34.87,25.92486378
5/31/2021,913,929,902,902,-0.55,169234,154299294,34.87,25.86750789
5/30/2021,950,950,890,907,0.22,121910,110808732,34.87,26.01089762
5/27/2021,895,912,893,905,-0.55,137867,124546859,34.87,25.95354173
5/25/2021,925,925,906,910,-1.41,115162,105172902,34.87,26.09693146
5/24/2021,940,950,918,923,-2.64,194943,181575354,34.87,26.46974477
5/23/2021,906,948,895,948,4.64,160448,145256184,34.87,27.18669343
5/20/2021,906,918,905,906,0.11,58888,53585386,34.87,25.98221967
5/19/2021,919,919,900,905,0,91053,82870378,34.87,25.95354173
5/18/2021,890,908,890,905,-0.22,78733,71038099,34.87,25.95354173
5/17/2021,909,913,900,907,0.44,82122,74465621,34.87,26.01089762
5/16/2021,900,904,895,903,1.57,72541,65268190,34.87,25.89618583
5/13/2021,925,925,887,889,0.23,40349,35862308,34.87,25.49469458
5/12/2021,936,936,885,887,-0.56,53176,47311457,34.87,25.43733869
5/11/2021,892,901,891,892,0,68098,60953762,34.87,25.58072842
5/10/2021,880,895,880,892,0.9,44848,39881086,34.87,25.58072842
5/9/2021,886,893,877,884,-0.23,65133,57681275,34.87,25.35130485
5/6/2021,890,891,882,886,-0.11,60231,53348096,34.87,25.40866074
5/5/2021,869,900,869,887,-0.34,72643,64604836,34.87,25.43733869
5/4/2021,900,900,890,890,-0.89,73877,66004723,34.87,25.52337253
5/3/2021,910,914,897,898,-0.66,100965,91164993,34.87,25.7527961
5/2/2021,900,909,895,904,0.78,110099,99232668,34.87,25.92486378
4/29/2021,943,943,895,897,-0.22,82739,74459623,34.87,25.72411815
4/28/2021,930,930,896,899,-1.53,125316,113313943,34.87,25.78147405
4/27/2021,848,916,848,913,2.35,127941,116258142,34.87,26.1829653
4/26/2021,953,953,874,892,-1.76,181784,163235297,34.87,25.58072842
4/25/2021,925,925,900,908,-1.52,226128,205630372,34.87,26.03957557
4/22/2021,934,934,907,922,0.11,121770,112193022,34.87,26.44106682
4/21/2021,943,943,920,921,-2.02,130573,121185556,34.87,26.41238887
4/20/2021,943,959,930,940,-0.84,120526,113834379,34.87,26.95726986
4/19/2021,960,963,935,948,-1.56,201971,191837906,34.87,27.18669343
4/18/2021,1027,1027,960,963,-1.63,272250,263897730,34.87,27.61686263
4/15/2021,979,998,970,979,0.93,331555,326280944,34.87,28.07570978
4/13/2021,960,971,948,970,2.21,254036,243579795,35.73,27.14805486
4/12/2021,921,949,915,949,3.38,267210,250718476,35.73,26.56031346
4/8/2021,938,938,907,918,-0.22,99242,91263678,35.73,25.69269521
4/7/2021,936,936,912,920,0.22,132663,122144915,35.73,25.74867058
4/6/2021,959,959,901,918,0.44,111261,102128590,35.73,25.69269521
4/5/2021,954,954,914,914,-0.76,163192,150161129,35.73,25.58074447
4/4/2021,920,929,912,921,1.54,206169,189858846,35.73,25.77665827
4/1/2021,910,910,899,907,0.44,168392,152513129,35.73,25.38483067
3/31/2021,900,910,875,903,3.56,154542,139026138,35.73,25.27287993
3/30/2021,875,875,870,872,0,100427,87598993,35.73,24.40526168
3/29/2021,871,880,867,872,0,36653,31975515,35.73,24.40526168
3/25/2021,890,890,870,872,-0.8,50778,44507443,35.73,24.40526168
3/24/2021,880,886,877,879,0.23,60092,52898335,35.73,24.60117548
3/23/2021,872,880,872,877,-0.45,48299,42370753,35.73,24.54520011
3/22/2021,909,909,876,881,-1.34,69309,61288960,35.73,24.65715085
3/21/2021,878,894,870,893,2.41,116839,103370221,35.73,24.99300308
3/18/2021,861,879,860,872,0.81,84339,73674975,35.73,24.40526168
3/17/2021,865,874,854,865,0.58,66842,57867774,35.73,24.20934789
3/16/2021,842,867,842,860,0.58,102391,87796892,35.73,24.06940946
3/15/2021,901,901,840,855,-0.47,147770,125772248,35.73,23.92947103
3/14/2021,875,875,843,859,-0.81,135716,116011509,35.73,24.04142177
3/10/2021,912,912,861,866,-0.35,54313,47028820,35.73,24.23733557
3/9/2021,880,880,866,869,-1.03,80802,70327704,35.73,24.32129863
3/7/2021,910,910,875,878,-1.68,101323,89260873,35.73,24.5731878
3/4/2021,913,913,870,893,2.64,177944,158489261,35.73,24.99300308
3/3/2021,866,876,853,870,-1.14,247185,213430515,35.73,24.34928631
3/2/2021,909,909,862,880,-1.35,203295,177935664,35.73,24.62916317
3/1/2021,927,927,861,892,1.02,202862,180548802,35.73,24.96501539
2/28/2021,900,900,878,883,-2.43,277409,246009545,35.73,24.71312622
2/25/2021,966,966,900,905,-1.63,224463,204046702,35.73,25.3288553
2/24/2021,940,955,915,920,-0.54,220278,204754832,35.73,25.74867058
2/23/2021,920,925,893,925,0.76,361039,328050381,35.73,25.88860901
2/22/2021,951,951,914,918,-3.87,410509,382475253,35.73,25.69269521
2/21/2021,1000,1000,944,955,-0.83,320881,306677360,35.73,26.72823957
2/18/2021,923,983,923,963,4.33,587795,560108357,35.73,26.95214106
2/17/2021,930,935,911,923,-0.11,205348,189119982,35.73,25.83263364
2/16/2021,930,940,911,924,0.76,363939,336765156,35.73,25.86062133
2/15/2021,890,921,886,917,4.56,448841,406903392,35.73,25.66470753
2/14/2021,900,900,875,877,-1.35,171612,152198279,35.73,24.54520011
2/11/2021,888,920,880,889,0.57,230138,206767415,35.73,24.88105234
2/10/2021,888,895,878,884,-0.45,108250,95773858,35.73,24.74111391
2/9/2021,900,905,880,888,-0.11,256674,229162568,35.73,24.85306465
2/8/2021,880,899,874,889,1.72,230184,204897108,35.73,24.88105234
2/7/2021,877,880,869,874,-0.34,124789,109051358,35.73,24.46123706
2/4/2021,882,882,870,877,-0.57,139753,122179919,35.73,24.54520011
2/3/2021,850,915,850,882,-0.68,157512,139831827,35.73,24.68513854
2/2/2021,899,899,861,888,3.62,188825,165623996,35.73,24.85306465
2/1/2021,877,877,855,857,-0.35,206175,177559080,35.73,23.9854464
1/31/2021,875,880,858,860,-1.71,356920,308720078,35.73,24.06940946
1/28/2021,892,895,868,875,-2.02,325484,286009671,35.73,24.48922474
1/27/2021,902,902,888,893,-0.78,158020,141476515,35.73,24.99300308
1/26/2021,909,915,897,900,-0.77,154147,139252770,35.73,25.18891688
1/25/2021,929,929,880,907,2.49,330776,297641533,35.73,25.38483067
1/24/2021,899,905,880,885,-0.23,234231,208206323,35.73,24.7691016
1/21/2021,890,901,885,887,-0.22,181625,161635844,35.73,24.82507697
1/20/2021,905,905,885,889,-1.22,205128,182867884,35.73,24.88105234
1/19/2021,951,951,895,900,-0.66,223860,202001414,35.73,25.18891688
1/18/2021,902,935,896,906,0.55,223189,202442747,35.73,25.35684299
1/17/2021,925,925,896,901,-1.21,254035,229024879,35.73,25.21690456
1/13/2021,925,936,907,912,-0.65,174132,159386980,42.14,21.64214523
1/12/2021,930,950,907,918,0.33,135414,123833420,42.14,21.78452776
1/11/2021,945,963,912,915,-1.29,176512,163009521,42.14,21.7133365
1/10/2021,910,935,910,927,2.09,194033,179425191,42.14,21.99810157
1/7/2021,893,916,890,908,1.79,250027,226100607,42.14,21.54722354
1/6/2021,898,899,882,892,1.02,110605,98268937,42.14,21.16753678
1/5/2021,890,899,880,883,-1.01,184653,163977774,42.14,20.95396298
1/4/2021,908,913,885,892,-0.78,234042,210570290,42.14,21.16753678
1/3/2021,895,908,892,899,1.93,304366,273796779,42.14,21.33364974
12/31/2020,875,898,870,882,1.38,304296,270011444,42.14,20.93023256
12/30/2020,842,881,835,870,3.33,370286,322365443,42.14,20.64546749
12/29/2020,854,863,840,842,-1.41,176925,150659167,42.14,19.98101566
12/28/2020,809,854,801,854,5.43,359860,300668927,42.14,20.26578073
12/27/2020,827,836,805,810,-2.06,329040,268546584,42.14,19.22164215
12/24/2020,863,863,813,827,-2.93,390680,322553517,42.14,19.62505933
12/23/2020,896,920,825,852,-0.23,381481,330372542,42.14,20.21831989
12/22/2020,815,854,814,854,9.91,555811,468134172,42.14,20.26578073
12/21/2020,707,777,699,777,9.9,605883,448081210,42.14,18.43853821
12/20/2020,690,749,671,707,2.46,674434,479739945,42.14,16.77740864
12/17/2020,665,699,665,690,3.14,349388,238611164,42.14,16.37399146
12/16/2020,700,700,665,669,-0.45,170003,113945815,42.14,15.87565259
12/15/2020,680,680,667,672,0.75,284988,191974002,42.14,15.94684385
12/14/2020,663,673,648,667,2.62,337934,223504525,42.14,15.82819174
12/13/2020,620,652,620,650,5.52,236248,151067309,42.14,15.42477456
12/10/2020,612,621,608,616,0.65,104431,64388391,42.14,14.6179402
12/9/2020,625,626,611,612,-2.24,127221,78568575,42.14,14.52301851
12/8/2020,664,664,625,626,-1.11,128039,80747408,42.14,14.85524442
12/7/2020,623,636,620,633,1.61,148276,93158756,42.14,15.02135738
12/6/2020,632,644,623,623,-3.26,158242,100157792,42.14,14.78405316
12/3/2020,660,660,637,644,-1.38,141764,91700630,42.14,15.28239203
12/2/2020,635,688,630,653,3.32,199988,129755038,42.14,15.49596583
12/1/2020,646,655,630,632,-2.32,170189,108430082,42.14,14.99762696
11/30/2020,680,692,644,647,-1.97,193860,128146664,42.14,15.35358329
11/29/2020,638,678,626,660,5.77,311229,200999777,42.14,15.66207879
11/26/2020,648,650,623,624,-1.58,235735,149333909,42.14,14.80778358
11/25/2020,610,640,605,634,8.91,309672,192996761,42.14,15.0450878
11/24/2020,720,720,687,697,1.46,538774,373386505,42.14,16.54010441
11/23/2020,695,699,686,687,-0.58,214571,147975808,42.14,16.30280019
11/22/2020,674,694,671,691,3.13,259501,178025620,42.14,16.39772188
11/19/2020,675,683,664,670,0,232275,156080501,42.14,15.89938301
11/18/2020,649,675,644,670,4.04,274516,181227572,42.14,15.89938301
11/12/2020,650,650,635,644,0.31,212901,137176113,42.14,15.28239203
11/11/2020,620,645,620,642,3.72,246848,156590427,42.14,15.23493118
11/10/2020,620,624,617,619,0.16,95856,59488516,42.14,14.68913147
11/9/2020,622,623,617,618,-0.16,66336,41074321,42.14,14.66540104
11/8/2020,620,622,617,619,0.16,78936,48795948,42.14,14.68913147
11/5/2020,620,621,616,618,-0.16,86880,53670034,42.14,14.66540104
11/4/2020,620,621,615,619,0,61952,38399020,42.14,14.68913147
11/3/2020,618,623,615,619,0.16,134689,83448967,42.14,14.68913147
11/2/2020,618,624,617,618,-0.64,109064,67605201,42.14,14.66540104
11/1/2020,620,629,613,622,0.32,173339,107746680,42.14,14.76032273
10/29/2020,625,629,617,620,0.49,190125,118199396,42.14,14.71286189
10/28/2020,610,618,605,617,1.98,139393,85420572,42.14,14.64167062
10/22/2020,615,615,600,605,0,162894,98569835,42.14,14.35690555
10/21/2020,610,634,602,605,4.13,399513,242957807,42.14,14.35690555
10/20/2020,580,582,575,581,0.69,35260,20398867,42.14,13.78737542
10/19/2020,575,579,574,577,0.87,17751,10218697,42.14,13.69245373
10/18/2020,585,585,572,572,-1.04,28061,16125361,42.14,13.57380161
10/15/2020,607,607,577,578,-0.17,40608,23500343,32.12,17.99501868
10/14/2020,587,587,575,579,0,32158,18576483,32.12,18.02615193
10/13/2020,585,591,578,579,-0.17,49233,28571498,32.12,18.02615193
10/12/2020,580,587,575,580,1.05,87414,50811628,32.12,18.05728518
10/11/2020,575,582,571,574,0.17,73636,42495821,32.12,17.87048568
10/8/2020,582,589,571,573,-0.35,52226,30106899,32.12,17.83935243
10/7/2020,576,577,572,575,0.17,66003,37901911,32.12,17.90161893
10/6/2020,580,580,574,574,-0.52,42913,24711183,32.12,17.87048568
10/5/2020,589,589,577,577,-0.52,54309,31460298,32.12,17.96388543
10/4/2020,579,588,579,580,0.17,66773,38908296,32.12,18.05728518
10/1/2020,575,582,571,579,1.4,73645,42485200,32.12,18.02615193
9/30/2020,601,601,569,571,-0.35,60813,34712402,32.12,17.77708593
9/29/2020,579,579,570,573,-1.04,58385,33567560,32.12,17.83935243
9/28/2020,584,584,578,579,-0.17,46486,26926505,32.12,18.02615193
9/27/2020,607,607,575,580,0.17,48614,28176460,32.12,18.05728518
9/24/2020,606,606,576,579,0.17,37060,21411162,32.12,18.02615193
9/23/2020,573,581,572,578,0.17,33384,19300947,32.12,17.99501868
9/22/2020,590,590,576,577,-2.04,72466,42030248,32.12,17.96388543
9/21/2020,610,610,584,589,-0.51,54931,32330319,32.12,18.33748443
9/20/2020,598,604,591,592,0.34,81497,48543911,32.12,18.43088418
9/17/2020,580,593,577,590,1.9,115847,67976260,32.12,18.36861768
9/16/2020,581,582,575,579,-0.34,43649,25294614,32.12,18.02615193
9/15/2020,587,590,580,581,-1.36,46177,26935587,32.12,18.08841843
9/14/2020,594,595,584,589,0.34,70052,41300654,32.12,18.33748443
9/13/2020,576,587,574,587,1.91,93975,54454975,32.12,18.27521793
9/10/2020,580,586,576,576,-0.17,48020,27784179,32.12,17.93275218
9/9/2020,577,582,571,577,-0.35,62944,36211349,32.12,17.96388543
9/8/2020,575,582,570,579,0.35,49349,28420867,32.12,18.02615193
9/7/2020,591,592,576,577,-1.87,72833,42301810,32.12,17.96388543
9/6/2020,624,624,582,588,-1.18,114541,68001260,32.12,18.30635118
9/3/2020,611,611,588,595,-0.67,68906,41055799,32.12,18.52428394
9/2/2020,598,604,592,599,1.7,192770,115280845,32.12,18.64881694
8/31/2020,590,600,581,589,1.38,169903,99948299,32.12,18.33748443
8/30/2020,584,587,579,581,-1.19,44108,25697993,32.12,18.08841843
8/27/2020,600,600,586,588,-0.34,140837,83147088,32.12,18.30635118
8/26/2020,579,600,577,590,2.43,176951,104096076,32.12,18.36861768
8/25/2020,574,581,573,576,0.35,94522,54560311,32.12,17.93275218
8/24/2020,570,579,568,574,1.59,99698,57114758,32.12,17.87048568
8/23/2020,558,571,557,565,0.89,23761,13355996,32.12,17.59028643
8/20/2020,554,564,554,560,1.08,15745,8802927,32.12,17.43462017
8/19/2020,555,563,553,554,-1.95,59039,32937891,32.12,17.24782067
8/18/2020,566,570,562,565,-0.18,43780,24778667,32.12,17.59028643
8/17/2020,569,569,562,566,0,37723,21324794,32.12,17.62141968
8/16/2020,575,575,560,566,-1.91,71817,40710911,32.12,17.62141968
8/13/2020,570,583,570,577,0.52,120252,69327182,32.12,17.96388543
8/12/2020,580,580,564,574,0.35,67657,38750468,32.12,17.87048568
8/11/2020,576,582,570,572,-0.35,74503,42842248,32.12,17.80821918
8/10/2020,556,576,550,574,3.8,128478,72588920,32.12,17.87048568
8/9/2020,548,555,538,553,0.91,49047,26824170,32.12,17.21668742
8/6/2020,545,551,537,548,-0.36,73572,39961020,32.12,17.06102117
8/5/2020,549,553,542,550,-1.08,89373,48883304,32.12,17.12328767
8/3/2020,550,560,544,556,0.72,93087,51551768,32.12,17.31008717
8/2/2020,566,566,552,552,-3.16,125621,69926352,32.12,17.18555417
7/30/2020,570,577,565,570,0,89310,50944684,32.12,17.74595268
7/29/2020,577,579,570,570,-1.72,155181,88824144,32.12,17.74595268
7/28/2020,585,592,579,580,-1.36,96294,56270044,32.12,18.05728518
7/27/2020,600,605,586,588,-1.01,101036,60092796,32.12,18.30635118
7/26/2020,585,598,580,594,2.59,146673,86186248,32.12,18.49315068
7/23/2020,580,582,569,579,-0.17,102536,58964872,32.12,18.02615193
7/22/2020,587,600,578,580,-1.19,121795,71304520,32.12,18.05728518
7/21/2020,600,604,580,587,-1.34,193137,114425616,32.12,18.27521793
7/20/2020,658,671,584,595,-5.1,288033,174873312,32.12,18.52428394
7/19/2020,581,627,581,627,10,1111,688541,32.12,19.52054795
7/16/2020,563,571,557,570,3.07,100312,56821672,32.12,17.74595268
7/15/2020,540,555,539,553,3.75,189465,104025576,34.68,15.94579008
7/14/2020,541,541,518,533,3.29,90120,47642408,34.68,15.36908881
7/13/2020,510,518,509,516,1.18,91574,47152176,34.68,14.87889273
7/12/2020,511,515,506,510,1.59,88061,44875952,34.68,14.70588235
7/9/2020,502,509,496,502,-0.59,69253,34828596,34.68,14.47520185
7/8/2020,503,515,500,505,-0.98,35217,17868522,34.68,14.56170704
7/7/2020,499,517,499,510,2.2,72828,37111024,34.68,14.70588235
7/6/2020,491,500,480,499,1.84,35198,17367168,34.68,14.38869666
7/5/2020,480,502,472,490,1.03,64804,31600816,34.68,14.12918108
7/2/2020,530,530,473,485,-7.62,44886,21832356,34.68,13.98500577
7/1/2020,514,534,514,525,3.75,33967,17874578,34.68,15.1384083
6/30/2020,462,510,462,506,7.89,10579,5219061,34.68,14.5905421
6/29/2020,459,459,422,469,-4.27,75742,32927742,34.68,13.52364475
5/13/2020,473,473,468,468,-2.9,60,28130,34.68,13.49480969
5/12/2020,487,487,482,482,-2.82,95,45840,34.68,13.89850058
3/22/2020,500,510,488,496,-2.55,22489,11139985,41.61,11.92021149
3/19/2020,498,515,482,509,1.39,192055,96542560,41.61,12.23263639
3/18/2020,511,518,491,502,-1.18,166700,83345064,41.61,12.06440759
3/17/2020,522,522,501,508,-2.68,197047,100701960,41.61,12.2086037
3/16/2020,518,531,511,522,0.77,246391,128164968,41.61,12.54506128
3/15/2020,545,547,518,518,-5.82,215664,114696264,41.61,12.44893055
3/12/2020,564,569,545,550,-3,210135,116385680,41.61,13.21797645
3/11/2020,520,569,520,567,7.79,265635,146653792,41.61,13.62653208
3/10/2020,564,564,526,526,-8.52,149878,82055112,41.61,12.64119202
3/5/2020,588,589,560,575,-0.35,168687,96806016,41.61,13.81879356
3/4/2020,608,610,577,577,-5.1,220724,130103504,41.61,13.86685893
3/3/2020,591,621,579,608,0.83,305633,183699664,41.61,14.61187215
3/2/2020,639,639,600,603,-5.63,236109,146152144,41.61,14.49170872
3/1/2020,670,680,636,639,-3.18,334054,218894992,41.61,15.35688536
2/27/2020,605,663,587,660,8.2,330732,205946512,41.61,15.86157174
2/26/2020,603,615,595,610,2.52,166838,101202808,41.61,14.65993752
2/25/2020,588,598,575,595,0.17,153538,90755856,41.61,14.29944725
2/24/2020,607,619,590,594,-0.34,174260,104420808,41.61,14.27541456
2/23/2020,556,602,556,596,7.58,159238,92857400,41.61,14.32347993
2/20/2020,548,554,548,554,1.28,106954,58865288,41.61,13.31410719
2/19/2020,550,553,543,547,-0.18,109712,59966376,41.61,13.14587839
2/18/2020,544,558,540,548,1.67,194043,106515664,41.61,13.16991108
2/17/2020,513,545,513,539,5.48,164128,87533288,41.61,12.95361692
2/16/2020,503,511,502,511,1.59,78765,39781844,41.61,12.28070175
2/13/2020,507,509,500,503,-0.98,99381,50136348,41.61,12.08844028
2/12/2020,505,510,504,508,0.99,123088,62453848,41.61,12.2086037
2/11/2020,497,505,490,503,3.07,228218,113879472,41.61,12.08844028
2/10/2020,483,489,482,488,1.04,73372,35573328,41.61,11.72795001
2/9/2020,481,490,478,483,0.42,71613,34623532,41.61,11.60778659
2/6/2020,483,485,479,481,-0.21,66736,32138168,41.61,11.55972122
2/5/2020,500,500,480,482,0.21,45781,22094590,41.61,11.58375391
2/4/2020,488,489,481,481,-1.43,63839,31011132,41.61,11.55972122
2/3/2020,495,496,487,488,-0.81,71812,35184108,41.61,11.72795001
2/2/2020,484,493,482,492,2.5,128887,62995688,41.61,11.82408075
1/30/2020,471,483,470,480,2.13,65696,31360788,41.61,11.53568854
1/29/2020,478,478,469,470,-1.05,31065,14690851,41.61,11.29536169
1/28/2020,475,480,474,475,0.85,42456,20258112,41.61,11.41552511
1/27/2020,465,474,464,471,0.86,57507,27049862,41.61,11.31939438
1/26/2020,472,475,466,467,-1.06,63904,29986306,41.61,11.22326364
1/23/2020,485,485,470,472,-1.26,55322,26240792,41.61,11.34342706
1/22/2020,490,490,477,478,-0.83,61558,29577488,41.61,11.48762317
1/21/2020,488,493,480,482,0.63,195430,94612008,41.61,11.58375391
1/20/2020,484,492,470,479,0.42,125366,59848904,41.61,11.51165585
1/19/2020,484,489,475,477,0.42,131384,63023348,41.61,11.46359048
1/16/2020,475,484,475,475,0.64,142355,68316816,41.61,11.41552511
1/15/2020,446,474,446,472,6.55,160108,74074776,41.61,11.34342706
1/14/2020,450,450,443,443,-1.56,64306,28696608,40.78,10.86316822
1/13/2020,453,459,445,450,0.9,123765,55759616,40.78,11.03482099
1/12/2020,439,451,438,446,3,91556,40781112,40.78,10.93673369
1/9/2020,431,437,431,433,-0.23,33427,14527988,40.78,10.61794998
1/8/2020,439,442,432,434,-0.91,98321,42809668,40.78,10.6424718
1/7/2020,442,449,435,438,-0.45,146948,64800632,40.78,10.7405591
1/6/2020,430,441,428,440,3.04,194558,84742032,40.78,10.78960275
1/5/2020,414,431,413,427,3.39,102503,43441128,40.78,10.47081903
1/2/2020,413,415,411,413,0.49,41445,17121498,40.78,10.12751349
1/1/2020,410,413,408,411,0.74,35563,14601163,40.78,10.07846984
12/31/2019,413,414,407,408,0.74,28129,11503766,40.78,10.00490436
12/30/2019,407,408,405,405,-0.74,28616,11625887,40.78,9.931338892
12/29/2019,415,415,406,408,-0.97,18417,7534681,40.78,10.00490436
12/26/2019,414,414,412,412,-0.24,35827,14788174,40.78,10.10299166
12/25/2019,414,416,413,413,-0.24,41239,17096840,40.78,10.12751349
12/24/2019,415,419,414,414,-0.24,34008,14136807,40.78,10.15203531
12/23/2019,421,421,414,415,0,46469,19283452,40.78,10.17655714
12/22/2019,412,419,412,415,0.48,23136,9580029,40.78,10.17655714
12/19/2019,418,418,413,413,-0.72,23427,9694900,40.78,10.12751349
12/18/2019,420,420,414,416,0.48,17181,7123940,40.78,10.20107896
12/17/2019,415,418,413,414,-0.96,24206,10041469,40.78,10.15203531
12/16/2019,425,425,414,418,-0.71,46637,19507904,40.78,10.25012261
12/15/2019,415,424,414,421,1.69,62405,26149734,40.78,10.32368808
12/12/2019,412,418,412,414,0,17030,7038758,40.78,10.15203531
12/11/2019,410,415,410,414,0.98,13581,5595973,40.78,10.15203531
12/10/2019,414,415,409,410,0,20176,8266796,40.78,10.05394801
12/9/2019,405,410,405,410,1.23,17775,7262497,40.78,10.05394801
12/8/2019,407,409,404,405,-0.49,24612,9971612,40.78,9.931338892
12/5/2019,405,408,405,407,0.99,24306,9879145,40.78,9.98038254
12/4/2019,409,409,403,403,-0.49,47834,19360746,40.78,9.882295243
12/3/2019,405,407,403,405,0.25,31452,12720791,40.78,9.931338892
12/2/2019,406,407,404,404,-0.49,26575,10783865,40.78,9.906817067
12/1/2019,407,407,405,406,0,30520,12397298,40.78,9.955860716
11/28/2019,408,410,406,406,-0.49,19814,8084163,40.78,9.955860716
11/27/2019,405,408,405,408,0.49,16628,6763101,40.78,10.00490436
11/26/2019,404,406,403,406,0.25,24891,10073543,40.78,9.955860716
11/25/2019,400,408,398,405,1.25,10402,4186013,40.78,9.931338892
11/24/2019,402,406,396,400,-0.99,21650,8624685,40.78,9.808729769
11/21/2019,410,413,400,404,-1.46,31833,12841487,40.78,9.906817067
11/20/2019,411,417,407,410,-0.24,20611,8495698,40.78,10.05394801
11/19/2019,419,419,410,411,-1.44,21424,8849797,40.78,10.07846984
11/18/2019,420,424,415,417,-0.24,33570,14013032,40.78,10.22560078
11/17/2019,414,420,410,418,2.96,94663,39362152,40.78,10.25012261
11/14/2019,399,406,399,406,1.75,22377,9023197,40.78,9.955860716
11/13/2019,398,400,398,399,0.25,8746,3490485,40.78,9.784207945
11/12/2019,404,404,398,398,-1.49,12817,5125024,40.78,9.759686121
11/11/2019,398,406,398,404,1,21981,8849692,40.78,9.906817067
11/10/2019,406,406,397,400,0.25,27061,10792086,40.78,9.808729769
11/7/2019,397,403,397,399,-0.25,10888,4332033,40.78,9.784207945
11/6/2019,400,404,396,400,0.76,20215,8069098,40.78,9.808729769
11/5/2019,400,401,397,397,-0.75,13299,5303364,40.78,9.735164296
11/4/2019,405,405,397,400,-1.23,10935,4371389,40.78,9.808729769
11/3/2019,408,408,402,405,-0.74,10405,4204941,40.78,9.931338892
10/31/2019,416,418,408,408,-0.73,29033,11957266,40.78,10.00490436
10/24/2019,400,414,400,411,3.27,84273,34542544,40.78,10.07846984
10/23/2019,392,401,390,398,1.79,37258,14693240,40.78,9.759686121
10/22/2019,384,391,384,391,1.82,24454,9463846,40.78,9.58803335
10/21/2019,382,389,382,384,0.52,6069,2330121,40.78,9.416380579
10/20/2019,393,400,382,382,-1.04,12661,4850201,40.78,9.36733693
10/17/2019,387,387,384,386,0,10188,3924122,34.56,11.16898148
10/16/2019,390,390,383,386,0.26,15604,5995326,34.56,11.16898148
10/15/2019,380,385,378,385,1.85,11302,4296377,34.56,11.1400463
10/14/2019,385,385,378,378,-1.82,10343,3945902,34.56,10.9375
10/10/2019,389,389,383,385,-1.03,3175,1221015,34.56,11.1400463
10/3/2019,401,401,383,389,1.3,8409,3230985,34.56,11.25578704
10/2/2019,389,390,382,384,0,7310,2804527,34.56,11.11111111
10/1/2019,378,384,375,384,1.59,5241,1997222,34.56,11.11111111
9/30/2019,376,378,375,378,0.8,9075,3413451,34.56,10.9375
9/29/2019,374,377,372,375,0,22722,8515888,34.56,10.85069444
9/26/2019,377,377,375,375,-0.27,14312,5372280,34.56,10.85069444
9/25/2019,379,381,375,376,-0.79,15432,5804209,34.56,10.87962963
9/24/2019,379,381,376,379,0,13035,4929740,34.56,10.96643519
9/23/2019,390,390,378,379,-1.04,13501,5133782,34.56,10.96643519
9/22/2019,393,393,378,383,-1.79,7772,2976373,34.56,11.08217593
9/19/2019,400,400,390,390,-1.27,5187,2035914,34.56,11.28472222
9/18/2019,394,398,387,395,2.07,23035,8998569,34.56,11.42939815
9/17/2019,377,390,376,387,1.84,18010,6937509,34.56,11.19791667
9/16/2019,390,391,377,380,-2.81,31341,11995455,34.56,10.99537037
9/15/2019,441,441,390,391,-3.99,22199,8729640,34.56,11.31365741
9/12/2019,446,450,445,448,0.22,79341,35476568,34.56,12.96296296
9/11/2019,450,454,444,447,-0.22,22108,9864653,34.56,12.93402778
9/10/2019,450,450,443,448,0,27649,12302406,34.56,12.96296296
9/9/2019,450,450,443,448,0,15778,7032253,34.56,12.96296296
9/8/2019,450,453,448,448,-0.22,35963,16188090,34.56,12.96296296
9/5/2019,454,454,447,449,-0.44,29014,13037949,34.56,12.99189815
9/4/2019,441,453,440,451,0.45,22602,10134271,34.56,13.04976852
9/3/2019,439,449,426,449,2.98,50696,21972766,34.56,12.99189815
9/2/2019,436,471,435,436,-0.91,11942,5226853,34.56,12.61574074
9/1/2019,462,462,439,440,0.23,15482,6818360,34.56,12.73148148
8/29/2019,447,450,437,439,0,29723,13080726,34.56,12.7025463
8/28/2019,471,471,438,439,-1.79,72685,32094418,34.56,12.7025463
8/27/2019,451,451,447,447,0,52701,23628000,34.56,12.93402778
8/26/2019,450,450,446,447,-0.22,31024,13882397,34.56,12.93402778
8/25/2019,451,453,448,448,-1.32,32538,14637539,34.56,12.96296296
8/22/2019,462,462,452,454,0,42153,19140812,34.56,13.13657407
8/21/2019,454,457,451,454,0.22,38058,17263616,34.56,13.13657407
8/20/2019,460,461,453,453,-1.52,29190,13297171,34.56,13.10763889
8/19/2019,453,464,451,460,2,37488,17190380,34.56,13.31018519
8/18/2019,450,458,449,451,1.58,54223,24534456,34.56,13.04976852
8/15/2019,449,450,443,444,0.23,46360,20594602,34.56,12.84722222
8/14/2019,447,450,443,443,-1.34,18041,8024068,34.56,12.81828704
8/13/2019,450,453,448,449,-0.22,5472,2454136,34.56,12.99189815
8/12/2019,449,450,448,450,0.22,12265,5506248,34.56,13.02083333
8/11/2019,447,452,447,449,0,11993,5385645,34.56,12.99189815
8/8/2019,455,455,449,449,-0.88,15933,7173173,34.56,12.99189815
8/7/2019,451,460,451,453,-1.09,17917,8164509,34.56,13.10763889
8/6/2019,464,464,451,458,-1.51,43065,19609808,34.56,13.25231481
8/5/2019,469,469,463,465,-0.43,34781,16171329,34.56,13.45486111
8/4/2019,474,474,465,467,0,12134,5651245,34.56,13.51273148
8/1/2019,473,473,465,467,-0.21,20007,9321543,34.56,13.51273148
7/31/2019,474,474,465,468,0.65,12296,5733516,34.56,13.54166667
7/30/2019,467,467,463,465,0.65,7866,3655774,34.56,13.45486111
7/29/2019,462,464,460,462,0.65,15259,7047645,34.56,13.36805556
7/28/2019,465,465,457,459,-1.71,47251,21704056,34.56,13.28125
7/25/2019,470,476,465,467,-1.48,33130,15607949,34.56,13.51273148
7/24/2019,467,479,465,474,1.94,32270,15241879,34.56,13.71527778
7/23/2019,463,469,462,465,0.43,12440,5788859,34.56,13.45486111
7/22/2019,468,468,458,463,0.43,16651,7695195,34.56,13.39699074
7/21/2019,458,462,455,461,0.44,14798,6788095,34.56,13.33912037
7/18/2019,456,464,456,459,0.66,28359,13051884,34.56,13.28125
7/17/2019,450,457,450,456,1.79,26501,12059896,34.56,13.19444444
7/16/2019,450,450,444,448,0.45,14110,6293451,34.71,12.90694324
7/15/2019,444,447,441,446,0.68,46364,20625784,34.71,12.84932296
7/14/2019,449,450,441,443,-0.45,15141,6710292,34.71,12.76289254
7/11/2019,450,450,443,445,0,39147,17417808,34.71,12.82051282
7/10/2019,447,449,443,445,-0.89,37178,16595634,34.71,12.82051282
7/9/2019,454,454,444,449,-0.66,42350,18958428,34.71,12.93575339
7/8/2019,454,455,450,452,-1.31,31564,14268044,34.71,13.02218381
7/7/2019,471,476,455,458,-0.87,22121,10100088,34.71,13.19504466
7/4/2019,466,469,460,462,0,16735,7745196,34.71,13.31028522
7/3/2019,464,472,456,462,1.54,20331,9392274,34.71,13.31028522
7/2/2019,461,461,453,455,-0.22,31497,14327689,34.71,13.10861423
7/1/2019,455,458,449,456,0,38691,17541848,34.71,13.13742437
6/30/2019,459,463,456,456,-1.51,27859,12776566,34.71,13.13742437
6/27/2019,475,475,462,463,-0.86,21927,10178397,34.71,13.33909536
6/26/2019,470,475,466,467,-0.43,14360,6702531,34.71,13.45433593
6/25/2019,470,473,466,469,0.43,21895,10267871,34.71,13.51195621
6/24/2019,468,469,465,467,0.21,29942,13953705,34.71,13.45433593
6/23/2019,480,480,460,466,-1.06,26800,12482972,34.71,13.42552579
6/20/2019,468,475,465,471,1.07,30484,14273775,34.71,13.56957649
6/19/2019,463,470,461,466,1.08,46789,21754684,34.71,13.42552579
6/18/2019,462,462,455,461,1.54,43757,20141424,34.71,13.28147508
6/17/2019,455,460,451,454,0.67,32855,14886503,34.71,13.07980409
6/16/2019,463,472,451,451,-0.66,35541,16090940,34.71,12.99337367
6/13/2019,467,471,454,454,-0.87,39607,18070480,34.71,13.07980409
6/12/2019,460,466,455,458,0.22,33591,15390955,34.71,13.19504466
6/11/2019,454,458,447,457,1.33,60515,27455744,34.71,13.16623451
6/10/2019,457,465,449,451,-1.96,91893,41859080,34.71,12.99337367
6/6/2019,469,475,458,460,-2.13,62274,28945404,34.71,13.25266494
6/4/2019,467,474,463,470,0.43,30464,14284867,34.71,13.54076635
6/3/2019,475,475,465,468,-2.09,193172,90603752,34.71,13.48314607
6/2/2019,484,484,478,478,-1.44,49886,23947772,34.71,13.77124748
5/30/2019,500,502,483,485,1.04,67442,33099284,34.71,13.97291847
5/29/2019,480,485,480,480,0,19752,9550413,34.71,13.82886776
5/28/2019,479,482,476,480,0,20813,9956807,34.71,13.82886776
5/27/2019,482,482,475,480,0.63,31557,15104097,34.71,13.82886776
5/26/2019,484,485,476,477,-1.45,36547,17569256,34.71,13.74243734
5/23/2019,486,486,481,484,0,24480,11819484,34.71,13.94410833
5/22/2019,483,485,481,484,0.41,25076,12126265,34.71,13.94410833
5/21/2019,484,487,480,482,-0.21,39645,19139612,34.71,13.88648804
5/20/2019,482,491,481,483,-0.21,38921,18831306,34.71,13.91529818
5/19/2019,490,491,484,484,-1.22,38861,18941674,34.71,13.94410833
5/16/2019,490,495,487,490,-0.2,25182,12366322,34.71,14.11696917
5/15/2019,500,500,491,491,-0.41,49643,24585912,34.71,14.14577931
5/14/2019,495,499,487,493,1.23,39731,19571800,34.71,14.2033996
5/13/2019,501,501,486,487,-2.21,42220,20686736,34.71,14.03053875
5/12/2019,485,498,482,498,2.05,40990,20078108,34.71,14.3474503
5/9/2019,493,493,487,488,-1.01,25211,12342681,34.71,14.05934889
5/8/2019,492,496,490,493,-0.2,19495,9614964,34.71,14.2033996
5/7/2019,490,502,484,494,-0.4,33241,16491329,34.71,14.23220974
5/6/2019,480,496,480,496,2.69,39149,19085938,34.71,14.28983002
5/5/2019,487,490,483,483,-1.63,35721,17363724,34.71,13.91529818
5/2/2019,492,495,488,491,-0.81,31276,15359811,34.71,14.14577931
4/30/2019,497,500,492,495,-0.2,23369,11553845,34.71,14.26101988
4/29/2019,498,502,495,496,-1.2,62052,30903060,34.71,14.28983002
4/28/2019,512,512,501,502,-0.99,84179,42401216,34.71,14.46269087
4/25/2019,508,515,502,507,0.2,88888,45172796,34.71,14.60674157
4/24/2019,490,508,490,506,3.27,128530,64084736,34.71,14.57793143
4/23/2019,478,495,478,490,1.24,58722,28662700,34.71,14.11696917
4/22/2019,494,500,483,484,-2.02,79167,38809688,34.71,13.94410833
4/21/2019,490,495,478,494,2.49,94558,46076092,34.71,14.23220974
4/18/2019,489,493,481,482,-1.03,60312,29239844,34.71,13.88648804
4/17/2019,497,498,484,487,-1.02,92921,45477800,34.71,14.03053875
4/16/2019,471,498,470,492,4.68,106050,51327748,34.71,14.17458946
4/15/2019,466,473,466,470,0.21,39084,18348468,34.71,13.54076635
4/11/2019,466,471,465,469,0.64,54800,25647384,34.31,13.66948412
4/10/2019,463,469,457,466,1.75,63030,29088630,34.31,13.58204605
4/9/2019,470,471,456,458,-1.72,116366,53870064,34.31,13.34887788
4/8/2019,470,478,462,466,-0.43,161971,76389496,34.31,13.58204605
4/7/2019,443,472,439,468,6.36,147987,67184256,34.31,13.64033809
4/4/2019,440,444,431,440,0.92,107396,47180688,34.31,12.82424949
4/3/2019,428,439,421,436,2.35,101042,43735792,34.31,12.7076654
4/2/2019,412,426,410,426,3.9,89445,37684472,34.31,12.41620519
4/1/2019,404,410,400,410,2.5,54571,22078084,34.31,11.94986884
3/31/2019,401,402,399,400,0.5,24402,9764365,34.31,11.65840863
3/28/2019,403,403,396,398,0,15408,6131473,34.31,11.60011658
3/27/2019,400,400,397,398,0,13921,5537602,34.31,11.60011658
3/26/2019,398,400,395,398,0,15558,6190349,34.31,11.60011658
3/25/2019,394,400,394,398,0.51,8113,3226695,34.31,11.60011658
3/24/2019,393,399,393,396,0.25,11361,4487639,34.31,11.54182454
3/21/2019,397,399,395,395,-1,22176,8807087,34.31,11.51267852
3/19/2019,402,402,398,399,0.25,3790,1511860,34.31,11.62926261
3/18/2019,400,402,397,398,-0.75,21236,8483057,34.31,11.60011658
3/17/2019,401,405,400,401,0.5,38412,15449692,34.31,11.68755465
3/14/2019,395,400,395,399,0.25,20294,8076897,34.31,11.62926261
3/13/2019,405,405,396,398,-0.75,31903,12783012,34.31,11.60011658
3/12/2019,403,404,397,401,0.25,48902,19586490,34.31,11.68755465
3/11/2019,399,400,393,400,1.52,55606,22121492,34.31,11.65840863
3/10/2019,392,396,385,394,0.77,10089,3943513,34.31,11.4835325
3/7/2019,385,392,385,391,1.56,26697,10354654,34.31,11.39609443
3/6/2019,380,386,378,385,1.05,22986,8829736,34.31,11.2212183
3/5/2019,378,382,377,381,0.79,31858,12082441,34.31,11.10463422
3/3/2019,380,380,377,378,0,13490,5103024,34.31,11.01719615
2/27/2019,375,382,375,378,0.53,7888,2983226,34.31,11.01719615
2/26/2019,374,380,373,376,0.53,9932,3715349,34.31,10.95890411
2/25/2019,370,377,370,374,1.08,16761,6275016,34.31,10.90061207
2/24/2019,385,385,368,370,-3.65,36648,13731299,34.31,10.78402798
2/21/2019,388,388,382,384,-0.78,13521,5195354,34.31,11.19207228
2/20/2019,395,395,385,387,-0.51,6553,2528913,34.31,11.27951035
2/19/2019,389,389,385,389,1.04,10351,3997266,34.31,11.33780239
2/18/2019,385,386,383,385,-0.52,13348,5134879,34.31,11.2212183
2/17/2019,387,388,383,387,0.78,13443,5174030,34.31,11.27951035
2/14/2019,382,389,380,384,0,17211,6582521,34.31,11.19207228
2/13/2019,388,392,384,384,-0.52,15606,6032824,34.31,11.19207228
2/12/2019,393,393,384,386,0,11167,4307361,34.31,11.25036433
2/11/2019,381,387,381,386,0.26,10406,4015930,34.31,11.25036433
2/10/2019,389,391,382,385,-1.28,20647,7957961,34.31,11.2212183
2/7/2019,386,390,385,390,0.78,9862,3825718,34.31,11.36694841
2/6/2019,384,390,384,387,-0.51,12115,4701776,34.31,11.27951035
2/5/2019,394,394,389,389,0,14198,5534327,34.31,11.33780239
2/4/2019,391,392,388,389,-0.26,31537,12285309,34.31,11.33780239
2/3/2019,394,395,390,390,-0.26,22031,8610127,34.31,11.36694841
1/31/2019,393,394,390,391,-0.26,11447,4492469,34.31,11.39609443
1/30/2019,390,392,390,392,0.51,23118,9061091,34.31,11.42524045
1/29/2019,391,392,389,390,-0.76,24692,9640886,34.31,11.36694841
1/28/2019,391,394,391,393,0.51,12704,4978633,34.31,11.45438648
1/27/2019,390,392,389,391,-0.26,27179,10617054,34.31,11.39609443
1/24/2019,392,396,391,392,0,20113,7911959,34.31,11.42524045
1/23/2019,393,394,391,392,0.51,8939,3509480,34.31,11.42524045
1/22/2019,390,392,389,390,0.26,7735,3019367,34.31,11.36694841
1/21/2019,390,399,389,389,-0.77,17919,7001614,34.31,11.33780239
1/20/2019,397,397,392,392,-1.01,5752,2260518,34.31,11.42524045
1/17/2019,400,401,395,396,-0.5,27748,11005936,34.31,11.54182454
1/16/2019,393,401,390,398,2.05,77989,30981508,34.31,11.60011658
1/15/2019,386,392,386,390,1.04,15949,6232127,34.31,11.36694841
1/14/2019,385,390,385,386,0.52,8106,3133749,36.78,10.49483415
1/13/2019,392,392,383,384,-1.54,74495,28756076,36.78,10.44045677
1/10/2019,386,390,385,390,0.52,28615,11054692,36.78,10.60358891
1/9/2019,382,392,382,388,1.57,43470,16800032,36.78,10.54921153
1/8/2019,381,384,380,382,0.79,26447,10076233,36.78,10.38607939
1/7/2019,377,383,377,379,0.53,17398,6606274,36.78,10.30451332
1/6/2019,380,382,377,377,-1.57,9575,3631962,36.78,10.25013594
1/3/2019,381,385,381,383,0.26,8316,3179485,36.78,10.41326808
1/2/2019,380,382,378,382,0.53,19408,7370888,36.78,10.38607939
1/1/2019,380,383,377,380,0,7155,2707400,36.78,10.33170201
12/31/2018,385,385,380,380,-1.81,9724,3711328,36.78,10.33170201
12/30/2018,389,389,384,387,-0.51,15441,5965336,36.78,10.52202284
12/27/2018,395,400,388,389,-1.52,21635,8509512,36.78,10.57640022
12/26/2018,382,396,382,395,3.67,35578,13918672,36.78,10.73953235
12/25/2018,385,385,380,381,-1.3,29912,11429336,36.78,10.3588907
12/24/2018,388,395,386,386,-1.53,29532,11505737,36.78,10.49483415
12/23/2018,383,394,383,392,3.16,46394,18070880,36.78,10.65796629
12/20/2018,386,386,380,380,0,43983,16827992,36.78,10.33170201
12/19/2018,380,383,378,380,0,28505,10854344,36.78,10.33170201
12/18/2018,390,390,376,380,-2.06,55370,21104140,36.78,10.33170201
12/17/2018,385,388,380,388,1.3,33325,12834640,36.78,10.54921153
12/16/2018,380,388,378,383,1.32,23739,9054159,36.78,10.41326808
12/13/2018,380,381,375,378,1.34,30932,11673506,36.78,10.27732463
12/12/2018,380,380,372,373,-0.53,5460,2045481,36.78,10.14138119
12/11/2018,385,385,374,375,-1.83,31606,11881991,36.78,10.19575856
12/10/2018,380,385,375,382,1.87,20752,7906652,36.78,10.38607939
12/9/2018,357,375,355,375,5.04,23098,8416577,36.78,10.19575856
12/6/2018,356,358,351,357,-0.28,22789,8063917,36.78,9.706362153
12/5/2018,365,365,353,358,-0.04,34885,12478171,36.78,9.733550843
12/4/2018,404,409,404,409,1.49,45055,18336662,36.78,11.12017401
12/3/2018,408,416,398,403,0.75,22920,9276783,36.78,10.95704187
12/2/2018,413,413,398,400,-1.23,36901,14836378,36.78,10.8754758
11/29/2018,408,416,403,405,-0.49,11494,4675232,36.78,11.01141925
11/28/2018,413,413,403,407,-0.97,9895,4047355,36.78,11.06579663
11/27/2018,416,416,409,411,0.24,12802,5258724,36.78,11.17455139
11/26/2018,405,411,405,410,0.49,9871,4032308,36.78,11.1473627
11/25/2018,410,412,405,408,-0.73,8455,3446073,36.78,11.09298532
11/22/2018,414,414,410,411,-0.96,8880,3655640,36.78,11.17455139
11/21/2018,407,415,407,415,0.97,8660,3556876,36.78,11.28330614
11/20/2018,410,413,409,411,-0.48,19592,8041201,36.78,11.17455139
11/19/2018,417,418,412,413,-1.2,17192,7134474,36.78,11.22892877
11/18/2018,425,426,416,422,0.72,70675,29808562,36.78,11.47362697
11/15/2018,429,429,417,419,-1.18,16512,6920866,36.78,11.3920609
11/14/2018,432,432,421,424,-0.24,3169,1344409,36.78,11.52800435
11/13/2018,419,427,419,425,1.43,19534,8248453,36.78,11.55519304
11/12/2018,418,420,416,419,0.72,9149,3815452,36.78,11.3920609
11/11/2018,423,431,410,416,-1.18,19111,7958513,36.78,11.31049483
11/6/2018,419,421,413,423,0.95,2343,984410,36.78,11.50081566
11/5/2018,421,423,414,419,1.45,38758,16156921,36.78,11.3920609
11/4/2018,415,419,411,413,-1.67,28303,11746678,36.78,11.22892877
11/1/2018,417,425,416,420,0.24,30349,12775277,36.78,11.41924959
10/31/2018,425,427,419,419,-2.56,20649,8727679,36.78,11.3920609
10/30/2018,428,434,425,430,1.42,17692,7551041,36.78,11.69113649
10/29/2018,426,430,423,424,-1.4,32369,13783082,36.78,11.52800435
10/28/2018,453,453,428,430,-3.37,52690,22879716,36.78,11.69113649
10/25/2018,445,445,437,445,0,26122,11473088,36.78,12.09896683
10/24/2018,446,446,439,445,-0.45,28009,12365740,36.78,12.09896683
10/23/2018,448,448,442,447,-0.22,38249,17046796,36.78,12.15334421
10/22/2018,450,452,445,448,-0.44,17871,8012572,36.78,12.1805329
10/21/2018,434,453,434,450,2.04,40570,18176248,36.78,12.23491028
10/15/2018,436,446,436,441,1.15,36215,15985469,18.94,23.28405491
10/14/2018,431,440,430,436,1.16,36357,15795445,18.94,23.02006336
10/11/2018,425,436,425,431,0.94,35013,15126056,18.94,22.75607181
10/10/2018,435,435,423,427,-0.23,16922,7241119,18.94,22.54487856
10/9/2018,428,434,425,428,0.23,38484,16540953,18.94,22.59767687
10/8/2018,420,429,420,427,1.18,30008,12730314,18.94,22.54487856
10/7/2018,427,427,417,422,-0.71,39336,16588273,18.94,22.28088701
10/4/2018,429,429,415,425,0.71,39411,16599836,18.94,22.43928194
10/3/2018,427,432,422,422,-1.86,59156,25212332,18.94,22.28088701
10/2/2018,433,435,426,430,-1.15,37786,16266435,18.94,22.7032735
10/1/2018,442,442,430,435,-1.58,57208,24842610,18.94,22.96726505
9/30/2018,432,444,432,442,0.91,72471,31643900,18.94,23.33685322
9/27/2018,440,445,434,438,-0.68,48864,21447616,18.94,23.12565998
9/26/2018,450,451,434,441,-1.34,60980,26986666,18.94,23.28405491
9/25/2018,447,459,442,447,2.27,131491,59440832,18.94,23.60084477
9/23/2018,425,447,420,440,4.02,161693,70462096,18.94,23.2312566
9/20/2018,407,423,407,423,3.93,112030,46663656,18.94,22.33368532
9/18/2018,411,411,405,407,-0.97,40826,16595035,18.94,21.48891235
9/17/2018,409,415,401,411,0.74,52792,21580484,18.94,21.7001056
9/16/2018,421,422,408,408,-1.21,87720,36450228,18.94,21.54171067
9/13/2018,410,425,410,413,1.23,133992,55862024,18.94,21.80570222
9/12/2018,386,408,386,408,4.62,128576,51315460,18.94,21.54171067
9/11/2018,381,391,381,390,1.56,70801,27450500,18.94,20.59134108
9/10/2018,382,385,375,384,0.52,38444,14586524,18.94,20.27455121
9/9/2018,375,385,372,382,1.06,66875,25348612,18.94,20.16895459
9/6/2018,383,384,372,378,-1.31,42207,15947063,18.94,19.95776135
9/5/2018,384,391,376,383,0,90822,34959864,18.94,20.2217529
9/4/2018,360,389,360,383,4.64,89078,33499400,18.94,20.2217529
9/3/2018,357,370,356,366,1.95,93515,33955888,18.94,19.32418163
9/2/2018,334,361,334,359,5.59,91649,32450540,18.94,18.95459345
8/30/2018,322,342,322,340,4.62,62781,20954534,18.94,17.95142555
8/29/2018,319,325,319,325,0,15344,4943438,18.94,17.1594509
8/28/2018,312,325,311,325,3.83,19657,6298966,18.94,17.1594509
8/26/2018,315,315,313,313,0,3770,1180683,18.94,16.52587117
8/23/2018,313,315,311,313,-0.32,24722,7748805,18.94,16.52587117
8/22/2018,312,315,312,314,0,868,272870,18.94,16.57866948
8/21/2018,318,318,313,314,-0.95,4251,1343071,18.94,16.57866948
8/20/2018,320,320,313,317,0.32,10193,3214836,18.94,16.73706441
8/19/2018,325,325,316,316,-1.86,19853,6326305,18.94,16.6842661
8/16/2018,324,324,318,322,1.26,19874,6385694,18.94,17.00105597
8/15/2018,312,320,312,318,1.92,11005,3476200,18.94,16.78986272
8/14/2018,307,313,307,312,0.97,2453,757924,18.94,16.47307286
8/13/2018,305,310,305,309,1.64,4058,1252347,18.94,16.31467793
8/12/2018,304,314,304,304,-1.62,8903,2724128,18.94,16.05068638
8/9/2018,314,314,306,309,-0.96,10753,3326931,18.94,16.31467793
8/8/2018,316,316,310,312,-0.95,10693,3344672,18.94,16.47307286
8/7/2018,315,320,314,315,0,4293,1354824,18.94,16.63146779
8/6/2018,315,318,314,315,-0.32,6141,1935235,18.94,16.63146779
8/5/2018,318,319,315,316,-0.32,4436,1408040,18.94,16.6842661
8/2/2018,315,317,314,317,0.32,5531,1746651,18.94,16.73706441
8/1/2018,315,316,312,316,0.96,6318,1989667,18.94,16.6842661
7/31/2018,313,316,311,313,0.32,6326,1979852,18.94,16.52587117
7/30/2018,310,312,306,312,0.65,2672,831634,18.94,16.47307286
7/29/2018,313,313,309,310,-0.32,6690,2073971,18.94,16.36747624
7/26/2018,314,314,310,311,-0.96,3729,1160315,18.94,16.42027455
7/25/2018,315,315,310,314,0,5938,1847958,18.94,16.57866948
7/24/2018,311,316,311,314,0.96,9354,2932575,18.94,16.57866948
7/23/2018,310,311,308,311,0.32,951,293860,18.94,16.42027455
7/22/2018,311,312,307,310,-0.64,11581,3592705,18.94,16.36747624
7/19/2018,313,317,312,312,-1.58,7255,2275278,18.94,16.47307286
7/18/2018,317,317,316,317,0.32,4878,1543252,18.94,16.73706441
7/17/2018,317,320,316,316,0,4190,1328687,18.94,16.6842661
7/16/2018,317,319,315,316,-0.32,3562,1128521,18.94,16.6842661
7/15/2018,315,317,311,317,0.63,5868,1842839,15.49,20.46481601
7/12/2018,313,315,311,315,1.29,13648,4270528,15.49,20.33570045
7/11/2018,321,322,311,311,-2.81,9992,3153319,15.49,20.07746934
7/10/2018,318,323,316,320,1.27,8415,2668060,15.49,20.65848935
7/9/2018,315,317,313,316,-0.94,12165,3841006,15.49,20.40025823
7/8/2018,319,322,315,319,-0.31,5894,1869936,15.49,20.59393157
7/5/2018,317,320,313,320,1.59,12796,4038513,15.49,20.65848935
7/4/2018,310,316,309,315,1.29,8879,2756354,15.49,20.33570045
7/3/2018,306,312,306,311,1.63,7603,2347052,15.49,20.07746934
7/2/2018,309,316,306,306,-1.61,12858,4031778,15.49,19.75468044
7/1/2018,317,321,311,311,-0.96,4695,1471131,15.49,20.07746934
6/28/2018,313,316,312,314,0.64,15615,4905966,15.49,20.27114267
6/27/2018,306,315,306,312,0.65,7345,2288287,15.49,20.14202711
6/26/2018,318,318,309,310,-0.96,18030,5685587,15.49,20.01291156
6/25/2018,317,318,313,313,-0.95,4336,1363261,15.49,20.20658489
6/24/2018,313,321,313,316,0.32,1673,529242,15.49,20.40025823
6/21/2018,314,320,314,315,-0.94,2483,787841,15.49,20.33570045
6/20/2018,318,320,317,318,0,2517,800230,15.49,20.52937379
6/19/2018,318,320,313,318,0,83801,26652012,15.49,20.52937379
6/18/2018,320,326,315,318,-0.63,4545,1450531,15.49,20.52937379
6/17/2018,325,325,318,320,-2.14,23503,7498483,15.49,20.65848935
6/14/2018,329,330,324,327,0.93,8432,2768734,15.49,21.1103938
6/13/2018,319,325,319,324,-0.31,2655,853714,15.49,20.91672046
6/12/2018,319,325,319,325,0.93,4469,1444746,15.49,20.98127824
6/11/2018,319,325,315,322,0.31,17638,5626494,15.49,20.78760491
6/10/2018,325,325,317,321,-1.83,12953,4166448,15.49,20.72304713
6/7/2018,332,333,326,327,-2.1,6980,2288567,15.49,21.1103938
6/6/2018,332,338,332,334,2.45,3040,1016894,15.49,21.56229826
6/4/2018,322,329,322,326,-0.61,7155,2326021,15.49,21.04583602
6/3/2018,331,338,324,328,-2.67,9977,3285753,15.49,21.17495158
5/31/2018,338,340,334,337,-0.3,16961,5733964,15.49,21.75597159
5/30/2018,340,344,336,338,0,14724,5017013,15.49,21.82052937
5/29/2018,332,338,330,338,1.5,6193,2064919,15.49,21.82052937
5/28/2018,328,341,328,333,1.22,5608,1874106,15.49,21.49774048
5/27/2018,333,333,327,329,-1.5,10394,3418442,15.49,21.23950936
5/24/2018,334,338,334,334,-0.6,26336,8835935,15.49,21.56229826
5/23/2018,338,338,336,336,-0.59,7443,2510199,15.49,21.69141382
5/22/2018,339,340,338,338,-0.59,8541,2897652,15.49,21.82052937
5/21/2018,340,343,338,340,0,6321,2151465,15.49,21.94964493
5/20/2018,345,345,339,340,0,10094,3445531,15.49,21.94964493
5/17/2018,340,342,339,340,0,12323,4195657,15.49,21.94964493
5/16/2018,340,340,337,340,0,4606,1561126,15.49,21.94964493
5/15/2018,338,340,338,340,0.29,2489,845082,15.49,21.94964493
5/14/2018,338,341,337,339,0.3,20858,7084201,15.49,21.88508715
5/10/2018,337,343,337,338,-1.17,12434,4227378,15.49,21.82052937
5/9/2018,342,343,337,342,0.88,14076,4779347,15.49,22.07876049
5/8/2018,337,341,335,339,0.59,15267,5144082,15.49,21.88508715
5/7/2018,335,342,332,337,0,17494,5895486,15.49,21.75597159
5/6/2018,338,340,335,337,-1.17,11511,3884758,15.49,21.75597159
5/3/2018,341,342,338,341,0.89,32659,11120543,15.49,22.01420271
5/2/2018,335,338,331,338,1.2,11337,3799592,15.49,21.82052937
4/29/2018,334,339,331,334,-0.6,42224,14090892,15.49,21.56229826
4/26/2018,340,342,336,336,-1.18,24001,8117319,15.49,21.69141382
4/25/2018,343,344,339,340,-0.87,15294,5208971,15.49,21.94964493
4/24/2018,346,349,342,343,-2,14697,5066590,15.49,22.14331827
4/23/2018,357,361,348,350,-1.69,35197,12461355,15.49,22.59522272
4/22/2018,341,357,341,356,2.89,33695,11811264,15.49,22.9825694
4/19/2018,340,349,335,346,2.37,33625,11544096,15.49,22.33699161
4/18/2018,330,348,328,338,2.42,17142,5769849,15.49,21.82052937
4/17/2018,322,332,322,330,1.85,13633,4474653,15.49,21.30406714
4/16/2018,318,326,318,324,1.89,10296,3328650,15.49,20.91672046
4/15/2018,320,322,314,318,-1.55,13360,4245252,15.49,20.52937379
4/12/2018,326,328,322,323,0,8904,2892324,14.24,22.68258427
4/11/2018,317,323,316,323,0.31,3501,1116758,14.24,22.68258427
4/10/2018,323,332,316,322,-1.83,9966,3219327,14.24,22.61235955
4/9/2018,335,336,323,328,-0.61,15606,5137289,14.24,23.03370787
4/8/2018,320,332,320,330,3.77,25338,8303723,14.24,23.1741573
4/5/2018,316,319,311,318,2.58,14733,4668266,14.24,22.33146067
4/4/2018,310,314,307,310,0.65,5694,1768396,14.24,21.76966292
4/3/2018,303,308,303,308,0,5288,1618334,14.24,21.62921348
4/2/2018,306,308,305,308,0,2719,833618,14.24,21.62921348
4/1/2018,316,316,303,308,-2.22,11449,3498923,14.24,21.62921348
3/29/2018,312,318,307,315,2.61,10960,3405933,14.24,22.12078652
3/28/2018,305,309,300,307,-0.32,15130,4630456,14.24,21.55898876
3/27/2018,295,309,285,308,3.36,13125,3869370,14.24,21.62921348
3/26/2018,298,303,294,298,-1.97,15568,4649938,14.24,20.92696629
3/22/2018,314,314,302,304,-1.62,19432,5988284,14.24,21.34831461
3/21/2018,314,315,306,309,-2.22,18664,5771624,14.24,21.6994382
3/20/2018,320,321,315,316,-0.94,16734,5289861,14.24,22.19101124
3/19/2018,324,325,319,319,-1.54,17787,5725385,14.24,22.40168539
3/18/2018,326,327,323,324,-0.61,8329,2701315,14.24,22.75280899
3/15/2018,324,328,324,326,0.31,31274,10205380,14.24,22.89325843
3/14/2018,322,326,322,325,-0.31,6604,2143282,14.24,22.82303371
3/13/2018,327,327,324,326,-0.31,12610,4103807,14.24,22.89325843
3/12/2018,326,333,320,327,0,44678,14429315,14.24,22.96348315
3/11/2018,335,335,326,327,-3.82,45826,15109819,14.24,22.96348315
3/7/2018,340,344,338,340,0.29,11941,4053414,14.24,23.87640449
3/6/2018,336,339,330,339,1.5,20976,6987407,14.24,23.80617978
3/5/2018,338,339,331,334,0,17242,5744925,14.24,23.45505618
3/4/2018,336,340,331,334,-2.34,18341,6128731,14.24,23.45505618
2/28/2018,343,345,342,342,-0.87,2742,940075,14.24,24.01685393
2/27/2018,343,348,342,345,0.58,13405,4630061,14.24,24.22752809
2/26/2018,347,347,343,343,-1.15,11992,4130066,14.24,24.08707865
2/25/2018,348,348,343,347,-0.29,11103,3828036,14.24,24.36797753
2/22/2018,347,354,345,348,0.29,6636,2305188,14.24,24.43820225
2/21/2018,348,350,346,347,-1.98,5875,2042940,14.24,24.36797753
2/20/2018,363,363,354,354,-1.67,29824,10606707,14.24,24.85955056
2/18/2018,360,364,350,360,0.84,31366,11200783,14.24,25.28089888
2/15/2018,348,357,347,357,0,26577,9361605,14.24,25.07022472
2/14/2018,349,348,344,348,0,11425,3952931,14.24,24.43820225
2/12/2018,347,349,344,349,0,7453,2578227,14.24,24.50842697
2/11/2018,342,347,343,347,0,5007,1724404,14.24,24.36797753
2/8/2018,341,344,339,342,0,9362,3191604,14.24,24.01685393
2/7/2018,346,345,341,341,0,4071,1390893,14.24,23.94662921
2/6/2018,348,349,344,346,0,7027,2433732,14.24,24.29775281
2/5/2018,348,348,346,348,0,8577,2977187,14.24,24.43820225
2/4/2018,347,350,347,348,0,16782,5848451,14.24,24.43820225
2/1/2018,344,350,341,347,0,22342,7731335,14.24,24.36797753
1/31/2018,348,346,341,344,0,12608,4332288,14.24,24.15730337
1/29/2018,346,348,341,348,0,17381,6001281,14.24,24.43820225
1/28/2018,351,348,344,346,0,12943,4475864,14.24,24.29775281
1/25/2018,344,351,344,351,0,22405,7810353,14.24,24.6488764
1/24/2018,341,347,339,344,0,7029,2420836,14.24,24.15730337
1/23/2018,345,343,337,341,0,7803,2660186,14.24,23.94662921
1/22/2018,343,345,341,345,0,7411,2536523,14.24,24.22752809
1/21/2018,343,348,343,343,0,9964,3440299,14.24,24.08707865
1/17/2018,347,347,341,343,0,8376,2888062,14.24,24.08707865
1/16/2018,345,351,342,347,0,16550,5747097,14.24,24.36797753
1/14/2018,346,346,340,345,0,12291,4230413,13.51,25.53663953
1/10/2018,350,349,344,346,0,8821,3059176,13.51,25.61065877
1/9/2018,348,350,348,350,0,10010,3495414,13.51,25.90673575
1/8/2018,345,350,345,348,0,17120,5947039,13.51,25.75869726
1/7/2018,338,347,337,345,0,9386,3204996,13.51,25.53663953
1/4/2018,336,342,335,338,0,10327,3495359,13.51,25.01850481
1/3/2018,342,341,336,336,0,10654,3602711,13.51,24.87046632
1/2/2018,344,347,339,342,0,11570,3977039,13.51,25.31458179
1/1/2018,337,346,337,344,0,15700,5340067,13.51,25.46262028
12/31/2017,339,344,331,337,0,13062,4357124,13.51,24.94448557
12/28/2017,339,343,336,339,0,7672,2599260,13.51,25.09252406
12/27/2017,343,345,332,339,0,16281,5538580,13.51,25.09252406
12/26/2017,349,347,342,343,0,7661,2636585,13.51,25.38860104
12/24/2017,349,351,346,349,0,15350,5358469,13.51,25.83271651
12/21/2017,352,351,347,349,0,9168,3203323,13.51,25.83271651
12/20/2017,360,360,352,352,0,8188,2904127,13.51,26.05477424
12/19/2017,360,360,353,360,0,7876,2813597,13.51,26.6469282
12/18/2017,355,363,354,360,0,19571,6989313,13.51,26.6469282
12/17/2017,365,360,351,355,0,5006,1785516,13.51,26.27683198
12/14/2017,359,365,359,365,0,7250,2625200,13.51,27.01702443
12/13/2017,358,360,355,359,0,6093,2186560,13.51,26.57290896
12/12/2017,357,361,357,358,0,10265,3694414,13.51,26.49888971
12/11/2017,357,360,357,357,0,1292,462853,13.51,26.42487047
12/10/2017,362,363,356,357,0,7932,2849917,13.51,26.42487047
12/6/2017,363,365,358,362,0,11257,4082936,13.51,26.79496669
12/5/2017,361,365,358,363,0,9511,3430554,13.51,26.86898594
12/4/2017,370,371,358,361,0,5819,2129400,13.51,26.72094745
11/30/2017,367,372,365,370,0,11206,4138581,13.51,27.38712065
11/29/2017,360,371,360,367,0,24683,9086891,13.51,27.16506292
11/28/2017,362,365,358,360,0,11498,4150617,13.51,26.6469282
11/27/2017,365,366,361,362,0,16846,6123729,13.51,26.79496669
11/26/2017,360,365,360,365,0,16104,5827193,13.51,27.01702443
11/23/2017,351,360,351,360,0,7226,2583453,13.51,26.6469282
11/22/2017,350,351,346,351,0,12911,4513212,13.51,25.980755
11/21/2017,345,351,344,350,0,5861,2039175,13.51,25.90673575
11/20/2017,350,352,344,345,0,27602,9557933,13.51,25.53663953
11/19/2017,351,355,343,350,0,21715,7513854,13.51,25.90673575
11/16/2017,359,355,348,351,0,15488,5409316,13.51,25.980755
11/15/2017,356,363,354,359,0,11657,4176097,13.51,26.57290896
11/14/2017,353,359,350,356,0,12073,4301062,13.51,26.35085122
11/13/2017,351,353,349,353,0,14865,5211871,13.51,26.12879349
11/12/2017,340,351,340,351,0,8625,2986071,13.51,25.980755
11/9/2017,340,345,335,340,0,28151,9556763,13.51,25.1665433
11/8/2017,347,346,338,340,0,19862,6783227,13.51,25.1665433
11/7/2017,354,360,347,347,0,9870,3466622,13.51,25.68467802
11/6/2017,360,356,346,354,0,3918,1373239,13.51,26.20281273
11/5/2017,353,360,347,360,0,16310,5729499,13.51,26.6469282
11/2/2017,357,360,349,353,0,10044,3555485,13.51,26.12879349
11/1/2017,363,363,357,357,0,22323,8022012,13.51,26.42487047
10/31/2017,363,364,362,363,0,3442,1249414,13.51,26.86898594
10/30/2017,358,363,353,363,0,10493,3776889,13.51,26.86898594
10/29/2017,363,363,357,358,0,11839,4243612,13.51,26.49888971
10/25/2017,362,365,359,363,0,4063,1471382,13.51,26.86898594
10/24/2017,366,368,359,362,0,20778,7524672,13.51,26.79496669
10/23/2017,369,370,348,366,0,21882,7974259,13.51,27.09104367
10/22/2017,378,381,365,369,0,33415,12437374,13.51,27.31310141
10/18/2017,375,378,369,378,0,8754,3245831,13.51,27.97927461
10/17/2017,372,382,363,375,0,18138,6800867,21.96,17.07650273
10/16/2017,355,372,355,372,0,11856,4288337,21.96,16.93989071
10/15/2017,354,355,349,355,0,6036,2126063,21.96,16.16575592
10/12/2017,351,357,352,354,0,8392,2966373,21.96,16.12021858
10/11/2017,346,351,342,351,0,8660,3017574,21.96,15.98360656
10/10/2017,350,350,345,346,0,12361,4294248,21.96,15.75591985
10/9/2017,348,352,342,350,0,7348,2563930,21.96,15.93806922
10/8/2017,350,350,341,348,0,13409,4635856,21.96,15.84699454
10/4/2017,365,369,350,350,0,10450,3735972,21.96,15.93806922
10/3/2017,357,370,359,365,0,3978,1450215,21.96,16.62112933
9/26/2017,356,360,354,357,0,5974,2129080,21.96,16.2568306
9/25/2017,350,357,350,356,0,5365,1896436,21.96,16.21129326
9/24/2017,348,351,344,350,0,4527,1568956,21.96,15.93806922
9/20/2017,353,352,346,348,0,8406,2925734,21.96,15.84699454
9/18/2017,353,357,352,353,0,9526,3374409,21.96,16.07468124
9/17/2017,346,353,344,353,0,10391,3631450,21.96,16.07468124
9/14/2017,340,349,335,346,0,13386,4577354,21.96,15.75591985
9/13/2017,342,345,331,340,0,9124,3102232,21.96,15.48269581
9/12/2017,346,345,335,342,0,12972,4412316,21.96,15.57377049
9/11/2017,340,346,335,346,0,14034,4795628,21.96,15.75591985
9/10/2017,345,345,339,340,0,19619,6716754,21.96,15.48269581
9/7/2017,349,353,345,345,0,10659,3713515,21.96,15.71038251
9/6/2017,346,358,345,349,0,15960,5555882,21.96,15.89253188
9/4/2017,368,365,344,346,0,23965,8336997,21.96,15.75591985
8/31/2017,451,450,438,441,0,142581,63069316,21.96,20.08196721
8/30/2017,465,465,448,451,0,87940,39799420,21.96,20.53734062
8/28/2017,470,472,462,465,0,32657,15245181,21.96,21.17486339
8/27/2017,458,481,464,470,0,62701,29542108,21.96,21.40255009
8/24/2017,455,460,455,458,0,13033,5962116,21.96,20.856102
8/23/2017,457,463,451,455,0,16330,7441010,21.96,20.71948998
8/22/2017,457,460,452,457,0,13414,6136628,21.96,20.81056466
8/21/2017,456,460,449,457,0,11655,5266993,21.96,20.81056466
8/20/2017,462,465,456,456,0,18074,8315734,21.96,20.76502732
8/17/2017,462,470,460,462,0,20057,9285011,21.96,21.03825137
8/16/2017,463,472,460,462,0,17261,7995071,21.96,21.03825137
8/15/2017,467,470,459,463,0,15597,7236532,21.96,21.08378871
8/13/2017,462,473,465,467,0,54872,25706648,21.96,21.26593807
8/10/2017,465,465,459,462,0,8816,4065171,21.96,21.03825137
8/9/2017,468,475,465,465,0,14262,6667278,21.96,21.17486339
8/7/2017,468,474,468,468,0,18924,8879081,21.96,21.31147541
8/6/2017,469,478,468,468,0,18709,8798371,21.96,21.31147541
8/3/2017,463,470,464,469,0,24579,11467457,21.96,21.35701275
8/2/2017,462,466,462,463,0,12444,5787002,21.96,21.08378871
8/1/2017,461,465,458,462,0,12151,5604943,21.96,21.03825137
7/31/2017,458,465,458,461,0,10283,4741946,21.96,20.99271403
7/30/2017,458,468,450,458,0,10079,4627829,21.96,20.856102
7/27/2017,459,465,457,458,0,8279,3809399,21.96,20.856102
7/26/2017,463,466,455,459,0,16769,7718706,21.96,20.90163934
7/25/2017,460,469,460,463,0,10580,4894592,21.96,21.08378871
7/24/2017,466,470,456,460,0,25111,11591188,21.96,20.94717668
7/23/2017,472,480,464,466,0,30287,14179482,21.96,21.22040073
7/20/2017,470,480,470,472,0,26329,12519489,21.96,21.49362477
7/19/2017,474,483,468,470,0,17403,8289098,21.96,21.40255009
7/18/2017,455,475,458,474,0,30535,14319993,21.96,21.58469945
7/17/2017,442,455,444,455,0,11095,5003357,21.96,20.71948998
7/16/2017,445,453,440,442,0,11997,5316528,21.96,20.12750455
7/13/2017,450,448,443,445,0,5038,2245115,1.78,250
7/12/2017,446,452,445,450,0,8340,3695315,1.78,252.8089888
7/11/2017,445,450,440,446,0,4786,2125589,1.78,250.5617978
7/10/2017,445,446,443,445,0,6158,2737854,1.78,250
7/9/2017,441,452,440,445,0,15841,7072585,1.78,250
7/6/2017,435,442,434,441,0,7012,3072247,1.78,247.752809
7/5/2017,431,435,428,435,0,7725,3320675,1.78,244.3820225
7/4/2017,430,440,424,431,0,9683,4172588,1.78,242.1348315
7/3/2017,427,432,426,430,0,7507,3221022,1.78,241.5730337
7/2/2017,436,435,422,427,0,10121,4324479,1.78,239.8876404
6/28/2017,442,442,435,436,0,11771,5154354,1.78,244.9438202
6/27/2017,439,444,435,442,0,11037,4845371,1.78,248.3146067
6/25/2017,432,441,433,439,0,10108,4416182,1.78,246.6292135
6/22/2017,431,433,430,432,0,6999,3017453,1.78,242.6966292
6/21/2017,436,437,428,431,0,6474,2807590,1.78,242.1348315
6/20/2017,436,437,425,436,0,8393,3620172,1.78,244.9438202
6/19/2017,438,440,433,436,0,2687,1171678,1.78,244.9438202
6/18/2017,445,447,433,438,0,7346,3199302,1.78,246.0674157
6/15/2017,440,447,430,445,0,13314,5863283,1.78,250
6/14/2017,440,446,435,440,0,7361,3250105,1.78,247.1910112
6/13/2017,435,446,431,440,0,7458,3273264,1.78,247.1910112
6/12/2017,438,442,432,435,0,6720,2942923,1.78,244.3820225
6/11/2017,450,447,438,438,0,20165,8895488,1.78,246.0674157
6/8/2017,453,465,445,450,0,11279,5098867,1.78,252.8089888
6/7/2017,465,470,452,453,0,16302,7483134,1.78,254.494382
6/6/2017,455,465,455,465,0,14634,6733540,1.78,261.2359551
6/5/2017,447,459,442,455,0,14454,6458701,1.78,255.6179775
6/4/2017,450,455,444,447,0,17317,7765465,1.78,251.1235955
6/1/2017,455,460,450,450,0,6680,3026120,1.78,252.8089888
5/31/2017,451,458,447,455,0,12546,5657952,1.78,255.6179775
5/30/2017,455,463,449,451,0,13491,6107736,1.78,253.3707865
5/28/2017,461,455,450,455,0,7627,3454217,1.78,255.6179775
5/24/2017,462,463,456,461,0,7177,3298210,1.78,258.988764
5/23/2017,453,465,455,462,0,6832,3152711,1.78,259.5505618
5/22/2017,460,456,450,453,0,9814,4435972,1.78,254.494382
5/21/2017,465,465,459,460,0,13712,6333434,1.78,258.4269663
5/18/2017,464,468,460,465,0,12050,5578722,1.78,261.2359551
5/17/2017,465,472,461,464,0,10087,4663359,1.78,260.6741573
5/16/2017,472,470,464,465,0,8482,3955215,1.78,261.2359551
5/15/2017,470,483,466,472,0,8925,4218345,1.78,265.1685393
5/11/2017,466,473,465,470,0,12123,5671661,1.78,264.0449438
5/9/2017,465,468,462,466,0,12151,5648121,1.78,261.7977528
5/8/2017,463,470,462,465,0,4816,2235332,1.78,261.2359551
5/7/2017,471,472,460,463,0,11320,5237341,1.78,260.1123596
5/4/2017,475,476,466,471,0,13536,6363678,1.78,264.6067416
5/3/2017,470,489,470,475,0,12835,6129116,1.78,266.8539326
5/2/2017,470,479,457,470,0,7684,3614978,1.78,264.0449438
4/30/2017,483,485,464,470,0,32564,15274195,1.78,264.0449438
4/27/2017,489,493,478,483,0,6941,3371368,1.78,271.3483146
4/26/2017,492,498,485,489,0,10384,5078468,1.78,274.7191011
4/25/2017,495,500,488,492,0,18904,9284548,1.78,276.4044944
4/24/2017,509,507,495,495,0,13024,6515870,1.78,278.0898876
4/23/2017,495,530,504,509,0,28303,14433267,1.78,285.9550562
4/20/2017,502,520,485,495,0,25355,12646289,1.78,278.0898876
4/19/2017,469,502,470,502,0,23524,11404710,1.78,282.0224719
4/18/2017,482,490,463,469,0,15342,7195910,1.78,263.4831461
4/16/2017,504,510,482,482,0,7761,3801885,1.78,270.7865169
4/13/2017,508,516,498,504,0,21185,10668883,24.79,20.33077854
4/12/2017,515,525,508,508,0,37185,19243638,24.79,20.49213392
4/11/2017,482,518,482,515,0,25801,12870899,24.79,20.77450585
4/10/2017,480,485,476,482,0,7953,3822523,24.79,19.44332392
4/9/2017,484,499,479,480,0,13087,6320732,24.79,19.36264623
4/6/2017,485,488,472,484,0,10529,5062755,24.79,19.52400161
4/4/2017,490,510,481,485,0,28912,14184657,24.79,19.56434046
4/3/2017,491,540,482,490,0,22972,11729871,24.79,19.76603469
4/2/2017,460,496,469,491,0,9033,4382250,24.79,19.80637354
3/30/2017,471,470,460,460,0,11655,5412217,24.79,18.5558693
3/29/2017,477,504,451,471,0,29039,13933235,24.79,18.99959661
3/28/2017,450,477,450,477,0,11946,5519843,24.79,19.24162969
3/26/2017,432,455,435,450,0,15335,6879576,24.79,18.15248084
3/23/2017,436,444,428,432,0,11678,5069670,24.79,17.42638161
3/22/2017,432,451,433,436,0,21202,9375120,24.79,17.58773699
3/21/2017,424,432,418,432,0,7603,3232826,24.79,17.42638161
3/20/2017,403,424,403,424,0,7412,3083233,24.79,17.10367084
3/19/2017,440,450,436,449,0,29956,13227743,24.79,18.11214199
3/16/2017,439,444,437,440,0,16755,7366958,24.79,17.74909238
3/15/2017,435,440,430,439,0,10404,4541984,24.79,17.70875353
3/14/2017,435,441,435,435,0,16549,7235797,24.79,17.54739814
3/13/2017,432,439,432,435,0,10695,4639856,24.79,17.54739814
3/9/2017,425,437,425,432,0,8613,3732479,24.79,17.42638161
3/7/2017,431,430,422,425,0,3819,1630143,24.79,17.14400968
3/6/2017,431,438,426,431,0,10286,4430266,24.79,17.38604276
3/5/2017,423,431,416,431,0,6998,2989445,24.79,17.38604276
3/2/2017,419,424,419,423,0,7026,2963483,24.79,17.06333199
3/1/2017,417,420,417,419,0,5816,2437027,24.79,16.9019766
2/28/2017,420,422,410,417,0,3580,1484651,24.79,16.82129891
2/26/2017,422,425,418,420,0,3185,1341864,24.79,16.94231545
2/23/2017,425,433,420,422,0,11868,5018865,24.79,17.02299314
2/22/2017,435,435,425,425,0,8577,3658453,24.79,17.14400968
2/21/2017,440,449,432,435,0,18519,8131521,24.79,17.54739814
2/20/2017,444,451,439,440,0,16082,7129768,24.79,17.74909238
2/19/2017,446,454,423,444,0,30607,13555948,24.79,17.91044776
2/16/2017,429,448,421,446,0,25025,10916832,24.79,17.99112545
2/15/2017,407,430,410,429,0,12093,5084309,24.79,17.30536507
2/14/2017,423,423,405,407,0,11603,4779760,24.79,16.41791045
2/13/2017,414,423,400,423,0,31399,12639381,24.79,17.06333199
2/12/2017,426,426,407,414,0,16125,6689803,24.79,16.70028237
2/9/2017,438,435,421,426,0,21780,9327364,24.79,17.18434853
2/8/2017,458,459,435,438,0,23079,10208438,24.79,17.66841468
2/7/2017,460,463,434,458,0,11518,5173284,24.79,18.47519161
2/6/2017,466,466,458,460,0,5397,2488290,24.79,18.5558693
2/5/2017,475,473,453,466,0,5095,2363946,24.79,18.79790238
2/2/2017,477,495,462,475,0,15489,7379687,24.79,19.160952
2/1/2017,455,479,456,477,0,11343,5327189,24.79,19.24162969
1/31/2017,445,464,439,455,0,10784,4837050,24.79,18.35417507
1/30/2017,456,451,437,445,0,21770,9614335,24.79,17.95078661
1/26/2017,465,469,447,456,0,20406,9292271,24.79,18.39451392
1/25/2017,480,479,454,465,0,13693,6406153,24.79,18.75756353
1/24/2017,488,494,471,480,0,12559,6055477,24.79,19.36264623
1/23/2017,494,493,488,488,0,9530,4673921,24.79,19.685357
1/22/2017,496,501,494,494,0,8247,4105367,24.79,19.92739008
1/19/2017,499,500,495,496,0,5109,2545368,24.79,20.00806777
1/18/2017,500,510,491,499,0,12104,6017998,24.79,20.12908431
1/17/2017,497,500,492,500,0,8214,4069412,24.79,20.16942315
1/16/2017,503,503,495,497,0,7255,3614755,24.79,20.04840662
1/15/2017,505,505,495,503,0,2861,1428048,24.79,20.29043969
1/12/2017,500,505,498,505,0,11634,5822734,17.94,28.14938685
1/11/2017,501,510,499,500,0,8569,4300706,17.94,27.87068004
1/10/2017,503,508,501,501,0,7145,3599838,17.94,27.9264214
1/9/2017,497,503,491,503,0,12959,6438597,17.94,28.03790412
1/8/2017,503,500,490,497,0,14975,7398712,17.94,27.70345596
1/5/2017,508,508,496,503,0,11264,5641567,17.94,28.03790412
1/4/2017,508,510,493,508,0,7959,3996114,17.94,28.31661093
1/3/2017,522,520,503,508,0,11020,5647182,17.94,28.31661093
1/2/2017,510,522,508,522,0,9528,4918690,17.94,29.09698997
1/1/2017,502,516,502,510,0,7855,4009924,17.94,28.42809365
12/29/2016,486,502,494,502,0,15310,7627631,17.94,27.98216276
12/28/2016,482,495,480,486,0,11911,5809505,17.94,27.090301
12/27/2016,497,505,476,482,0,13779,6681427,17.94,26.86733556
12/26/2016,514,515,493,497,0,9448,4740676,17.94,27.70345596
12/22/2016,510,515,501,514,0,3320,1697756,17.94,28.65105909
12/21/2016,520,519,501,510,0,8363,4258888,17.94,28.42809365
12/20/2016,525,525,512,520,0,5450,2833608,17.94,28.98550725
12/19/2016,535,537,525,525,0,6368,3360681,17.94,29.26421405
12/18/2016,537,537,525,535,0,6606,3521112,17.94,29.82162765
12/15/2016,534,537,530,537,0,5999,3206698,17.94,29.93311037
12/14/2016,530,540,521,534,0,9427,4993469,17.94,29.76588629
12/12/2016,529,537,515,530,0,3967,2076835,17.94,29.54292085
12/11/2016,536,538,522,529,0,10906,5768611,17.94,29.48717949
12/8/2016,539,540,534,536,0,8066,4322351,17.94,29.87736901
12/7/2016,539,544,535,539,0,7217,3882133,17.94,30.04459309
12/6/2016,533,545,530,539,0,14565,7769193,17.94,30.04459309
12/5/2016,555,560,528,533,0,15295,8212971,17.94,29.71014493
12/4/2016,569,567,555,555,0,14632,8189618,17.94,30.93645485
12/1/2016,573,582,560,569,0,24219,13828356,17.94,31.71683389
11/30/2016,562,580,555,573,0,21959,12488495,17.94,31.93979933
11/29/2016,534,566,514,562,0,21579,11698143,17.94,31.32664437
11/28/2016,508,545,488,534,0,21646,11089115,17.94,29.76588629
11/27/2016,535,531,505,508,0,20997,10831468,17.94,28.31661093
11/24/2016,533,553,525,535,0,15416,8233238,17.94,29.82162765
11/23/2016,540,542,525,533,0,22374,11941367,17.94,29.71014493
11/22/2016,545,550,525,540,0,18744,10166819,17.94,30.10033445
11/21/2016,530,565,527,545,0,18853,10256156,17.94,30.37904125
11/20/2016,547,550,522,530,0,39521,21075360,17.94,29.54292085
11/17/2016,570,575,545,547,0,21731,12008380,17.94,30.49052397
11/16/2016,570,579,570,570,0,8105,4642313,17.94,31.77257525
11/15/2016,586,592,570,570,0,15963,9282123,17.94,31.77257525
11/14/2016,587,595,582,586,0,12668,7482377,17.94,32.66443701
11/13/2016,591,592,585,587,0,6912,4068599,17.94,32.72017837
11/10/2016,582,598,587,591,0,19889,11739857,17.94,32.94314381
11/9/2016,596,606,580,582,0,10255,6013269,17.94,32.44147157
11/8/2016,612,612,595,596,0,6455,3900291,17.94,33.22185061
11/7/2016,614,618,606,612,0,9272,5660666,17.94,34.11371237
11/3/2016,610,620,608,614,0,2568,1567482,17.94,34.22519509
10/27/2016,609,620,608,610,0,6749,4124275,17.94,34.00222965
10/26/2016,615,615,600,609,0,19957,12096246,17.94,33.94648829
10/25/2016,627,626,610,615,0,10593,6519013,17.94,34.28093645
10/24/2016,635,636,624,627,0,6771,4260641,17.94,34.94983278
10/23/2016,648,650,633,635,0,6063,3890654,17.94,35.39576366
10/20/2016,648,651,643,648,0,3303,2133809,17.94,36.12040134
10/19/2016,646,651,642,648,0,6977,4505359,17.94,36.12040134
10/18/2016,651,655,644,646,0,6085,3939778,17.94,36.00891862
10/17/2016,660,660,647,651,0,5758,3758521,17.94,36.28762542
10/16/2016,678,666,658,660,0,3547,2347771,17.94,36.78929766
