Date,Open,High,Low,Close,per_change,Qty,Turnover,EPS,PE,EMA5,EMA50,EMA200,RSI9,RSI14,RSI25,MACD,MACDSignal,MACDHist,BollingerUpper,BollingerMiddle,BollingerLower,ATR,UpperBand,LowerBand,Supertrend
2016-10-16,678.0,666.0,658.0,660.0,0.0,3547,2347771.0,17.94,36.78929766,648.8870092245531,571.1109543603534,489.71174319541626,84.08903743927857,78.15692497644574,71.76105471571798,28.11185292304185,25.07488424979901,3.0369686732428427,671.7454303746468,610.1999999999996,548.6545696253523,18.290376289154587,716.8711288674638,607.1288711325362,378.6553284372352
2016-10-17,660.0,660.0,647.0,651.0,0.0,5758,3758521.0,17.94,36.28762542,643.3305138368297,567.4828300485311,488.000303428536,81.57396681742833,76.24531567913913,70.49764183496208,27.43733643766268,24.3156420814883,3.1216943561743804,670.1021084002657,603.6999999999996,537.2978915997335,18.655973654616204,709.4679209638487,597.5320790361513,378.6553284372352
2016-10-18,651.0,655.0,644.0,646.0,0.0,6085,3939778.0,17.94,36.00891862,639.4957707552445,564.0739659688793,486.3621155232952,80.0138471668667,75.12215761353109,69.77646662130947,27.093683229958287,23.535218492444702,3.558464737513585,665.7688355250409,598.3999999999996,531.0311644749584,19.17330406068467,707.019912182054,591.980087817946,378.6553284372352
2016-10-19,646.0,651.0,642.0,648.0,0.0,6977,4505359.0,17.94,36.12040134,636.2436561328667,560.730046212507,484.7577146742831,82.49740227134154,76.46501440343802,70.4376472581297,26.7700577433252,22.645602308066305,4.124455435258891,661.3287329502745,593.0999999999997,524.8712670497249,20.0814489563163,706.7443468689489,586.2556531310511,378.6553284372352
2016-10-20,648.0,651.0,643.0,648.0,0.0,3303,2133809.0,17.94,36.12040134,630.3654841993001,557.1680072824053,483.1170886911101,82.49740227134154,76.46501440343802,70.4376472581297,25.7639749186651,21.61448844925158,4.149486469413517,655.4859670071539,587.3499999999997,519.2140329928454,21.312721062573665,710.938163187721,583.061836812279,378.6553284372352
2016-10-23,648.0,650.0,633.0,635.0,0.0,6063,3890654.0,17.94,35.39576366,621.5482262989502,553.4605790082177,481.45997400458856,79.17818625745488,73.84461995151878,68.65860919380482,24.10509866000939,20.5771168318982,3.527981828111187,647.4817603899453,581.6999999999996,515.9182396100539,21.903023402859628,707.2090702085789,575.7909297914211,378.6553284372352
2016-10-24,635.0,636.0,624.0,627.0,0.0,6771,4260641.0,17.94,34.94983278,614.8223394484254,550.1324393759,479.9168581654386,76.76822840492366,72.06746613014428,67.50328580850442,22.96078607299762,19.695121374870407,3.265664698127214,643.7905581508496,575.3499999999997,506.90944184914974,21.78113711428848,695.3434113428655,564.6565886571345,378.6553284372352
2016-10-25,627.0,626.0,610.0,615.0,0.0,10593,6519013.0,17.94,34.28093645,608.733509172638,546.9949879218551,478.43863563443807,72.52880055338133,69.14762544531695,65.68159402768453,21.98079748269538,18.878705200338604,3.102092282356775,637.0780084064025,570.6999999999996,504.32199159359664,21.8679301269872,683.6037903809615,552.3962096190385,378.6553284372352
2016-10-26,615.0,615.0,600.0,609.0,0.0,19957,12096246.0,17.94,33.94648829,605.6002637589571,544.2192731431553,477.0661596106636,70.1041247780127,67.57390040595834,64.73262997839531,21.632073173143223,18.10318212974941,3.5288910433938163,631.300217390931,568.0499999999996,504.7997826090682,22.408811252208,674.726433756624,540.273566243376,378.6553284372352
2016-10-27,609.0,620.0,608.0,610.0,0.0,6749,4124275.0,17.94,34.00222965,603.9003956384357,541.5751618428759,475.7401913655446,71.03294594755842,68.11158215427537,65.02029800273627,21.48323489916004,17.220959368900957,4.262275530259082,626.7243747383973,566.2499999999997,505.7756252616021,23.23201250245333,683.69603750736,544.30396249264,378.6553284372352
2016-11-03,610.0,620.0,608.0,614.0,0.0,2568,1567482.0,17.94,34.22519509,600.8505934576535,538.7823113058504,474.3908465551481,74.54460395356828,70.18588122218704,66.14911516129354,20.878961540015556,16.155390486336188,4.723571053679365,621.2880022421543,564.1999999999996,507.1119977578448,24.48001389161481,687.4400416748445,540.5599583251555,378.6553284372352
2016-11-07,614.0,618.0,606.0,612.0,0.0,9272,5660666.0,17.94,34.11371237,594.2758901864803,535.712201563232,472.9877394853506,73.97273246367638,69.75827672941108,65.86465583974643,19.396722284670886,14.974497722916349,4.42222456175454,613.6441790660003,561.2499999999997,508.85582093399904,25.866682101794236,689.6000463053826,534.3999536946174,378.6553284372352
2016-11-08,612.0,612.0,595.0,596.0,0.0,6455,3900291.0,17.94,33.22185061,585.4138352797205,532.5984138719353,471.5906313394747,69.02417071161622,66.15200419373063,63.509665041537424,17.4263482200721,13.868941582477712,3.557406637594388,605.541475930989,557.2999999999996,509.0585240690103,26.296313446438035,682.3889403393141,524.6110596606859,378.6553284372352
2016-11-09,596.0,606.0,580.0,582.0,0.0,10255,6013269.0,17.94,32.44147157,580.1207529195807,530.0105940299735,470.3402859258011,63.64856352769426,62.52066094018199,61.26491094110925,16.287051167146842,12.979589923079114,3.307461244067728,599.8613421955394,554.4499999999996,509.03865780445983,25.884792718264485,670.6543781547934,515.3456218452066,378.6553284372352
2016-11-10,582.0,598.0,587.0,591.0,0.0,19889,11739857.0,17.94,32.94314381,579.181129379371,527.8885774597684,469.2180777441508,70.6552193317658,66.7985673879343,63.68258247545441,16.021445820800068,12.15272461206218,3.8687212087378864,596.3413442120026,552.2999999999996,508.2586557879966,25.87199190918276,670.1159757275483,514.8840242724517,378.6553284372352
2016-11-13,591.0,592.0,585.0,587.0,0.0,6912,4068599.0,17.94,32.72017837,573.2716940690565,525.3126010295548,467.9941388270066,69.32099644446163,65.83376665772803,63.06062054772329,14.533033966796664,11.18554430987771,3.347489656918956,590.3297743985936,549.5499999999996,508.7702256014056,27.52443545464751,671.0733063639425,505.9266936360575,378.6553284372352
2016-11-14,587.0,595.0,582.0,586.0,0.0,12668,7482377.0,17.94,32.66443701,566.4075411035848,522.7947480103529,466.7981000212479,69.00785784844278,65.60172132595062,62.90816670240063,12.829162342715335,10.34867189564797,2.480490447067366,584.5090808129308,546.6499999999996,508.7909191870684,29.80492828294168,677.9147848488251,499.08521515117496,378.6553284372352
2016-11-15,586.0,592.0,570.0,570.0,0.0,15963,9282123.0,17.94,31.77257525,556.6113116553771,520.2149418066939,465.60009097623526,63.74487127687994,61.74123538755551,60.397663295011775,10.569614744812045,9.728549283881128,0.8410654609309152,577.7278688822059,543.8499999999997,509.97213111779337,30.33880920326853,672.0164276098055,489.9835723901944,378.6553284372352
2016-11-16,570.0,579.0,570.0,570.0,0.0,8105,4642313.0,17.94,31.77257525,549.9169674830656,518.1828986151304,464.5508456594135,63.74487127687994,61.74123538755551,60.397663295011775,9.160961414472808,9.5182829186484,-0.3573215041755908,573.9465515377462,542.0499999999996,510.1534484622529,31.26534355918725,668.2960306775617,480.70396932243824,378.6553284372352
2016-11-17,570.0,575.0,545.0,547.0,0.0,21731,12008380.0,17.94,30.49052397,539.8754512245985,516.0679148851357,463.4910551635282,55.08096136329985,55.559297017072375,56.496866024084405,7.229757179538296,9.607613294692296,-2.377856115154,569.6465382566909,540.3999999999996,511.1534617433084,31.183715065763614,653.5511451972909,466.4488548027092,378.6553284372352
2016-11-20,547.0,550.0,522.0,530.0,0.0,39521,21075360.0,17.94,29.54292085,536.3131768368977,514.8053807988147,462.6517692857747,46.7149507567051,50.01610064468744,53.22788907989685,7.001496397065012,10.202077323480797,-3.2005809264157854,568.972589874748,539.7999999999996,510.6274101252513,29.64857229529291,624.9457168858787,447.0542831141213,378.6553284372352
2016-11-21,530.0,565.0,527.0,545.0,0.0,18853,10256156.0,17.94,30.37904125,539.4697652553465,514.1851922599908,461.9749026454308,54.7061923672552,55.7094213116575,56.84620390894648,8.339221778023557,11.002222555084742,-2.663000777061185,569.1369903842907,539.5499999999996,509.9630096157086,29.8317469947699,635.4952409843097,456.5047590156903,378.6553284372352
2016-11-22,545.0,550.0,525.0,540.0,0.0,18744,10166819.0,17.94,30.10033445,536.7046478830197,512.9274450052966,461.1404795564401,52.2878746847801,54.09194175215091,55.88660991404306,8.398075311130356,11.66797274935004,-3.269897438219683,568.9535479186359,538.2999999999996,507.64645208136335,28.92416332752211,624.2724899825663,450.7275100174337,378.6553284372352
2016-11-23,540.0,542.0,525.0,533.0,0.0,22374,11941367.0,17.94,29.71014493,535.0569718245296,511.8224427606148,460.34792156203247,48.892106672410144,51.80379628978679,54.5276224608542,8.860130907042958,12.48544710890496,-3.6253162018620015,569.8187825335854,536.7999999999996,503.7812174664139,29.360181475024568,621.5805444250736,445.4194555749263,378.6553284372352
2016-11-24,533.0,553.0,525.0,535.0,0.0,15416,8233238.0,17.94,29.82162765,536.0854577367944,510.95805266921127,459.6177499194398,49.79212076147965,52.497996446638176,54.99229827864096,10.033734508996304,13.391776159370462,-3.358041650374158,570.3131687457742,535.8499999999997,501.3868312542252,30.73353497224952,631.2006049167486,446.7993950832514,378.6553284372352
2016-11-27,535.0,531.0,505.0,508.0,0.0,20997,10831468.0,17.94,28.31661093,536.6281866051916,509.976748696526,458.8601393658664,35.55673084755945,42.90722987101934,49.40435992770384,11.182097877176602,14.231286571964002,-3.0491886947874,572.3555985502139,533.9499999999996,495.54440144978525,29.14837219138836,605.445116574165,430.5548834258349,378.6553284372352
2016-11-28,508.0,545.0,488.0,534.0,0.0,21646,11089115.0,17.94,29.76588629,550.9422799077873,510.0574323167924,458.36627141979466,46.95144774106701,52.36018153724646,55.80991796518929,15.234269334349731,14.993583745660851,0.2406855886888816,575.9317513508872,532.6499999999996,489.3682486491121,29.164857990431507,603.9945739712946,429.0054260287055,378.6553284372352
2016-11-29,534.0,566.0,514.0,562.0,0.0,21579,11698143.0,17.94,31.32664437,559.4134198616811,509.08018465625327,457.6061334441142,67.72859670050047,67.15524787454885,64.44891259448909,17.537451531187457,14.93341234848863,2.604039182698827,578.0532425678413,530.2499999999997,482.4467574321581,24.18317554492389,612.5495266347716,467.45047336522833,378.6553284372352
2016-11-30,562.0,580.0,555.0,573.0,0.0,21959,12488495.0,17.94,31.93979933,558.1201297925217,506.9201921932432,456.55694885561286,80.1078406651317,74.87300301732117,68.44465268205482,17.371150240152133,14.282402552813924,3.088747687338209,574.2303150266138,527.2499999999997,480.2696849733855,20.31463949435988,628.4439184830796,506.5560815169204,378.6553284372352
2016-12-01,573.0,582.0,560.0,569.0,0.0,24219,13828356.0,17.94,31.71683389,550.6801946887825,504.2230571807225,455.3866669345637,78.85883091704487,73.85857090635821,67.74658771383727,15.78621804337388,13.51021563097937,2.276002412394508,566.6248162841398,524.0999999999997,481.5751837158596,19.79404388262209,630.3821316478662,511.6178683521337,378.6553284372352
2016-12-04,569.0,567.0,555.0,555.0,0.0,14632,8189618.0,17.94,30.93645485,541.5202920331739,501.57910033095607,454.2448243911925,73.72646033513456,69.91054406725694,65.15669676974626,13.94092323158236,12.941215027880745,0.9997082037016156,558.9514784652429,521.7499999999997,484.5485215347565,18.993382091802324,617.9801462754069,504.019853724593,378.6553284372352
2016-12-05,555.0,560.0,528.0,533.0,0.0,15295,8212971.0,17.94,29.71014493,534.7804380497607,499.3986554465053,453.2322095609532,60.24565993501723,61.405259277108,60.3541774585029,12.808333515709135,12.69128797695534,0.1170455387537963,553.730161665801,519.3999999999996,485.0698383341983,17.325980102002582,595.9779403060078,492.0220596939923,378.6553284372352
2016-12-06,533.0,545.0,530.0,539.0,0.0,14565,7769193.0,17.94,30.04459309,535.6706570746411,498.0271719953423,452.4305232248824,68.8039389466161,66.13984030136969,62.61371236998106,13.416434154493343,12.662026592266892,0.7544075622264526,552.2279987675338,518.1499999999996,484.0720012324656,15.695533446669538,584.5866003400087,490.4133996599914,378.6553284372352
2016-12-07,539.0,544.0,535.0,539.0,0.0,7217,3882133.0,17.94,30.04459309,534.0059856119616,496.3548116686216,451.56047823216767,68.8039389466161,66.13984030136967,62.61371236998106,13.386534473021698,12.47342470171028,0.9131097713114188,549.6262678195708,516.3499999999997,483.0737321804286,15.772814940743933,586.8184448222318,492.1815551777682,378.6553284372352
2016-12-08,539.0,540.0,534.0,536.0,0.0,8066,4322351.0,17.94,29.87736901,531.5089784179423,494.61419173672857,450.6816890686719,66.94908770053985,64.97558697630332,61.95742492339672,13.15365837815392,12.245147258882424,0.9085111192714964,546.837574319055,514.2499999999997,481.6624256809444,16.525349934159923,586.5760498024798,487.4239501975202,378.6553284372352
2016-12-11,536.0,538.0,522.0,529.0,0.0,10906,5768611.0,17.94,29.48717949,529.2634676269134,492.9249750729216,449.82421860705045,62.299912097003606,62.156265681662695,60.40030667178885,12.970552404295006,12.01801947906455,0.9525329252304556,543.933049644102,512.5999999999997,481.2669503558975,17.139277704622135,581.4178331138664,478.5821668861336,378.6553284372352
2016-12-12,529.0,537.0,515.0,530.0,0.0,3967,2076835.0,17.94,29.54292085,529.3952014403701,491.452525075898,449.0284821106389,63.43298295717036,62.827135481123655,60.741270851403016,13.260907289961663,11.779886247756936,1.4810210422047287,541.9740150126677,511.1999999999997,480.4259849873316,17.265864116246817,577.7975923487404,474.20240765125953,378.6553284372352
2016-12-14,530.0,540.0,521.0,534.0,0.0,9427,4993469.0,17.94,29.76588629,529.0928021605552,489.8791587524653,448.21469801124834,67.81854839392054,65.45102212209792,62.08713890309285,13.336801601631294,11.409630987205754,1.92717061442554,539.5737342828097,509.6999999999997,479.82626571718953,16.73984901805202,580.719547054156,480.28045294584393,378.6553284372352
2016-12-15,534.0,537.0,530.0,537.0,0.0,5999,3206698.0,17.94,29.93311037,526.6392032408327,488.0783080893006,447.3525341721654,71.09543107875739,67.41171590240673,63.09369284368812,12.832407772502336,10.927838333599368,1.904569438902968,536.0051796967673,508.24999999999966,480.4948203032321,16.48872113116891,582.9661633935067,484.03383660649325,378.6553284372352
2016-12-18,537.0,537.0,525.0,535.0,0.0,6606,3521112.0,17.94,29.82162765,521.458804861249,486.0815043378435,446.4515546161068,70.24340708326602,66.79596037493172,62.70675108599541,11.696510081177564,10.451695973873626,1.244814107303938,531.024272205726,506.5499999999996,482.0757277942732,17.543023479076567,583.6290704372298,478.3709295627703,378.6553284372352
2016-12-19,535.0,537.0,525.0,525.0,0.0,6368,3360681.0,17.94,29.26421405,514.6882072918734,484.0848310455106,445.5616204916455,65.75728601952044,63.60296610301095,60.73050241661517,10.28019688125147,10.140492447047642,0.1397044342038285,525.647857033517,504.6499999999997,483.6521429664823,18.158914976751745,585.4767449302552,476.5232550697448,378.6553284372352
2016-12-20,525.0,525.0,512.0,520.0,0.0,5450,2833608.0,17.94,28.98550725,509.53231093781,482.414824149409,444.7632448181947,63.29808522772064,61.90200387270901,59.70556419916853,9.341117896891204,10.105566338496685,-0.7644484416054791,522.2722017793373,503.3999999999997,484.5277982206621,18.287683307501936,573.3630499225058,463.6369500774942,378.6553284372352
2016-12-21,520.0,519.0,501.0,510.0,0.0,8363,4258888.0,17.94,28.42809365,504.298466406715,480.8807353391808,444.0070965249103,57.92636592983632,58.28119273127536,57.57979384671091,8.515731732898416,10.296678448898057,-1.7809467159996384,519.6852242558323,502.3499999999996,485.01477574416697,18.65298145277993,565.9589443583397,454.0410556416602,378.6553284372352
2016-12-22,510.0,515.0,501.0,514.0,0.0,3320,1697756.0,17.94,28.65105909,501.44769961007256,479.69219392445353,443.3438512638541,61.10629945058157,60.41382196936767,58.77038045445643,8.356555476560004,10.741915127897965,-2.3853596513379607,518.8229438361633,501.6499999999997,484.4770561638359,18.72553494753325,564.1766048425998,451.8233951574002,378.6553284372352
2016-12-26,514.0,515.0,493.0,497.0,0.0,9448,4740676.0,17.94,27.70345596,495.17154941510887,478.2918753091251,442.6337392162546,50.92987155673866,53.732413554597855,54.97166332442496,7.624566066083503,11.338255040732454,-3.713688974648951,517.1457570302176,500.6499999999997,484.1542429697817,18.806149941703616,560.4184498251109,447.5815501748892,378.6553284372352
2016-12-27,497.0,505.0,476.0,482.0,0.0,13779,6681427.0,17.94,26.86733556,494.2573241226633,477.5282783829669,442.08734463551343,38.25998818922778,46.30741419803776,51.15997790976681,8.310287712114132,12.266677284394692,-3.95638957228056,517.5389734413513,500.1999999999997,482.861026558648,17.229055490781796,542.1871664723454,438.8128335276546,378.6553284372352
2016-12-28,482.0,495.0,480.0,486.0,0.0,11911,5809505.0,17.94,27.090301,500.3859861839949,477.34575913329206,441.68621242079496,40.75426529384556,48.22371778838058,52.29320346156132,10.5919137008716,13.255774677464832,-2.663860976593231,517.8752637111226,500.0999999999996,482.3247362888767,15.921172767535328,535.263518302606,439.736481697394,378.6553284372352
2016-12-29,486.0,502.0,494.0,502.0,0.0,15310,7627631.0,17.94,27.98216276,507.5789792759924,476.992524812202,441.2408477215064,53.05140944660338,56.98218691693623,57.15469025034741,12.942761218145677,13.921739921613138,-0.9789787034674616,521.8137870311608,499.0499999999996,476.28621296883847,15.245747519483697,543.737242558451,452.2627574415489,378.6553284372352
2017-01-01,502.0,516.0,502.0,510.0,0.0,7855,4009924.0,17.94,28.42809365,510.3684689139885,475.9718115392306,440.6302029749889,61.26779757792864,62.22966058088015,59.82426748109653,14.125948249747978,14.166484597480004,-0.0405363477320257,526.177028392278,496.74999999999966,467.3229716077213,15.16194168831522,554.4858250649456,463.5141749350544,378.6553284372352
2017-01-02,510.0,522.0,508.0,522.0,0.0,9528,4918690.0,17.94,29.09698997,510.5527033709828,474.5829058877706,439.9330190852903,77.21222019872219,71.38621512377587,64.13816300789735,14.616111359178548,14.17661868441301,0.4394926747655372,529.8895589420912,493.49999999999966,457.1104410579081,14.624379653683576,558.8731389610507,471.1268610389493,378.6553284372352
2017-01-03,522.0,520.0,503.0,508.0,0.0,11020,5647182.0,17.94,28.31661093,504.82905505647415,472.6475142913531,439.108225307253,68.78899136331572,65.9601589693822,60.98740463060807,13.807321562718244,14.066745515721625,-0.259423953003381,527.7440154811894,490.1499999999997,452.55598451880985,14.69375517075953,555.5812655122786,467.4187344877214,378.6553284372352
2017-01-04,508.0,510.0,493.0,508.0,0.0,7959,3996114.0,17.94,28.31661093,503.2435825847113,471.20455569100017,438.4158456620998,68.7889913633157,65.96015896938219,60.98740463060808,13.999632454323889,14.13160150397247,-0.1319690496485837,525.6750590019748,488.5999999999996,451.5249409980245,14.437505745288366,544.8125172358651,458.18748276413487,378.6553284372352
2017-01-05,508.0,508.0,496.0,503.0,0.0,11264,5641567.0,17.94,28.03790412,500.8653738770669,469.70270082124506,437.716507427548,65.15434519352718,63.84909831136062,59.82564600883976,14.041460065728645,14.164593766384616,-0.1231337006559734,523.3559061142523,486.9499999999997,450.544093885747,14.152784161431516,544.4583524842946,459.5416475157055,378.6553284372352
2017-01-08,503.0,500.0,490.0,497.0,0.0,14975,7398712.0,17.94,27.70345596,499.7980608156003,468.3436273853775,437.06039192430734,60.21197280304027,61.16543388741421,58.39848597116797,14.399698797874692,14.19537719154861,0.2043216063260811,521.8145747626189,485.0999999999996,448.38542523738033,14.391982401590573,538.1759472047718,451.8240527952283,378.6553284372352
2017-01-09,497.0,503.0,491.0,503.0,0.0,12959,6438597.0,17.94,28.03790412,501.1970912234004,467.17397952355617,436.4579838029436,68.89845183606093,65.69388112280463,60.46037773385709,15.258400615299252,14.14429678996709,1.1141038253321618,521.0911152055513,483.24999999999966,445.408884794448,14.546647112878412,540.6399413386353,453.3600586613648,378.6553284372352
2017-01-10,503.0,508.0,501.0,501.0,0.0,7145,3599838.0,17.94,27.9264214,500.2956368351007,465.7116929734973,435.7892198210636,67.50964582575082,64.88928679937158,60.00854103461467,15.521566926044043,13.865770833634048,1.6557960924099966,519.2256458415003,480.99999999999966,442.774354158499,14.829607903198236,548.9888237095947,460.0111762904053,378.6553284372352
2017-01-11,501.0,510.0,499.0,500.0,0.0,8569,4300706.0,17.94,27.87068004,499.94345525265095,464.271353911191,435.1338350956472,66.85178008134119,64.50275489510172,59.78797115345721,15.835330952834056,13.45182181053155,2.383509142302506,519.2179827886242,477.8499999999996,436.482017211375,15.58845322577582,551.2653596773274,457.7346403226725,378.6553284372352
2017-01-12,500.0,505.0,498.0,505.0,0.0,11634,5822734.0,17.94,28.14938685,499.91518287897645,462.8130418259335,434.481913840327,73.46278863896313,67.9772744772004,61.41384362197775,16.107294042259298,12.855944524955923,3.251349517303374,519.933293896353,474.1499999999997,428.3667061036463,16.098281361973132,549.7948440859194,453.2051559140806,378.6553284372352
2017-01-15,505.0,505.0,495.0,503.0,0.0,2861,1428048.0,24.79,20.29043969,497.3727743184647,461.0911251657676,433.7731893563102,72.49570801458253,67.32350095436601,61.0066561906954,15.711039017601934,12.04310714563008,3.667931871971854,520.0634521213116,469.5999999999996,419.1365478786877,17.109201513303482,551.3276045399105,448.6723954600896,378.6553284372352
2017-01-16,503.0,503.0,495.0,497.0,0.0,7255,3614755.0,24.79,20.04840662,494.559161477697,459.3805588460029,433.0774425156701,69.53513792433168,65.35302601166276,59.78443587872497,15.180385673146873,11.126124177637116,4.054261495509756,517.5014450665872,465.5999999999996,413.698554933412,17.899112792559425,552.6973383776783,445.3026616223217,378.6553284372352
2017-01-17,497.0,500.0,492.0,500.0,0.0,8214,4069412.0,24.79,20.16942315,493.3387422165455,457.8450714519623,432.43500475200847,73.02884755092607,67.23545706702568,60.69764896222915,14.893182521887582,10.112558803759676,4.780623718127904,516.798833021886,461.0999999999996,405.4011669781132,18.999014213954915,552.9970426418647,439.0029573581352,378.6553284372352
2017-01-18,500.0,510.0,491.0,499.0,0.0,12104,6017998.0,24.79,20.12908431,490.0081133248182,456.12446212347095,431.7559595736367,72.62125880366021,66.9407158414677,60.50459418710443,14.004524208507348,8.917402874227701,5.087121334279647,511.9134987836495,457.5499999999996,403.18650121634977,20.22112690439435,561.1633807131831,439.8366192868169,378.6553284372352
2017-01-19,499.0,500.0,495.0,496.0,0.0,5109,2545368.0,24.79,20.00806777,485.5121699872273,454.3744401693269,431.0801400718642,71.47160038677089,66.09097068008698,59.937847771029375,12.76838906366919,7.645622540657788,5.122766523011402,505.9916822976092,454.8999999999997,403.80831770239007,20.35680767154928,558.5704230146479,436.4295769853522,378.6553284372352
2017-01-22,496.0,501.0,494.0,494.0,0.0,8247,4105367.0,24.79,19.92739008,480.26825498084094,452.67543772725867,430.42767916806383,70.74359855547412,65.54269289963722,59.56651493731584,11.310363637876948,6.364930909904938,4.945432727972008,499.93654059647736,452.2999999999996,404.6634594035218,21.95200852394364,563.356025571831,431.6439744281691,378.6553284372352
2017-01-23,494.0,493.0,488.0,488.0,0.0,9530,4673921.0,24.79,19.685357,473.40238247126143,450.98872089979983,429.7887613707579,68.60735004860982,63.91744684841495,58.45756087851907,9.488514986951202,5.128572727911936,4.359942259039266,493.4470067393421,449.5999999999996,405.7529932606572,22.94667613771516,559.3400284131454,421.6599715868545,378.6553284372352
2017-01-24,488.0,494.0,471.0,480.0,0.0,12559,6055477.0,24.79,19.36264623,466.1035737068921,449.4780564467304,429.2037237965947,65.6332502299585,61.6796464517677,56.94610744603617,7.636067945413913,4.03858716315212,3.597480782261793,487.473943539589,446.9499999999997,406.4260564604103,24.051862375239065,554.6555871257171,410.3444128742828,378.6553284372352
2017-01-25,480.0,479.0,454.0,465.0,0.0,13693,6406153.0,24.79,18.75756353,459.1553605603382,448.2322628323113,428.693208457867,59.18933208115524,57.04095730469945,53.9289097013467,5.97514727864575,3.139216967586672,2.835930311059078,482.7984455645523,444.1999999999997,405.601554435447,23.502069305821184,537.0062079174636,395.99379208253646,378.6553284372352
2017-01-26,465.0,469.0,447.0,456.0,0.0,20406,9292271.0,24.79,18.39451392,456.2330408405073,447.5478653968954,428.3283160805592,54.65469413173823,53.93417223579274,51.990986244132976,5.295570030826866,2.4302343898219023,2.865335641004964,480.564802349225,442.0499999999996,403.5351976507742,23.335632562023537,528.0068976860706,387.9931023139294,378.6553284372352
2017-01-30,456.0,451.0,437.0,445.0,0.0,21770,9614335.0,24.79,17.95078661,456.34956126076094,447.2028803110544,428.0502087044844,48.42925527730258,49.81514379343208,49.49849368662668,5.267519506798692,1.7139004795706612,3.553619027228031,479.3492327290399,440.24999999999966,401.1507672709594,23.26181395780393,513.7854418734119,374.2145581265882,378.6553284372352
2017-01-31,445.0,464.0,439.0,455.0,0.0,10784,4837050.0,24.79,18.35417507,462.02434189114143,447.29279379313823,427.8798590432229,54.472493029954016,53.88223735716164,51.84768849762486,6.27509837239478,0.8254957227636535,5.449602649631126,479.1552105812618,438.8499999999996,398.5447894187374,23.84645995311548,523.0393798593465,379.96062014065353,378.6553284372352
2017-02-01,455.0,479.0,456.0,477.0,0.0,11343,5327189.0,24.79,19.24162969,465.5365128367121,446.9782139479602,427.6072948125015,72.05582326614397,64.66798043432314,57.623612127977744,6.451679420884432,-0.5369049396441283,6.98858436052856,477.5245599111318,437.0499999999996,396.5754400888674,22.273844392350536,534.3215331770516,400.6784668229484,378.6553284372352
2017-02-02,477.0,495.0,462.0,475.0,0.0,15489,7379687.0,24.79,19.160952,459.80476925506815,445.752834925428,427.1108857151397,71.30739770465983,64.06068946503609,57.20756977664624,4.343218440289263,-2.2840510297762684,6.627269470065532,470.8097037837637,434.3499999999996,397.8902962162355,22.193160435945043,545.0794813078351,411.9205186921649,378.6553284372352
2017-02-05,475.0,473.0,453.0,466.0,0.0,5095,2363946.0,24.79,18.79790238,452.2071538826023,444.5590730856495,426.6295880841361,67.86469331942205,61.27973062447006,55.31223473958664,1.792517793198158,-3.9408683972926513,5.733386190490809,463.4822517543796,432.1499999999997,400.81774824561967,20.99240048438338,525.9772014531502,400.02279854684986,378.6553284372352
2017-02-06,466.0,466.0,458.0,460.0,0.0,5397,2488290.0,24.79,18.5558693,445.3107308239034,443.6839332115944,426.2339055523184,65.40488789538695,59.33165705242275,54.00853908196061,-0.5728131097174582,-5.374214944915353,4.801401835197895,457.6132320755879,430.3999999999997,403.1867679244114,21.102667204870425,525.3080016146113,398.69199838538873,378.6553284372352
2017-02-07,460.0,463.0,434.0,458.0,0.0,11518,5173284.0,24.79,18.47519161,437.9660962358551,443.0179713018636,425.89454781917584,64.60205988032214,58.68832701492445,53.57513982278543,-2.972594544206516,-6.574565403714827,3.6019708595083118,452.2912774612495,428.6499999999997,405.0087225387498,22.558519116522696,516.1755573495681,380.82444265043193,378.6553284372352
2017-02-08,458.0,459.0,435.0,438.0,0.0,23079,10208438.0,24.79,17.66841468,427.9491443537826,442.4064599264294,425.571879958062,55.40253421768014,51.57520113693537,48.95756926119903,-5.788714199947776,-7.475058118591905,1.6863439186441287,446.8976341279413,427.3499999999996,407.802365872058,21.84279901835855,512.5283970550756,381.4716029449244,378.6553284372352
2017-02-09,438.0,435.0,421.0,426.0,0.0,21780,9327364.0,24.79,17.18434853,422.92371653067386,442.5863154336306,425.4469742289973,48.2263235747112,46.43689437839885,45.85558882253492,-7.2625438085491965,-7.896644098252937,0.6341002897037402,446.4623986045268,427.1999999999997,407.9376013954725,20.60311002039839,489.8093300611952,366.1906699388048,378.6553284372352
2017-02-12,426.0,426.0,407.0,414.0,0.0,16125,6689803.0,24.79,16.70028237,421.3855747960108,443.2633079003094,425.44141618104754,39.5850699600224,40.582501210206665,42.50100052675763,-7.816231144494282,-8.055169170678871,0.2389380261845897,447.19763412793833,427.6499999999997,408.10236587206094,20.55901113377599,478.177033401328,354.82296659867205,378.6553284372352
2017-02-13,414.0,423.0,400.0,423.0,0.0,31399,12639381.0,24.79,17.06333199,425.07836219401617,444.4577286309343,425.5564052883947,44.54114488473873,43.92611001820153,44.4854310182223,-7.18742870936245,-8.11490367722502,0.9274749678625688,447.98821626029365,428.8999999999997,409.8117837397056,20.732234593084435,473.6967037792533,349.3032962207467,378.6553284372352
2017-02-14,423.0,423.0,405.0,407.0,0.0,11603,4779760.0,24.79,16.41791045,426.1175432910242,445.33355428933976,425.582097803856,30.862421710586947,35.09894614801984,39.6786240374489,-7.19666736547623,-8.34677241919066,1.1501050537144302,449.2217744440424,429.74999999999966,410.27822555595696,20.480260658982708,475.4407819769481,352.55921802305187,378.6553284372352
2017-02-15,407.0,430.0,410.0,429.0,0.0,12093,5084309.0,24.79,17.30536507,435.6763149365364,446.8981891582924,425.7688525556535,44.18111019466686,43.92814715569182,44.79886837480853,-5.474689543054467,-8.634298682619269,3.159609139564802,450.073885425448,431.8499999999996,413.62611457455125,20.089178509980787,480.2675355299424,359.7324644700576,378.6553284372352
2017-02-16,429.0,448.0,421.0,446.0,0.0,25025,10916832.0,24.79,17.99112545,439.01447240480456,447.6287274912839,425.7363787119917,62.79457993407005,53.60337005656418,49.54127435865001,-5.4371878199917205,-9.424200967510467,3.987013147518749,450.1083764820097,431.5999999999996,413.0916235179896,18.321309455534205,489.4639283666026,379.5360716333974,378.6553284372352
2017-02-19,446.0,454.0,423.0,444.0,0.0,30607,13555948.0,24.79,17.91044776,435.5217086072069,447.6952061643975,425.5327242266851,61.079858092634886,52.45949584886868,48.93069240644482,-7.041144706991815,-10.420954254390155,3.3798095473983416,448.1962423664733,430.8999999999997,413.603757633526,17.357010506149116,490.57103151844734,386.4289684815527,378.6553284372352
2017-02-20,444.0,451.0,439.0,440.0,0.0,16082,7129768.0,24.79,17.74909238,431.2825629108103,447.8460309058015,425.34712346514425,57.606372340318416,50.178337909628944,47.71596734678609,-8.782323937933825,-11.265906641239742,2.483582703305917,446.9134091522652,430.49999999999966,414.0865908477341,15.841122784610132,492.5233683538304,397.4766316461696,378.6553284372352
2017-02-21,440.0,449.0,432.0,435.0,0.0,18519,8131521.0,24.79,17.54739814,426.9238443662154,448.166277065222,425.19985837434166,52.93974795486491,47.23985705457988,46.17977798825287,-10.469686171784415,-11.886802317066222,1.4171161452818044,445.94802826851935,430.0999999999996,414.2519717314799,15.823469760677924,487.97040928203376,393.02959071796624,378.6553284372352
2017-02-22,435.0,435.0,425.0,425.0,0.0,8577,3658453.0,24.79,17.14400968,422.8857665493231,448.7036761291086,425.1013644886567,41.48954405028709,40.749946474928784,42.96211686810235,-11.961996715036832,-12.241081353386672,0.2790846383498397,448.8308231179724,430.8499999999996,412.86917688202686,14.914966400753247,474.7448992022597,385.2551007977403,378.6553284372352
2017-02-23,425.0,433.0,420.0,422.0,0.0,11868,5018865.0,24.79,17.02299314,421.8286498239846,449.67117311397016,425.10238322723615,37.42983405571412,38.64761711284574,41.962822150460696,-12.674553128932985,-12.310852512974131,-0.3637006159588534,460.1967755065848,433.4499999999997,406.7032244934145,15.127740445281384,471.88322133584415,381.1167786641559,378.6553284372352
2017-02-26,422.0,425.0,418.0,420.0,0.0,3185,1341864.0,24.79,16.94231545,421.7429747359769,450.80060875127504,425.1335629581632,34.746842677206104,37.26973134624925,41.30468929455336,-13.094222542612384,-12.219927358984418,-0.874295183627968,466.6759646477536,435.8999999999997,405.1240353522457,15.36415605031265,467.592468150938,375.407531849062,378.6553284372352
2017-02-28,420.0,422.0,410.0,417.0,0.0,3580,1484651.0,24.79,16.82129891,422.6144621039654,452.0577764554087,425.1851565557327,30.78989589448356,35.24406490344562,40.33032023278334,-13.235775539088763,-12.001353563077426,-1.2344219760113369,469.4715061408187,437.8999999999997,406.3284938591806,16.1823956114585,464.5471868343755,367.4528131656245,378.6553284372352
2017-03-01,417.0,420.0,417.0,419.0,0.0,5816,2437027.0,24.79,16.9019766,425.42169315594816,453.4887061066499,425.26741943568976,31.93756502259784,35.96296802707634,40.763402579965366,-12.918473719477332,-11.692748069074591,-1.225725650402742,479.263775700264,441.5999999999996,403.9362242997353,16.64710623495389,468.44131870486166,368.5586812951384,378.6553284372352
2017-03-02,419.0,424.0,419.0,423.0,0.0,7026,2963483.0,24.79,17.06333199,428.6325397339222,454.8964083967172,425.33040857574696,34.20410946888759,37.37894682755001,41.62154271351029,-12.529212506526392,-11.386316656473904,-1.1428958500524864,486.7974489014603,445.1499999999997,403.50255109853896,17.830118038837654,474.99035411651295,368.0096458834871,378.6553284372352
2017-03-05,423.0,431.0,416.0,431.0,0.0,6998,2989445.0,24.79,17.38604276,431.4488096008833,456.1983026169914,425.353829767463,39.14253956459529,40.32778475057496,43.37471942381954,-12.257403285537691,-11.100592693960785,-1.1568105915769085,492.0169966984232,448.24999999999966,404.48300330157616,18.47790893204184,478.9337267961255,368.0662732038745,378.6553284372352
2017-03-06,431.0,438.0,426.0,431.0,0.0,10286,4430266.0,24.79,17.38604276,431.67321440132497,457.2268047646237,425.2970843379903,39.14253956459529,40.32778475057495,43.374719423819535,-12.54673183204966,-10.811390046066556,-1.7353417859831026,496.54602940015474,450.8999999999997,405.2539705998445,18.864343257824267,488.5930297734728,375.4069702265272,378.6553284372352
2017-03-07,431.0,430.0,422.0,425.0,0.0,3819,1630143.0,24.79,17.14400968,432.0098216019874,458.2972865917512,425.2397686026937,33.44843964641356,37.11982056298682,41.67665697493028,-12.733522350222472,-10.37755459957078,-2.355967750651692,499.71496522159606,453.3499999999996,406.9850347784032,19.515936953138077,484.5478108594142,367.4521891405858,378.6553284372352
2017-03-09,425.0,437.0,425.0,432.0,0.0,8613,3732479.0,24.79,17.42638161,435.5147324029811,459.6563595138635,425.2421783373941,37.042687420104194,39.41536110086649,43.125065531617295,-12.175811013777944,-9.788562661907855,-2.387248351870088,502.250407164321,456.1999999999997,410.1495928356783,20.573263281264527,492.7197898437936,369.2802101562064,378.6553284372352
2017-03-13,432.0,439.0,432.0,435.0,0.0,10695,4639856.0,24.79,17.54739814,437.2720986044717,460.78519051442936,425.17426053173983,38.6237811991115,40.40986157020333,43.7506371489309,-11.999593111424758,-9.191750573940334,-2.807842537484424,511.5955851756991,460.3499999999996,409.10441482430014,21.52584809029392,500.0775442708817,370.9224557291183,378.6553284372352
2017-03-14,435.0,441.0,435.0,435.0,0.0,16549,7235797.0,24.79,17.54739814,438.40814790670754,461.8376472701203,425.075509381305,38.6237811991115,40.40986157020333,43.75063714893089,-11.905589998073252,-8.489789939569228,-3.4158000585040256,517.8367903946711,463.99999999999966,410.1632096053282,23.139831211437688,507.4194936343131,368.5805063656869,378.6553284372352
2017-03-15,435.0,440.0,430.0,439.0,0.0,10404,4541984.0,24.79,17.70875353,440.1122218600613,462.93306144441095,424.97576575699657,40.44233019045485,41.61706454412247,44.54464346677391,-11.61243562433259,-7.635839924943222,-3.976595699389368,522.2458940067565,467.4499999999997,412.6541059932428,25.044256901597432,510.1327707047923,359.8672292952077,378.6553284372352
2017-03-16,439.0,444.0,437.0,440.0,0.0,16755,7366958.0,24.79,17.74909238,440.668332790092,463.9099210952032,424.83481867917743,40.86995397426361,41.9076956136356,44.73951215508541,-11.476628614586048,-6.64169100009588,-4.834937614490167,523.1215844309555,469.5999999999996,416.0784155690437,26.71584100177493,520.6475230053247,360.3524769946752,378.6553284372352
2017-03-19,440.0,450.0,436.0,449.0,0.0,29956,13227743.0,24.79,18.11214199,441.0024991851379,464.8858362419462,424.6824047965561,44.64657889391008,44.50509132220263,46.49697022398132,-11.238174887751995,-5.432956596473338,-5.805218291278657,522.828277298496,471.0499999999996,419.2717227015032,28.35093444641658,528.0528033392497,357.94719666075025,378.6553284372352
2017-03-20,403.0,424.0,403.0,424.0,0.0,7412,3083233.0,24.79,17.10367084,437.0037487777068,465.5342377212093,424.43800685481295,28.283561277634583,33.94513959951598,40.23663639145526,-11.68672049622552,-3.981652023653674,-7.705068472571845,526.1141202349122,473.6999999999997,421.28587976508703,28.61214938490731,499.3364481547219,327.6635518452781,378.6553284372352
2017-03-21,424.0,432.0,418.0,432.0,0.0,7603,3232826.0,24.79,17.42638161,443.50562316656016,467.22951273023824,424.4424089337558,30.880101832364225,35.979506537946584,41.73687470904011,-9.54378459291388,-2.055384905510713,-7.488399687403167,525.1410221231473,477.24999999999966,429.35897787685207,28.56905487211923,510.70716461635766,339.29283538364234,378.6553284372352
2017-03-22,432.0,451.0,433.0,436.0,0.0,21202,9375120.0,24.79,17.58773699,449.25843474984026,468.66745202535,424.3664532446479,32.1936585618226,37.00929451651074,42.49745085929506,-7.48434590042649,-0.1832849836599215,-7.301060916766568,526.115108574788,481.0999999999996,436.08489142521125,29.743394302354705,531.2301829070641,352.7698170929359,378.6553284372352
2017-03-23,436.0,444.0,428.0,432.0,0.0,11678,5069670.0,24.79,17.42638161,455.8876521247604,470.0008174141398,424.2495331767549,29.529086381107867,35.289475073475465,41.47357811078054,-5.154162756190885,1.641980245531721,-6.796143001722607,524.3413142004574,484.0499999999996,443.7586857995418,30.937104780394115,528.8113143411823,343.1886856588177,378.6553284372352
2017-03-26,432.0,455.0,435.0,450.0,0.0,15335,6879576.0,24.79,18.15248084,467.8314781871406,471.5518711861456,424.1716390378278,35.03635239312594,39.83399576730658,44.92958879836586,-1.6977593574583238,3.3410159959623726,-5.0387753534206965,519.5798324619097,487.0499999999996,454.5201675380895,31.930116422660127,540.7903492679804,349.2096507320196,378.6553284372352
2017-03-28,450.0,477.0,450.0,477.0,0.0,11946,5519843.0,24.79,19.24162969,476.74721728071086,472.43153939782496,423.91205752062,46.6324909268475,48.54074167665781,51.05610751833546,0.9058356621233088,4.600709834317547,-3.694874172194238,516.7344551055148,488.99999999999966,461.2655448944845,30.81124046962236,555.9337214088671,371.0662785911329,378.6553284372352
2017-03-29,477.0,504.0,451.0,471.0,0.0,29039,13933235.0,24.79,18.99959661,476.6208259210663,472.2450716181443,423.3785103600232,42.89938550002686,46.11015135444207,49.58968385077232,1.4667029683948272,5.524428377366107,-4.05772540897128,516.6356909552344,489.2999999999996,461.9643090447648,31.234711632913736,571.2041348987412,383.7958651012588,378.6553284372352
2017-03-30,471.0,470.0,460.0,460.0,0.0,11655,5412217.0,24.79,18.5558693,479.4312388815994,472.2958908678645,422.8999024239431,35.55278566117152,41.398021239943645,46.78347400709754,2.7721488324956454,6.538859729608927,-3.766710897113281,516.7227137356277,489.24999999999966,461.7772862643716,28.81634625879304,551.4490387763791,378.5509612236209,378.6553284372352
2017-04-02,460.0,496.0,469.0,491.0,0.0,9033,4382250.0,24.79,19.80637354,489.1468583223991,472.79776396451206,422.5270371216711,52.46105224026368,53.68142293915403,55.07861956854313,5.518050297838897,7.480537453887247,-1.9624871560483497,515.3771340574741,489.74999999999966,464.1228659425252,28.5737180653256,568.2211541959769,396.7788458040232,378.6553284372352
2017-04-03,491.0,540.0,482.0,490.0,0.0,22972,11729871.0,24.79,19.76603469,488.22028748359867,472.0548155549003,421.8388666404819,51.80381233824821,53.26606255995679,54.83060031211956,5.786192891090252,7.9711592428993345,-2.1849663518090825,515.3581426836474,488.9499999999997,462.5418573163519,28.748575628139555,597.2457268844187,424.7542731155813,378.6553284372352
2017-04-04,490.0,510.0,481.0,485.0,0.0,28912,14184657.0,24.79,19.56434046,487.330431225398,471.322359046937,421.1538301243058,48.64847973555064,51.23578011222143,53.60094706490139,6.146095722606162,8.517400830851605,-2.3713051082454424,515.5317997958679,487.99999999999966,460.46820020413145,25.498417364599508,571.9952520937985,419.0047479062015,378.6553284372352
2017-04-06,485.0,488.0,472.0,484.0,0.0,10529,5062755.0,24.79,19.52400161,488.495646838097,470.76408798762833,420.5121600753039,48.04376915274625,50.83914714583244,53.35715215720956,7.025155762503118,9.110227107912966,-2.0850713454098475,516.5033781856051,486.8999999999997,457.2966218143941,25.109352627332783,555.3280578819983,404.67194211800165,378.6553284372352
2017-04-09,484.0,499.0,479.0,480.0,0.0,13087,6320732.0,24.79,19.36264623,490.74347025714553,470.2238466810009,419.8740913323421,45.77330380482466,49.30768975095817,52.396681802899145,8.146790129607894,9.631494944265429,-1.484704814657535,517.046462821354,485.9499999999997,454.8535371786453,26.12150291925865,567.364508757776,410.635491242224,378.6553284372352
2017-04-10,480.0,485.0,476.0,482.0,0.0,7953,3822523.0,24.79,19.44332392,496.1152053857183,469.82482001491934,419.26981084322,46.67992287940628,50.031313372693816,52.91974952723456,9.867177410827368,10.002671147929812,-0.1354937371024451,517.4610229579843,485.24999999999966,453.038977042015,26.801669910287387,560.9050097308622,400.0949902691378,378.6553284372352
2017-04-11,482.0,518.0,482.0,515.0,0.0,25801,12870899.0,24.79,20.77450585,503.1728080785775,469.3278738930793,418.63935668084025,65.79257147107434,64.54423281477901,62.85962928811079,11.71585823288092,10.036544582205424,1.6793136506754962,517.5211119373815,484.6499999999997,451.7788880626177,25.44629990031932,576.338899700958,423.661100299042,378.6553284372352
2017-04-12,515.0,525.0,508.0,508.0,0.0,37185,19243638.0,24.79,20.49213392,497.25921211786624,467.463705480552,417.67090800426575,62.93079581338542,62.39565899293687,61.38255541550544,10.545034726005497,9.616716169536549,0.9283185564689482,512.6628911081116,482.49999999999966,452.3371088918878,24.27366655591036,589.320999667731,443.6790003322689,378.6553284372352
2017-04-13,508.0,516.0,498.0,504.0,0.0,21185,10668883.0,24.79,20.33077854,491.88881817679936,465.8091628471051,416.7630779339569,61.285681011274704,61.146342217465474,60.52125936346003,9.609983126669874,9.38463653041931,0.2253465962505636,509.0294351408788,480.3499999999996,451.6705648591205,24.63740728434484,580.9122218530345,433.0877781469655,378.6553284372352
2017-04-16,504.0,510.0,482.0,482.0,0.0,7761,3801885.0,1.78,270.7865169,485.8332272651991,464.2503531673951,415.8863249483685,50.558527009059695,53.20680266629879,55.2516300412476,8.6840084216754,9.32829988135667,-0.6442914596812699,505.7015995875899,478.3499999999996,450.99840041240935,23.5971192048276,566.7913576144828,425.2086423855173,378.6553284372352
2017-04-18,482.0,490.0,463.0,469.0,0.0,15342,7195910.0,1.78,263.4831461,487.7498408977986,463.5258777864725,415.22186590262345,42.13720104137547,47.29758618114953,51.58571675516702,9.615815130258111,9.489372746276988,0.126442383981125,505.3962363052763,477.49999999999966,449.603763694723,21.663465783141778,541.4903973494254,411.50960265057466,378.6553284372352
2017-04-19,469.0,502.0,470.0,502.0,0.0,23524,11404710.0,1.78,282.0224719,497.12476134669794,463.3024442267366,414.6813821428508,68.44149307014713,67.3436911696944,64.45311342736228,11.988909290954496,9.457762150281708,2.531147140672788,505.758709479876,477.0499999999996,448.3412905201232,19.737184203490862,545.2115526104726,426.7884473895274,378.6553284372352
2017-04-20,502.0,520.0,485.0,495.0,0.0,25355,12646289.0,1.78,278.0898876,494.6871420200469,461.7229521543585,413.8038080940352,64.2313697169533,64.36917511820191,62.550906019874375,11.48345624819308,8.824975365113511,2.658480883079568,502.7311215560249,474.5999999999996,446.4688784439744,18.374649114989847,557.6239473449696,447.3760526550304,378.6553284372352
2017-04-23,495.0,530.0,504.0,509.0,0.0,28303,14433267.0,1.78,285.9550562,494.53071303007033,460.364705303516,412.987765964327,84.20118508944839,77.47470067440445,69.71357504513784,11.384009546367508,8.160355144343619,3.223654402023889,499.94981481417705,472.9499999999997,445.9501851858223,16.527387905544273,566.5821637166329,467.4178362833672,378.6553284372352
2017-04-24,509.0,507.0,495.0,495.0,0.0,13024,6515870.0,1.78,278.0898876,487.2960695451055,458.3795912342717,412.0228188885917,78.16759267142784,72.2233401513236,65.97302127972021,9.666039253544795,7.354441543837646,2.31159770970715,492.3350866420116,470.5499999999996,448.76491335798767,14.474875450604747,544.4246263518143,457.57537364818575,378.6553284372352
2017-04-25,495.0,500.0,488.0,492.0,0.0,18904,9284548.0,1.78,276.4044944,483.4441043176583,456.8848806724053,411.188877369884,76.45484362723069,70.87214426329471,65.08596246393932,8.758142054290431,6.776542116410858,1.9815999378795728,488.2322254839233,468.5499999999996,448.867774516076,14.416528278449718,537.2495848353492,450.75041516465086,378.6553284372352
2017-04-26,492.0,498.0,485.0,489.0,0.0,10384,5078468.0,1.78,274.7191011,479.16615647648746,455.4516104957688,410.3767052831492,74.6898886042071,69.49418545011073,64.18975712575556,7.77739847190702,6.281142131940965,1.4962563399660551,484.449930361977,466.49999999999966,448.5500696380223,14.685031420499689,535.5550942614991,447.44490573850095,378.6553284372352
2017-04-27,489.0,493.0,478.0,483.0,0.0,6941,3371368.0,1.78,271.3483146,474.2492347147312,454.0822884751879,409.58652141664817,70.7983956430687,66.55591065942711,62.3333839433311,6.717941776255316,5.907078046949451,0.8108637293058649,480.1570830563605,464.7999999999996,449.4429169436387,14.65003491166632,529.450104734999,441.54989526500106,378.6553284372352
2017-04-30,483.0,485.0,464.0,470.0,0.0,32564,15274195.0,1.78,264.0449438,469.8738520720968,452.9019737190731,408.8486975112879,58.51361663377645,58.51722600624678,57.78111262763594,5.878883349787088,5.704362114622985,0.1745212351641036,477.3806008306003,463.1499999999997,448.91939916939896,13.722261012962576,515.6667830388877,433.3332169611122,378.6553284372352
2017-05-02,470.0,479.0,457.0,470.0,0.0,7684,3614978.0,1.78,264.0449438,469.81077810814514,452.2040950953618,408.23411155662745,58.51361663377645,58.51722600624677,57.78111262763596,6.046065018552554,5.660731805831959,0.385333212720595,477.4919333848218,461.99999999999966,446.5080666151775,12.913623347736197,506.7408700432086,429.2591299567914,378.6553284372352
2017-05-03,470.0,489.0,470.0,475.0,0.0,12835,6129116.0,1.78,266.8539326,469.7161671622177,451.4777316298664,407.6133488587041,67.0908117471694,63.58576514245871,60.36719060522403,6.171506857325198,5.56439850265181,0.6071083546733886,476.5715534460366,461.24999999999966,445.9284465539627,11.904025941929104,515.2120778257873,443.7879221742127,378.6553284372352
2017-05-04,475.0,476.0,466.0,471.0,0.0,13536,6363678.0,1.78,264.6067416,467.07425074332656,450.5176390433304,406.9360960834147,63.2612390592181,61.08162225329296,58.9564005948974,5.732757977252049,5.412621413983462,0.3201365632685871,474.8478721798631,460.74999999999966,446.6521278201362,11.115584379921224,504.3467531397637,437.6532468602363,378.6553284372352
2017-05-07,471.0,472.0,460.0,463.0,0.0,11320,5237341.0,1.78,260.1123596,465.1113761149898,449.6816243104051,406.2922377525948,53.678400612202445,55.38354564089512,55.94548061550497,5.496642017925922,5.332587273166316,0.1640547447596061,473.5068664048486,459.8499999999996,446.1931335951506,10.906204866579138,498.7186145997374,433.2813854002626,378.6553284372352
2017-05-08,463.0,470.0,462.0,465.0,0.0,4816,2235332.0,1.78,261.2359551,466.1670641724848,449.1380171394012,405.72231049382685,56.98125282449513,57.33216597365927,56.94811916932196,5.929866491398059,5.291573586976414,0.638292904421645,473.42111106770017,459.1999999999997,444.9788889322991,10.78467207397682,498.35401622193046,433.6459837780696,378.6553284372352
2017-05-09,465.0,468.0,462.0,466.0,0.0,12151,5648121.0,1.78,261.7977528,466.7505962587271,448.49058926754,405.126554820398,58.58332119042141,58.28426722467152,57.44226161353181,6.192929488573043,5.132000360871003,1.0609291277020398,474.52663035507646,457.8499999999996,441.1733696449228,11.094080082196466,498.28224024658937,431.7177597534106,378.6553284372352
2017-05-11,466.0,473.0,465.0,470.0,0.0,12123,5671661.0,1.78,264.0449438,467.1258943880906,447.77591944172536,404.5147614015075,65.0901901472954,62.1157025202999,59.42220494870193,6.336796376042628,4.866768078945493,1.4700282970971346,475.2641767551319,456.2999999999996,437.33582324486736,11.437866757996073,503.3136002739882,434.6863997260118,378.6553284372352
2017-05-15,470.0,483.0,466.0,472.0,0.0,8925,4218345.0,1.78,265.1685393,465.688841582136,446.8688141128162,403.8566183000151,68.47019331624817,64.07120498554247,60.4218749639664,6.0209785287613045,4.49926100467121,1.5217175240900946,473.9373979422454,454.7999999999996,435.6626020577538,11.819851953328971,509.9595558599869,439.0404441400131,378.6553284372352
2017-05-16,472.0,470.0,464.0,465.0,0.0,8482,3955215.0,1.78,261.2359551,462.533262373204,445.8430514235434,403.1717601924776,62.394956952945535,59.97615575534465,58.05065198126077,5.326665879631207,4.118831623648687,1.2078342559825206,471.6564351920886,453.1999999999997,434.7435648079107,11.13316883703219,500.39950651109655,433.60049348890345,378.6553284372352
2017-05-17,465.0,472.0,461.0,464.0,0.0,10087,4663359.0,1.78,260.6741573,461.2998935598061,445.0611351551166,402.5503708476783,61.45177452857518,59.36173064475323,57.70311682958646,5.075718958310517,3.816873059653057,1.2588458986574604,470.1510445378464,452.1999999999997,434.2489554621529,11.703520930035769,501.61056279010734,431.3894372098927,378.6553284372352
2017-05-18,464.0,468.0,460.0,465.0,0.0,12050,5578722.0,1.78,261.2359551,459.94984033970906,444.2881202634887,401.93278663509216,62.8530497485982,60.2201656499876,58.16572349962269,4.783408975703935,3.502161584988692,1.2812473907152433,469.00966592733926,450.8999999999997,432.79033407266,11.781689922261966,499.3450697667859,428.6549302332141,378.6553284372352
2017-05-21,465.0,465.0,459.0,460.0,0.0,13712,6333434.0,1.78,258.4269663,457.4247605095636,443.4427374171005,401.2989452947413,58.66379148708948,57.35708861236367,56.491441732041125,4.238920103712189,3.181849737309881,1.0570703664023084,467.4552770042511,449.4499999999997,431.4447229957482,12.201877691402183,498.60563307420654,425.3943669257935,378.6553284372352
2017-05-22,460.0,456.0,450.0,453.0,0.0,9814,4435972.0,1.78,254.494382,456.13714076434536,442.76693078106376,400.7089849459448,51.915486353545845,52.95535661566103,54.01810998248639,3.991388196497837,2.917582145709304,1.0738060507885336,466.4804690010908,448.24999999999966,430.0195309989085,12.224308546002428,489.6729256380073,416.3270743619927,378.6553284372352
2017-05-23,453.0,465.0,455.0,462.0,0.0,6832,3152711.0,1.78,259.5505618,457.70571114651807,442.3492544864133,400.1834471062055,63.8234094013883,60.39862319846818,58.0943250789243,4.330118188431527,2.64913063301217,1.6809875554193567,466.7078628689272,447.1499999999997,427.592137131072,12.249231717780477,496.7476951533414,423.2523048466586,378.6553284372352
2017-05-24,462.0,463.0,456.0,461.0,0.0,7177,3298210.0,1.78,258.988764,455.5585667197771,441.5471832409608,399.56217521782565,62.98487026561711,59.81587491787991,57.75428579843052,3.783113659031585,2.228883744157331,1.554229914874254,465.0229192431035,445.6499999999997,426.27708075689577,12.499146353089415,496.9974390592682,422.00256094073177,378.6553284372352
2017-05-28,461.0,455.0,450.0,455.0,0.0,7627,3454217.0,1.78,255.6179775,452.83785007966566,440.7531907201837,398.9447096421254,57.76352935515349,56.22713256888109,55.68295467916218,3.13172804282965,1.8403262654387675,1.2914017773908826,462.7760802148957,444.5499999999996,426.3239197851035,12.999051503432684,491.49715451029806,413.50284548970194,378.6553284372352
2017-05-30,455.0,463.0,449.0,451.0,0.0,13491,6107736.0,1.78,253.3707865,451.7567751194985,440.1716883005993,398.38133988978495,53.91090008962358,53.66550334164586,54.24725363730616,2.865679812072642,1.5174758210910466,1.3482039909815955,461.5056809013407,443.8999999999997,426.29431909865855,13.887835003814091,497.6635050114423,414.3364949885577,378.6553284372352
2017-05-31,451.0,458.0,447.0,455.0,0.0,12546,5657952.0,1.78,255.6179775,452.1351626792478,439.7297163945013,397.8525091349084,58.66771496015088,56.74931024853008,55.9885126668836,2.891695636639838,1.1804248233456478,1.7112708132941905,460.75994037468206,443.1499999999997,425.5400596253172,13.8753722264601,494.1261166793803,410.8738833206197,378.6553284372352
2017-06-01,455.0,460.0,450.0,450.0,0.0,6680,3026120.0,1.78,252.8089888,450.70274401887167,439.1064395126443,397.2781624930482,54.17510591530883,53.65838528927161,54.22535201750232,2.475567534372715,0.7526071200221002,1.7229604143506148,459.8151598387508,441.74999999999966,423.6848401612485,14.194858029400113,497.5845740882003,412.4154259117997,378.6553284372352
2017-06-04,450.0,455.0,444.0,447.0,0.0,17317,7765465.0,1.78,251.1235955,451.05411602830753,438.6618043907114,396.7482947794105,51.35513284478599,51.73671503004586,53.144136504105454,2.417519410615455,0.3218670164344465,2.095652394181009,459.0898473275983,440.74999999999966,422.410152672401,14.32762003266679,492.4828600980004,406.5171399019996,378.6553284372352
2017-06-05,447.0,459.0,442.0,455.0,0.0,14454,6458701.0,1.78,255.6179775,453.0811740424613,438.32146987604654,396.243252515887,60.12551483097055,57.65701800741183,56.564490865769024,2.613719523047166,-0.2020460821108056,2.815765605157972,458.5239064280981,439.9499999999997,421.3760935719012,14.697355591851988,494.592066775556,406.407933224444,378.6553284372352
2017-06-06,455.0,465.0,455.0,465.0,0.0,14634,6733540.0,1.78,261.2359551,452.121761063692,437.6407135444566,395.65273244066975,74.20654201182816,66.48810979435407,61.29870967833212,2.011579018942996,-0.9059874834002988,2.917566502343295,456.2875315428616,438.9499999999997,421.61246845713765,13.77483954650221,501.32451863950666,418.6754813604933,378.6553284372352
2017-06-07,465.0,470.0,452.0,453.0,0.0,16302,7483134.0,1.78,254.494382,445.682641595538,436.5240079748426,394.9557749777619,65.61757969457503,59.59157929225691,57.16904613266297,0.1955876261563958,-1.6353791089861225,1.8309667351425185,450.3971340626923,437.74999999999966,425.102865937307,13.972043940558011,502.91613182167407,419.08386817832593,378.6553284372352
2017-06-08,453.0,465.0,445.0,450.0,0.0,11279,5098867.0,1.78,252.8089888,442.02396239330704,435.851518504428,394.37241593231226,62.87004601304543,57.564276232212,56.04333967974533,-0.9033044806536168,-2.093120792771752,1.189816312118135,448.45450359087766,437.3499999999996,426.2454964091216,13.302271045064458,494.9068131351934,415.0931868648066,378.6553284372352
2017-06-11,450.0,447.0,438.0,438.0,0.0,20165,8895488.0,1.78,246.0674157,438.0359435899605,435.2740294637924,393.8133447356521,48.133249403375466,47.84543646603146,51.109018819371485,-1.9872968863542724,-2.3905748708012857,0.4032779844470133,447.237060717968,437.0999999999996,426.9629392820313,11.78030116118273,477.8409034835482,407.1590965164518,378.6553284372352
2017-06-12,438.0,442.0,432.0,435.0,0.0,6720,2942923.0,1.78,244.3820225,438.0539153849408,435.16276536027374,393.3692577480707,43.116119065257166,44.91685818658915,49.75537774149832,-2.120141056737964,-2.491394366913039,0.3712533101750752,448.3535708409578,437.49999999999966,426.6464291590415,11.755890179091924,472.26767053727576,401.7323294627242,378.6553284372352
2017-06-13,435.0,446.0,431.0,440.0,0.0,7458,3273264.0,1.78,247.1910112,439.5808730774112,435.16940884436656,392.9508583284533,50.32845929358957,49.19170399651021,52.06166171204576,-1.9534055642932917,-2.584207694456808,0.6308021301635169,450.3144104704577,438.24999999999966,426.1855895295416,11.950989087879917,474.35296726363975,402.64703273636025,378.6553284372352
2017-06-14,440.0,446.0,435.0,440.0,0.0,7361,3250105.0,1.78,247.1910112,439.3713096161169,434.9722418584224,392.4780026332619,50.32845929358957,49.19170399651021,52.06166171204575,-2.221268182092388,-2.7419082269976878,0.5206400449052997,450.90161279832944,438.49999999999966,426.0983872016699,11.612210097644349,475.336630292933,405.663369707067,378.6553284372352
2017-06-15,440.0,447.0,430.0,445.0,0.0,13314,5863283.0,1.78,250.0,439.0569644241753,434.7670272403988,392.0003946195258,57.99342581775889,53.589349330824,54.38489886410316,-2.530848931616504,-2.872068238224012,0.3412193066075084,451.0803846094488,438.5999999999996,426.1196153905505,11.680233441827054,473.5407003254812,403.4592996745188,378.6553284372352
2017-06-18,445.0,447.0,433.0,438.0,0.0,7346,3199302.0,1.78,246.0674157,436.085446636263,434.349354882864,391.4677352689683,48.170268504046014,47.48634094392855,51.47455493765679,-3.398265103821928,-2.957373064875889,-0.4408920389460382,453.2548578233673,439.0999999999996,424.9451421766319,11.089148268696729,473.26744480609017,406.7325551939098,378.6553284372352
2017-06-19,438.0,440.0,433.0,436.0,0.0,2687,1171678.0,1.78,244.9438202,435.1281699543945,434.2003489597156,391.0000743168976,44.89774607537587,45.58802691886562,50.61023238811446,-3.743246980290394,-2.84715005513938,-0.8960969251510145,461.6547584905188,440.8999999999997,420.1452415094805,10.76572029855192,468.7971608956557,404.20283910434426,378.6553284372352
2017-06-20,436.0,437.0,425.0,436.0,0.0,8393,3620172.0,1.78,244.9438202,434.6922549315917,434.1268938152142,390.5478137572685,44.89774607537587,45.58802691886563,50.61023238811446,-3.9254857101785774,-2.623125823851625,-1.302359886326952,466.76112580158207,442.5999999999996,418.4388741984172,11.184133665057688,464.55240099517306,397.4475990048269,378.6553284372352
2017-06-21,436.0,437.0,428.0,431.0,0.0,6474,2807590.0,1.78,242.1348315,434.0383823973876,434.0504405015495,390.0910078653817,37.04608840238944,40.989764344782685,48.49662417876623,-4.100990624178735,-2.2975358522698874,-1.8034547719088476,471.510145702298,444.3999999999997,417.28985429770125,11.093481850064098,465.7804455501923,399.2195544498077,378.6553284372352
2017-06-22,431.0,433.0,430.0,432.0,0.0,6999,3017453.0,1.78,242.6966292,435.5575735960814,434.1749482771229,389.6798622157875,38.0089306024439,41.64333127410546,48.89839961237668,-3.75625703260539,-1.846672159292676,-1.9095848733127143,474.0804493340106,446.1499999999997,418.2195506659887,11.326090944515665,465.478272833547,397.521727166453,378.6553284372352
2017-06-25,432.0,441.0,433.0,439.0,0.0,10108,4416182.0,1.78,246.6292135,437.3363603941221,434.2637216761892,389.2545341978557,45.3414592526885,46.45827337266612,51.781190734176185,-3.3634333279775888,-1.3692759409644968,-1.994157387013092,475.3095028773901,447.5499999999996,419.7904971226091,11.584545493906294,471.7536364817189,402.2463635182811,378.6553284372352
2017-06-27,439.0,444.0,435.0,442.0,0.0,11037,4845371.0,1.78,248.3146067,436.5045405911832,434.07040419358464,388.7545797676834,48.93800037259402,48.69908277472925,53.068399437597066,-3.525852042027452,-0.8707365942112237,-2.6551154478162284,476.9980087793781,448.74999999999966,420.5019912206213,11.871717215451437,475.1151516463543,403.8848483536457,378.6553284372352
2017-06-28,442.0,442.0,435.0,436.0,0.0,11771,5154354.0,1.78,244.9438202,433.7568108867748,433.7467472218942,388.2194499161024,40.5553852420792,43.65167776176179,50.71615331616041,-3.987326807348893,-0.2069577322571665,-3.7803690750917274,478.0070413806124,449.5999999999996,421.1929586193869,12.190796906057152,475.07239071817145,401.92760928182855,378.6553284372352
2017-07-02,436.0,435.0,422.0,427.0,0.0,10121,4324479.0,1.78,239.8876404,432.63521633016217,433.6547777207471,387.7392433825958,23.897524388283934,34.70338300129399,46.882455495895485,-3.9074298451614022,0.7381345365157652,-4.645564381677168,478.6148705889863,450.6999999999997,422.785129411013,11.87866322895239,464.1359896868572,392.8640103131429,378.6553284372352
2017-07-03,427.0,432.0,426.0,430.0,0.0,7507,3221022.0,1.78,241.5730337,435.4528244952433,433.9264013011857,387.3446629140792,26.061391229121806,36.497351027825616,48.07925383385145,-2.832253288403365,1.8995256319350573,-4.731778920338423,478.0947286694951,452.24999999999966,426.40527133050426,11.754070254391545,464.2622107631746,393.7377892368254,378.6553284372352
2017-07-04,430.0,440.0,424.0,431.0,0.0,9683,4172588.0,1.78,242.1348315,438.1792367428649,434.08666257878514,386.9159660589443,26.779867220869807,37.09082744888273,48.47524051443664,-1.7241951626736522,3.082470362019663,-4.806665524693315,477.7716499223537,453.7999999999996,429.8283500776456,12.393411393768382,469.18023418130514,394.81976581869486,378.6553284372352
2017-07-05,431.0,435.0,428.0,435.0,0.0,7725,3320675.0,1.78,244.3820225,441.7688551142973,434.2126488064907,386.4729104414463,29.69014506561957,39.47501102760648,50.058424019063374,-0.3866490434670027,4.284136743192992,-4.670785786659994,477.1332504461542,455.3499999999996,433.56674955384506,11.992679326409313,467.4780379792279,395.5219620207721,378.6553284372352
2017-07-06,435.0,442.0,434.0,441.0,0.0,7012,3072247.0,1.78,247.752809,445.15328267144594,434.1805120230821,385.9852009986468,34.72120592504538,43.35684953017183,52.52884894202325,0.918897443861738,5.45183318985799,-4.5329357459962525,476.63843885275566,456.74999999999966,436.86156114724366,11.880754807121455,473.6422644213644,402.3577355786357,378.6553284372352
2017-07-09,441.0,452.0,440.0,445.0,0.0,15841,7072585.0,1.78,250.0,447.2299240071689,433.9021655750447,385.43228844586935,38.59696354500119,46.16728485060473,54.24205905191874,1.9609746339597791,6.585067126357053,-4.624092492397274,477.336192952221,458.1499999999997,438.96380704777823,11.978616452357176,481.9358493570715,410.0641506429285,378.6553284372352
2017-07-10,445.0,446.0,443.0,445.0,0.0,6158,2737854.0,1.78,250.0,448.3448860107533,433.44919274137305,384.83361797798864,38.59696354500119,46.16728485060474,54.24205905191874,2.8552480710091004,7.741090249456372,-4.885842178447271,477.945106596635,459.2999999999996,440.6548934033642,11.976240502619085,480.4287215078572,408.5712784921428,378.6553284372352
2017-07-11,445.0,450.0,440.0,446.0,0.0,4786,2125589.0,1.78,250.5617978,450.01732901613,432.9777312206128,384.228930721486,39.467191429066176,46.821517180742944,54.65274248027361,3.9551352859919575,8.96255079406819,-5.007415508076232,478.2429761422826,460.4499999999997,442.6570238577167,12.973600558465648,483.92080167539694,406.0791983246031,378.6553284372352
2017-07-12,446.0,452.0,445.0,450.0,0.0,8340,3695315.0,1.78,252.8089888,452.02599352419503,432.44621004594393,383.6081159548677,42.90683812291644,49.42288060955906,56.28928761902141,5.199643908955579,10.214404671087246,-5.014760762131667,477.9939748101489,461.3999999999997,444.8060251898504,13.304000620517389,488.4120018615522,408.5879981384478,378.6553284372352
2017-07-13,450.0,448.0,443.0,445.0,0.0,5038,2245115.0,1.78,250.0,453.0389902862925,431.72972882332937,382.9408608388363,36.78541506518048,45.93641214352273,54.66007380606822,6.305185549044381,11.468094861620164,-5.162909312575781,477.7480157480159,461.99999999999966,446.25198425198346,14.00444513390821,487.5133354017247,403.48666459827535,378.6553284372352
2017-07-16,445.0,453.0,440.0,442.0,0.0,11997,5316528.0,21.96,20.12750455,457.0584854294388,431.1880851018326,382.3171508975181,32.95137259575833,43.77712050772883,53.66531241373866,8.133637816226155,12.758822189764109,-4.625184373537952,476.8971011448007,463.0999999999996,449.3028988551986,14.893827926564676,491.181483779694,401.818516220306,378.6553284372352
2017-07-17,442.0,455.0,444.0,455.0,0.0,11095,5003357.0,21.96,20.71948998,464.58772814415823,430.7467824529278,381.7173232683474,42.99610339992359,52.15972891545593,59.0553349416212,10.654554887193058,13.915118283148596,-3.260563395955538,473.9942876837234,464.1499999999997,454.30571231627584,14.882031029516307,494.1460930885489,404.8539069114511,378.6553284372352
2017-07-18,455.0,475.0,458.0,474.0,0.0,30535,14319993.0,21.96,21.58469945,469.3815922162374,429.7568552061085,380.98081395446144,71.18853916295048,70.47381971673865,68.74268234289019,12.393550059413483,14.73025913213748,-2.3367090727239948,473.4777502749708,464.49999999999966,455.5222497250285,13.202256699462565,506.1067700983877,426.8932299016123,378.6553284372352
2017-07-19,474.0,483.0,468.0,470.0,0.0,17403,8289098.0,21.96,21.40255009,467.072388324356,427.9510125614599,380.045947763049,67.15880581236593,68.29780903895336,67.67087351141953,12.498324987456044,15.31443640031848,-2.816111412862435,471.7968348089513,463.8999999999997,456.003165191048,12.780285221625071,513.8408556648752,437.1591443351248,378.6553284372352
2017-07-20,470.0,480.0,470.0,472.0,0.0,26329,12519489.0,21.96,21.49362477,465.6085824865341,426.2347273598869,379.141886936547,71.610280272326,70.71753503448186,68.80331620275287,12.857534804885518,16.018464253534088,-3.16092944864857,471.2894993664517,463.1999999999997,455.1105006335477,12.53365024625008,512.6009507387503,437.3990492612497,378.6553284372352
2017-07-23,472.0,480.0,464.0,466.0,0.0,30287,14179482.0,21.96,21.22040073,462.4128737298011,424.3667570480455,378.2086395690751,65.51489424224204,67.51102994614054,67.22364159035106,12.925362101969997,16.80869661569623,-3.883334513726236,469.8924458345208,462.4499999999997,455.0075541654785,12.37072249583342,509.1121674875002,434.88783251249976,378.6553284372352
2017-07-24,466.0,470.0,456.0,460.0,0.0,25111,11591188.0,21.96,20.94717668,460.6193105947016,422.6674410091902,377.3263143386136,57.3811777206969,63.83359537486896,65.54895784727728,13.434838221492726,17.77953024412779,-4.344692022635066,469.6157731058483,461.99999999999966,454.384226894151,11.523024995370468,497.5690749861114,428.4309250138886,378.6553284372352
2017-07-25,460.0,469.0,460.0,463.0,0.0,10580,4894592.0,21.96,21.08378871,460.9289658920525,421.143663091198,376.49542302543375,64.10068834738036,67.37429052943355,67.19698020174683,14.500608276280047,18.86570324978656,-4.365094973506512,469.9200673191695,461.74999999999966,453.5799326808298,11.247805550411632,498.2434166512349,430.7565833487651,378.6553284372352
2017-07-26,463.0,466.0,455.0,459.0,0.0,16769,7718706.0,21.96,20.90163934,459.8934488380787,419.435241176553,375.626030292021,58.315322191691656,64.96853446158583,66.10622519196212,15.344545934917278,19.956976993163188,-4.61243105824591,469.8066238629037,461.49999999999966,453.1933761370956,11.38645061156848,494.65935183470543,426.34064816529457,378.6553284372352
2017-07-27,459.0,465.0,457.0,458.0,0.0,8279,3809399.0,21.96,20.856102,460.34017325711807,417.8203530613103,374.7881009482222,56.76705084074815,64.35843060595106,65.83356337869948,16.60579660561541,21.110084757724668,-4.5042881521092575,471.0494444272957,462.0499999999996,453.0505555727035,11.429389568409425,495.28816870522826,426.7118312947717,378.6553284372352
2017-07-30,458.0,468.0,450.0,458.0,0.0,10079,4627829.0,21.96,20.856102,461.5102598856771,416.180367471976,373.9518004552396,56.76705084074813,64.35843060595106,65.83356337869948,18.075890420133877,22.23615679575198,-4.160266375618107,471.2859439566002,462.3999999999997,453.5140560433991,11.810432853788248,494.4312985613648,423.5687014386352,378.6553284372352
2017-07-31,458.0,465.0,458.0,461.0,0.0,10283,4741946.0,21.96,20.99271403,463.2653898285157,414.473443695322,373.1070949321766,62.24739759092625,67.39457403420963,67.33112242175862,19.68934266455375,23.276223389656508,-3.586880725102759,472.0794566153885,462.0499999999996,452.02054338461073,11.12270317087583,494.8681095126275,428.1318904873725,378.6553284372352
2017-08-01,461.0,465.0,458.0,462.0,0.0,12151,5604943.0,21.96,21.03825137,464.3980847427735,412.57440058084535,372.2237491526005,64.08040046313661,68.39324893581414,67.82483628666158,21.15684945412886,24.1729435709322,-3.016094116803337,474.6511028964559,461.0499999999996,447.44889710354335,11.580781300973143,496.24234390291946,426.7576560970805,378.6553284372352
2017-08-02,462.0,466.0,462.0,463.0,0.0,12444,5787002.0,21.96,21.08378871,465.5971271141603,410.5570291759819,371.3214752747372,65.80279958237935,69.34746140387412,68.30566169064231,22.620367582581025,24.926967100133037,-2.3065995175520086,507.1879437405812,455.24999999999966,403.3120562594181,12.089757001081272,500.26927100324383,427.73072899675617,378.6553284372352
2017-08-03,463.0,470.0,464.0,469.0,0.0,24579,11467457.0,21.96,21.35701275,466.89569067124046,408.41649975459336,370.4000830664431,76.81438533531896,75.19228928442311,71.21359222587795,24.05750719260425,25.503616979521038,-1.4461097869167858,518.9285990057442,449.5499999999996,380.1714009942551,12.65528555675697,504.9658566702709,429.0341433297291,378.6553284372352
2017-08-06,469.0,478.0,468.0,468.0,0.0,18709,8798371.0,21.96,21.31147541,465.8435360068607,405.9437038262094,369.4091291274124,76.22496810195173,74.86442504588825,71.01616677899005,24.930983462959603,25.865144426250232,-0.9341609632906298,525.6306781692994,443.3499999999996,361.0693218307,13.394761729729968,513.18428518919,432.8157148108101,378.6553284372352
2017-08-07,468.0,474.0,468.0,468.0,0.0,18924,8879081.0,21.96,21.31147541,464.765304010291,403.4107937782996,368.4182661035673,76.22496810195173,74.86442504588825,71.01616677899005,25.78504250675195,26.09868466707289,-0.313642160320942,529.7992864808324,436.9499999999997,344.10071351916685,13.77195747747774,512.3158724324333,429.6841275675668,378.6553284372352
2017-08-09,468.0,475.0,465.0,465.0,0.0,14262,6667278.0,21.96,21.17486339,463.1479560154365,400.7744996468016,367.417444657372,74.7004476219168,73.97470174720044,70.45595881633902,26.50007724982146,26.17709520715313,0.3229820426683325,530.5179988762675,430.8499999999996,331.18200112373177,14.30217497497527,512.9065249249259,427.0934750750742,378.6553284372352
2017-08-10,465.0,465.0,459.0,462.0,0.0,8816,4065171.0,21.96,21.03825137,462.2219340231548,398.1530506527935,366.4367154579485,73.17126322993917,73.09021425431298,69.89740028155263,27.332720470978188,26.096349696486044,1.2363707744921442,530.1895255463764,424.6999999999997,319.21047445362285,14.446861083305857,505.3405832499176,418.6594167500824,378.6553284372352
2017-08-13,462.0,473.0,465.0,467.0,0.0,54872,25706648.0,21.96,21.26593807,462.3329010347322,395.5470527202545,365.47628043742543,80.36783235673713,77.14795667310389,72.07771809855542,28.303363702767623,25.787257002863008,2.5161066999046184,528.7624255361133,418.5999999999996,308.437574463886,15.163178981450953,514.4895369443528,423.5104630556472,378.6553284372352
2017-08-15,467.0,470.0,459.0,463.0,0.0,15597,7236532.0,21.96,21.08378871,459.9993515520984,392.6306058925098,364.4559415473493,78.89151590763942,76.16497326573794,71.39238508696091,28.62148122839324,25.15823032788685,3.463250900506381,524.6882628722225,412.5499999999996,300.41173712777675,15.736865534945505,511.7105966048365,417.2894033951635,378.6553284372352
2017-08-16,463.0,472.0,460.0,462.0,0.0,17261,7995071.0,21.96,21.03825137,458.4990273281475,389.75838572485713,363.46554900008647,78.53278029528053,75.92456431738961,71.22286956496423,29.018475143233218,24.29241760276026,4.726057540472958,519.5408440718604,407.0499999999996,294.55915592813875,16.263183927717225,514.7895517831516,417.2104482168483,378.6553284372352
2017-08-17,462.0,470.0,460.0,462.0,0.0,20057,9285011.0,21.96,21.03825137,456.7485409922213,386.80974840750434,362.4752530101376,78.53278029528052,75.92456431738962,71.22286956496421,29.20491501063657,23.110903217642026,6.0940117929945465,513.4738575360641,401.5999999999996,289.7261424639351,16.736871030796916,515.2106130923908,414.7893869076093,378.6553284372352
2017-08-20,462.0,465.0,456.0,456.0,0.0,18074,8315734.0,21.96,20.76502732,454.1228114883319,383.74075854658616,361.4750042966716,76.6516454340835,74.59910665576763,70.24802044590336,29.018081313967517,21.587400269393385,7.430681044574129,506.4927664903975,395.8999999999997,285.3072335096018,17.040967811996573,511.6229034359897,409.3770965640103,378.6553284372352
2017-08-21,456.0,460.0,449.0,457.0,0.0,11655,5266993.0,21.96,20.81056466,453.1842172324978,380.7914017525693,360.5250043398543,77.65982235342122,75.24017684003525,70.63084900393737,28.96844148565225,19.72973000824985,9.238711477402395,499.3076814213222,390.5999999999996,281.8923185786771,17.934408679996192,508.3032260399885,400.69677396001146,378.6553284372352
2017-08-22,457.0,460.0,452.0,457.0,0.0,13414,6136628.0,21.96,20.81056466,451.2763258487467,377.6808467220619,359.55540639352114,77.65982235342122,75.24017684003525,70.63084900393737,28.381905683174864,17.420052138899255,10.961853544275607,490.77827566771055,385.5499999999996,280.3217243322887,18.704898533329104,512.1146955999873,399.8853044000127,378.6553284372352
2017-08-23,457.0,463.0,451.0,455.0,0.0,16330,7441010.0,21.96,20.71948998,448.41448877312,374.4433302617379,358.5760637442098,77.18563651900084,74.8677299968092,70.33284742586005,27.22044499443939,14.679588752830352,12.540856241609037,481.1233065977234,380.5499999999996,279.9766934022758,19.894331703699,516.6829951110971,397.317004888903,378.6553284372352
2017-08-24,455.0,460.0,455.0,458.0,0.0,13033,5962116.0,21.96,20.856102,445.12173315968,371.1553029254823,357.6069789577195,79.43368354953645,76.46991982289417,71.37574173678753,25.54570142453429,11.544374692428097,14.001326732106191,470.7800902564735,376.0499999999996,281.3199097435257,20.77147967077667,519.81443901233,395.18556098767,378.6553284372352
2017-08-27,458.0,481.0,464.0,470.0,0.0,62701,29542108.0,21.96,21.40255009,438.68259973952,367.6106214122367,356.59800387186743,88.60978141661666,83.07313107753356,75.68521690339709,22.731091247316726,8.044043009401546,14.68704823791518,458.1126205873089,370.6499999999997,283.18737941269035,21.412755189751856,536.7382655692555,408.26173443074447,378.6553284372352
2017-08-28,470.0,472.0,462.0,465.0,0.0,32657,15245181.0,21.96,21.17486339,423.02389960928,363.43146310253206,355.45828531781586,88.10067092694275,82.48806799622778,75.08345944262965,17.586172930252644,4.372280949922751,13.213891980329894,439.5792609586394,364.5499999999996,289.52073904135983,21.90306132194651,532.7091839658395,401.29081603416046,378.6553284372352
2017-08-30,465.0,465.0,448.0,451.0,0.0,87940,39799420.0,21.96,20.53734062,402.03584941392006,359.2858085352885,354.35736356221605,86.61121883417937,80.75893447796923,73.30777791065013,11.272678308396223,1.0688079548402774,10.203870353555946,418.141722253399,358.7999999999996,299.45827774660023,22.003401468829452,522.5102044064884,390.4897955935117,378.6553284372352
2017-08-31,451.0,450.0,438.0,441.0,0.0,142581,63069316.0,21.96,20.08196721,377.55377412088006,355.5423721489737,353.38608078394685,85.45529730031599,79.41050764188704,71.93637754784285,4.475851670195539,-1.4821596335487095,5.958011303744248,395.3087116659451,353.5499999999996,311.7912883340541,21.781557187588284,509.34467156276486,378.6553284372352,378.6553284372352
2017-09-04,368.0,365.0,344.0,346.0,0.0,23965,8336997.0,21.96,15.75591985,345.83066118132007,352.0543057060747,352.505538882278,46.31924712680461,46.07092440037934,47.19226214178382,-3.246292172310689,-2.971662459484772,-0.2746297128259169,360.65129303136297,349.0499999999996,337.44870696863626,12.646174652875873,392.4385239586276,316.5614760413724,357.27146523926865
2017-09-06,346.0,358.0,345.0,349.0,0.0,15960,5555882.0,21.96,15.89253188,345.7459917719801,352.30142022469,352.5709211826024,50.10354888098252,48.36750215254379,48.48835015229295,-3.382609699694114,-2.9030050312782927,-0.4796046684158219,361.15427272407214,349.44999999999965,337.74572727592715,11.717971836528744,386.6539155095862,316.3460844904138,357.27146523926865
2017-09-07,349.0,353.0,345.0,345.0,0.0,10659,3713515.0,21.96,15.71038251,344.1189876579701,352.4361720705957,352.6068098377039,44.75407964288059,44.97126665823854,46.611536788683736,-3.812853384467985,-2.783103864174337,-1.029749520293648,361.6978031453238,349.74999999999966,337.8021968546755,11.575524262809717,383.7265727884292,314.27342721157083,357.27146523926865
2017-09-10,345.0,345.0,339.0,340.0,0.0,19619,6716754.0,21.96,15.48269581,343.67848148695515,352.73968929796695,352.6832601878316,37.28299145494829,40.4226291933551,44.1705805997993,-3.8992683656234703,-2.525666484100925,-1.3736018815225457,366.2644320698008,351.0999999999996,335.9355679301985,11.417249180899685,376.25174754269904,307.74825245730096,357.27146523926865
2017-09-11,340.0,346.0,335.0,346.0,0.0,14034,4795628.0,21.96,15.75591985,345.5177222304327,353.2596766162513,352.8107301394681,43.56756243460953,44.52351643218656,46.62640300317945,-3.443757765343719,-2.1822660137202883,-1.2614917516234303,370.3802595531149,352.8499999999996,335.31974044688434,11.908054645444093,376.2241639363323,304.7758360636677,357.27146523926865
2017-09-12,346.0,345.0,335.0,342.0,0.0,12972,4412316.0,21.96,15.57377049,345.27658334564904,353.5559899475268,352.8791796886085,37.30496890559501,40.80598064721613,44.65713200712907,-3.423178668036257,-1.8668930758144309,-1.5562855922218266,374.8016584090713,354.44999999999965,334.098341590928,12.008949606048992,376.02684881814696,303.97315118185304,357.27146523926865
2017-09-13,342.0,345.0,331.0,340.0,0.0,9124,3102232.0,21.96,15.48269581,346.9148750184736,354.02766300660954,352.9885181779412,34.052278786684,38.90518283668207,43.659334949482485,-2.9398478395741563,-1.477821677758974,-1.4620261618151822,376.2509168498536,355.7999999999996,335.34908315014565,12.232166228943324,374.69649868683,301.30350131317005,357.27146523926865
2017-09-14,340.0,349.0,335.0,346.0,0.0,13386,4577354.0,21.96,15.75591985,350.3723125277104,354.6002206803487,353.1190560490763,39.51983743133715,42.72726248353784,46.050487460477456,-2.0765441590341998,-1.1123151373051785,-0.9642290217290208,376.6540277180832,357.0999999999996,337.5459722819161,11.92462914327036,377.7738874298111,306.2261125701889,357.27146523926865
2017-09-17,346.0,353.0,344.0,353.0,0.0,10391,3631450.0,21.96,16.07468124,352.5584687915656,354.9512500958731,353.19060435107707,47.41491744015404,47.81623041470857,49.05984918111518,-1.5553595462862972,-0.8712578818729233,-0.6841016644133739,376.8726118391628,357.89999999999964,338.9273881608365,11.249587936967067,382.2487638109012,314.7512361890988,357.27146523926865
2017-09-18,353.0,357.0,352.0,353.0,0.0,9526,3374409.0,21.96,16.07468124,352.3377031873484,355.0308929569292,353.19251997269595,47.41491744015403,47.81623041470858,49.05984918111519,-1.5802423198875886,-0.7002324657695798,-0.8800098541180088,377.35679297770497,358.39999999999964,339.4432070222943,11.499542152185631,388.9986264565569,320.0013735434431,357.27146523926865
2017-09-20,353.0,352.0,346.0,348.0,0.0,8406,2925734.0,21.96,15.84699454,352.00655478102254,355.1137865470079,353.1944548467934,40.7326506658126,43.68528831305818,46.769976978626495,-1.5890164444494417,-0.4802300022400776,-1.108786442209364,377.44654223519785,358.64999999999964,339.8534577648014,11.777269057984036,384.3318071739521,313.6681928260479,357.27146523926865
2017-09-24,348.0,351.0,344.0,350.0,0.0,4527,1568956.0,21.96,15.93806922,354.0098321715338,355.4041451815797,353.2466604231431,42.66013540502488,45.00867008579026,47.59148440523863,-1.0680115424254382,-0.2030333916877365,-0.8649781507377017,377.625257199819,359.39999999999964,341.1747428001803,12.419187842204485,384.7575635266135,310.24243647338653,357.27146523926865
2017-09-25,350.0,357.0,350.0,356.0,0.0,5365,1896436.0,21.96,16.21129326,356.0147482573007,355.6247225359299,353.2792901761395,48.82070802606169,49.15698535275864,50.1272598410801,-0.5911214814067876,0.0132111459966889,-0.6043326274034765,377.8092229559627,360.0499999999996,342.29077704403653,12.465764269116097,390.89729280734826,316.10270719265174,357.27146523926865
2017-09-26,356.0,360.0,354.0,357.0,0.0,5974,2129080.0,21.96,16.2568306,356.02212238595104,355.60940508841685,353.2519463588143,49.88801991188056,49.86830407454933,50.55827622659048,-0.584747309249849,0.164294302847558,-0.749041612097407,377.81891644541344,360.0999999999996,342.3810835545858,13.073071410128994,396.21921423038697,317.78078576961303,357.27146523926865
2017-10-03,357.0,370.0,359.0,365.0,0.0,3978,1450215.0,21.96,16.62112933,355.5331835789265,355.5526461124339,353.21427747799834,59.07138600693485,55.874476086586576,54.13300566729167,-0.669924314107675,0.3515547058719098,-1.021479019979585,377.8432438538728,359.89999999999964,341.9567561461265,13.303412677921106,404.4102380337633,324.58976196623667,357.27146523926865
2017-10-04,365.0,369.0,350.0,350.0,0.0,10450,3735972.0,21.96,15.93806922,350.79977536838976,355.1670398313087,353.0958280054154,40.95704942459621,44.16640510197434,47.44427947149956,-1.5834422466483034,0.6069244608668061,-2.1903667075151096,377.44072792213774,359.64999999999964,341.85927207786153,12.559347419912338,397.178042259737,321.821957740263,357.27146523926865
2017-10-08,350.0,350.0,341.0,348.0,0.0,13409,4635856.0,21.96,15.84699454,351.19966305258464,355.3779394162601,353.12694185471605,37.68854162871429,42.2699098450267,46.4446103212879,-1.1991187024125338,1.1545161377455837,-2.3536348401581173,377.2887499551879,359.8499999999996,342.41125004481137,11.621497133235932,380.3644913997078,310.6355086002922,357.27146523926865
2017-10-09,348.0,352.0,342.0,350.0,0.0,7348,2563930.0,21.96,15.93806922,352.79949457887693,355.67907980059726,353.1784689085323,39.63907063838438,43.64655318814811,47.30847653988919,-0.4875040157346575,1.7429248477851127,-2.23042886351977,377.37953355466567,359.7999999999996,342.2204664453336,11.91277459248437,382.7383237774531,311.2616762225469,357.27146523926865
2017-10-10,350.0,350.0,345.0,346.0,0.0,12361,4294248.0,21.96,15.75591985,354.19924186831537,355.91087897613187,353.2104133196733,33.522697956546125,40.01868577201651,45.35707643513264,0.2242296973084308,2.3005320636650555,-2.0763023663566247,378.46350698592425,359.2999999999996,340.136493014075,12.12530510276041,383.87591530828126,311.12408469171874,357.27146523926865
2017-10-11,346.0,351.0,342.0,351.0,0.0,8660,3017574.0,21.96,15.98360656,358.2988628024731,356.31540464862707,353.2828797851977,37.77583730347433,43.250508010993386,47.466552004757496,1.536671931813487,2.819607655254212,-1.2829357234407248,379.1494416795965,358.99999999999966,338.8505583204028,12.80589455862268,384.917683675868,308.082316324132,357.27146523926865
2017-10-12,351.0,357.0,352.0,354.0,0.0,8392,2966373.0,21.96,16.12021858,361.9482942037096,356.5323599404078,353.3058233006268,40.51748641426304,45.28818885585272,48.77312139790734,2.680382973937242,3.140341586114393,-0.459958612177151,379.1494416795965,358.99999999999966,338.8505583204028,12.895438398469643,393.18631519540895,315.81368480459105,357.27146523926865
2017-10-15,354.0,355.0,349.0,355.0,0.0,6036,2126063.0,21.96,16.16575592,365.92244130556446,356.6357215706285,353.29884665038185,41.407932315697344,45.95838789079794,49.20655012356664,3.79573222444526,3.2553312391586804,0.5404009852865794,379.1537125301149,358.94999999999965,338.74628746988435,13.77270933163294,393.3181279948988,310.6818720051012,357.27146523926865
2017-10-16,355.0,372.0,355.0,372.0,0.0,11856,4288337.0,21.96,16.93989071,371.3836619583467,356.70248571636847,353.2817496317927,61.99667608096154,59.96701245156503,57.55352762192141,5.062294617283499,3.1202309928370355,1.942063624446463,379.16928357675374,358.99999999999966,338.8307164232456,12.747454812925488,401.74236443877646,325.25763556122354,357.27146523926865
2017-10-17,372.0,382.0,363.0,375.0,0.0,18138,6800867.0,21.96,17.07650273,371.07549293752,356.0780973782611,353.0936265125142,67.2411410574624,63.11971798949073,59.25641232826049,4.874346331527477,2.63471508672542,2.239631244802057,377.6194058029711,358.3499999999996,339.0805941970282,11.9416164588061,408.3248493764183,336.6751506235817,357.27146523926865
2017-10-18,375.0,378.0,369.0,378.0,0.0,8754,3245831.0,13.51,27.97927461,369.11323940628006,355.30577482227176,352.87346195485105,72.70833473627061,66.3592931841322,60.98875703176261,4.258101845612998,2.0748072755249054,2.183294570088093,375.06396103600633,357.14999999999964,339.23603896399294,11.157351620895664,406.972054862687,340.027945137313,357.27146523926865
2017-10-22,378.0,381.0,365.0,369.0,0.0,33415,12437374.0,13.51,27.31310141,364.6698591094201,354.37947991705835,352.6209339342968,65.15278226667442,60.7471192650326,57.40219210326295,3.104159220382371,1.5289836330028823,1.5751755873794888,371.1236788050063,355.74999999999966,340.376321194993,11.397057356550738,407.1911720696522,338.8088279303478,357.27146523926865
2017-10-23,369.0,370.0,348.0,366.0,0.0,21882,7974259.0,13.51,27.09104367,362.5047886641301,353.7827239953056,352.45632020499323,62.038907708811166,58.609861255881945,56.11098862895732,2.502521044609693,1.13518973615801,1.3673313084516834,369.33478948107165,354.5499999999996,339.7652105189276,10.885619285056377,391.6568578551691,326.3431421448309,357.27146523926865
2017-10-24,366.0,368.0,359.0,362.0,0.0,20778,7524672.0,13.51,26.79496669,360.7571829961951,353.2840596685834,352.3202028201188,57.54240790728936,55.617963869651824,54.33941640317242,2.0036661941563807,0.7933569090450894,1.210309285111291,367.67659326610345,353.74999999999966,339.82340673389587,9.650688094507084,392.4520642835213,334.5479357164787,357.27146523926865
2017-10-25,362.0,365.0,359.0,363.0,0.0,4063,1471382.0,13.51,26.86898594,360.13577449429266,352.92830700199494,352.2229184263511,59.09800154979887,56.567190128855394,54.87098221460228,1.7450744949355226,0.4907795877672665,1.254294907168256,366.6402380931098,353.19999999999965,339.7597619068895,9.722986771674536,391.1689603150236,332.8310396849764,357.27146523926865
2017-10-29,363.0,363.0,357.0,358.0,0.0,11839,4243612.0,13.51,26.49888971,358.703661741439,352.51721749187226,352.1146060487265,53.512505483634406,52.82943302438391,52.6475399613189,1.287816369821826,0.1772058609752025,1.1106105088466234,366.11101068063294,353.0499999999996,339.9889893193663,10.025540857416152,390.0766225722484,329.9233774277516,357.27146523926865
2017-10-30,358.0,363.0,353.0,363.0,0.0,10493,3776889.0,13.51,26.86898594,359.0554926121585,352.2934304507242,352.05545636077403,60.90551605584255,57.41776404043629,55.26127845639785,1.1945477611157005,-0.1004467662364533,1.2949945273521537,367.3197701130275,353.39999999999964,339.48022988697176,10.472823174906836,389.4184695247205,326.58153047527946,357.27146523926865
2017-10-31,363.0,364.0,362.0,363.0,0.0,3442,1249414.0,13.51,26.86898594,357.0832389182377,351.85642761197823,351.9454609473145,60.90551605584255,57.41776404043628,55.261278456397854,0.5490369512963298,-0.4241953980744918,0.9732323493708216,367.1380382940979,353.3499999999996,339.5619617059013,10.525359083229818,394.57607724968943,331.42392275031057,357.27146523926865
2017-11-01,363.0,363.0,357.0,357.0,0.0,22323,8022012.0,13.51,26.42487047,354.1248583773566,351.40158792267124,351.8343600523126,55.01255498851516,53.21327401364763,52.66222251463857,-0.2828555652556019,-0.6675034854171973,0.3846479201615953,366.6253491574505,353.19999999999965,339.7746508425488,10.91706564803313,392.7511969440994,327.2488030559006,357.27146523926865
2017-11-02,357.0,360.0,349.0,353.0,0.0,10044,3555485.0,13.51,26.12879349,352.68728756603485,351.1730813072701,351.78244407293886,50.59987588885964,50.16732131527986,50.83422797193442,-0.7296295690690044,-0.7636654654575962,0.0340358963885917,368.3437700063702,353.69999999999965,339.0562299936291,11.018961831147925,387.55688549344376,321.44311450655624,357.27146523926865
2017-11-05,353.0,360.0,347.0,360.0,0.0,16310,5729499.0,13.51,26.6469282,352.53093134905225,351.0985131973628,351.77020732995334,59.710478270311874,56.10253485536503,54.36088157110737,-0.8819901402044366,-0.7721744395547441,-0.1098157006496924,370.81622267152414,354.5499999999996,338.2837773284751,11.02106870127547,386.5632061038264,320.4367938961736,357.27146523926865
2017-11-06,360.0,356.0,346.0,354.0,0.0,3918,1373239.0,13.51,26.20281273,348.7963970235784,350.7351872054184,351.68749584583225,53.30470688495082,51.53929042666188,51.5977837350607,-1.776355958050715,-0.7447205143923209,-1.031635443658394,370.9389106123879,354.5999999999996,338.2610893876114,10.801187445861633,383.4035623375849,318.5964376624151,357.27146523926865
2017-11-07,354.0,360.0,347.0,347.0,0.0,9870,3466622.0,13.51,25.68467802,346.1945955353676,350.60192954033346,351.6642545980517,44.0853862462007,45.389304796127206,48.07702203420192,-2.281144969802824,-0.4868116534777224,-1.7943333163251016,371.7888769037705,355.0499999999996,338.3111230962287,10.890208273179592,386.1706248195388,320.8293751804612,357.27146523926865
2017-11-08,347.0,346.0,338.0,340.0,0.0,19862,6783227.0,13.51,25.1665433,345.7918933030513,350.748947072592,351.71113152868537,32.18373704612993,38.094210395725256,44.17903918409397,-2.179531745242002,-0.0382283243964469,-2.1413034208455555,372.372265988681,355.7999999999996,339.2277340113182,9.87800919242177,371.6340275772653,312.36597242273467,357.27146523926865
2017-11-09,340.0,345.0,335.0,340.0,0.0,28151,9556763.0,13.51,25.1665433,348.687839954577,351.1876796061672,351.82883134304404,32.18373704612993,38.09421039572525,44.17903918409397,-1.3054067677809371,0.4970975308149419,-1.802504298595879,371.55335532688895,356.64999999999964,341.7466446731103,10.086676880468634,370.2600306414059,309.7399693585941,357.27146523926865
2017-11-12,340.0,351.0,340.0,351.0,0.0,8625,2986071.0,13.51,25.980755,353.03175993186545,351.6443195900924,351.94771407010984,43.74480309600622,46.51307538167009,49.56819230647983,-0.1707176981083193,0.9477236054639118,-1.1184413035722311,370.29843740460194,357.49999999999966,344.7015625953974,9.42964097829848,373.7889229348954,317.2110770651046,357.27146523926865
2017-11-13,351.0,353.0,349.0,353.0,0.0,14865,5211871.0,13.51,26.12879349,354.0476398977981,351.67061834887164,351.9572388346336,46.4409746664648,48.31583010137577,50.646549559175455,0.1600413355189971,1.2273339313569696,-1.0672925958379724,370.2962845861549,357.8499999999996,345.40371541384434,9.032934420331646,378.0988032609949,323.90119673900506,357.27146523926865
2017-11-14,353.0,359.0,350.0,356.0,0.0,12073,4301062.0,13.51,26.35085122,354.5714598466972,351.6163578733154,351.9467588229213,50.59915228531015,51.072973169141314,52.284477716335154,0.3762459008322025,1.4941570803164628,-1.1179111794842602,370.40193862209446,358.14999999999964,345.8980613779048,9.258816022590718,382.27644806777215,326.72355193222785,357.27146523926865
2017-11-15,356.0,363.0,354.0,359.0,0.0,11657,4176097.0,13.51,26.57290896,353.85718977004586,351.4374337048793,351.90602273068936,54.9744770542257,53.9307036012416,53.95975296252621,0.3412743329107002,1.773634875187528,-1.4323605422768275,371.1602547744698,358.5999999999996,346.03974522552943,9.28757335843413,386.3627200753024,330.6372799246976,357.27146523926865
2017-11-16,359.0,355.0,348.0,351.0,0.0,15488,5409316.0,13.51,25.980755,351.2857846550688,351.12875752956825,351.8347264767264,43.36649578830135,46.52106714476839,49.845786086875066,-0.0137806404422917,2.131725010756735,-2.1455056511990267,371.0554336156276,358.39999999999964,345.74456638437164,8.986192620482367,378.4585778614471,324.5414221385529,357.27146523926865
2017-11-19,351.0,355.0,343.0,350.0,0.0,21715,7513854.0,13.51,25.90673575,351.4286769826032,351.1340129389384,351.84311568754777,41.69636272971034,45.50370009685833,49.302168149998735,0.3477860028845043,2.668101423556492,-2.320315420671988,371.0528685152122,358.8499999999996,346.64713148478705,9.206880689424851,376.62064206827455,321.37935793172545,357.27146523926865
2017-11-20,350.0,352.0,344.0,345.0,0.0,27602,9557933.0,13.51,25.53663953,352.1430154739048,351.180299181344,351.861639463302,32.90199252560046,40.22402864885612,46.51975933605619,0.9060359948705354,3.2481802787244884,-2.342144283853953,370.86129879725104,359.3499999999996,347.8387012027482,8.896534099360947,374.6896022980828,321.3103977019172,357.27146523926865
2017-11-21,345.0,351.0,344.0,350.0,0.0,5861,2039175.0,13.51,25.90673575,355.7145232108572,351.43255629078664,351.9306006639382,37.996472395128976,44.20034427410879,49.10705887358438,2.114478188352791,3.8337163496879767,-1.7192381613351857,369.7816665288772,359.69999999999965,349.61833347112207,8.996148999289941,374.4884469978698,320.5115530021302,357.27146523926865
2017-11-22,350.0,351.0,346.0,351.0,0.0,12911,4513212.0,13.51,25.980755,358.57178481628574,351.4910279761249,351.95000368568634,39.07199797542838,45.0269785366394,49.6371090208984,3.117042905294113,4.263525890021773,-1.14648298472766,369.9315368500797,359.64999999999964,349.36846314991953,9.21794333254438,376.1538299976331,320.8461700023669,357.27146523926865
2017-11-23,351.0,360.0,351.0,360.0,0.0,7226,2583453.0,13.51,26.6469282,362.3576772244286,351.51106993433405,351.9595514614219,50.50981792168167,53.36816537971188,54.74227180473847,4.249523065385802,4.550146636203689,-0.300623570817887,370.1984740690673,359.5499999999996,348.90152593093194,8.686603702827089,381.55981110848126,329.44018889151874,357.27146523926865
2017-11-26,360.0,365.0,360.0,365.0,0.0,16104,5827193.0,13.51,27.01702443,363.5365158366429,351.1645829928783,351.878742933396,59.04552715673314,59.00717275033697,57.91933156851573,4.7168046796791145,4.62530252890816,0.0915021507709541,371.5545711713583,358.69999999999965,345.845428828641,8.096226336474542,386.7886790094236,338.2113209905764,357.27146523926865
2017-11-27,365.0,366.0,361.0,362.0,0.0,16846,6123729.0,13.51,26.79496669,362.8047737549643,350.59987209462844,351.74687100307835,54.98872475139551,56.44301483581346,56.46395969437448,4.735526962945357,4.602426991215422,0.1330999717299352,372.5049660707847,357.39999999999964,342.2950339292146,8.440251484971714,388.8207544549151,338.1792455450849,357.27146523926865
2017-11-28,362.0,365.0,358.0,360.0,0.0,11498,4150617.0,13.51,26.6469282,363.20716063244646,350.13456075155204,351.6438244804962,52.181791847284295,54.68844810673688,55.47849479356079,4.995997557762394,4.569151998282938,0.4268455594794558,373.1718793282395,356.24999999999966,339.3281206717598,8.711390538857462,387.6341716165724,335.36582838342764,357.27146523926865
2017-11-29,360.0,371.0,360.0,367.0,0.0,24683,9086891.0,13.51,27.16506292,364.81074094866966,349.73188976181945,351.55984281698363,64.74255657278447,62.92659804753232,60.04527772796704,5.459420061579522,4.462440608413074,0.996979453166448,373.8712546197521,355.0999999999996,336.32874538024714,8.679322820952734,391.5379684628582,339.4620315371418,357.27146523926865
2017-11-30,367.0,372.0,365.0,370.0,0.0,11206,4138581.0,13.51,27.38712065,363.7161114230045,349.02706893577124,351.4046653578578,71.27879911597581,66.93946598422251,62.15013285208048,5.2587786746468055,4.213195745121462,1.0455829295253434,372.4807851965192,353.94999999999965,335.4192148034801,8.421469801058594,393.76440940317576,343.23559059682424,357.27146523926865
2017-12-04,370.0,371.0,358.0,361.0,0.0,5819,2129400.0,13.51,26.72094745,360.5741671345068,348.17103093314967,351.21777757250965,60.69789235134221,59.79765061047518,57.89983204795885,4.620741432785053,3.951800012740126,0.6689414200449271,370.2302149308091,352.5499999999996,334.86978506919013,8.134966445620659,388.904899336862,340.095100663138,357.27146523926865
2017-12-05,361.0,365.0,358.0,363.0,0.0,9511,3430554.0,13.51,26.86898594,360.3612507017602,347.647399542666,351.11946377926853,65.46156181464474,62.587556501230765,59.32092317582342,4.655526750513729,3.784564657728894,0.8709620927848354,369.923640889998,351.2999999999996,332.6763591100013,7.594407161800733,384.2832214854022,338.7167785145978,357.27146523926865
2017-12-06,363.0,365.0,358.0,362.0,0.0,11257,4082936.0,13.51,26.79496669,359.04187605264025,347.0207627893054,351.0000614051908,64.21329565904648,61.759199146877,58.8359655481899,4.428572348770899,3.566824134532685,0.8617482142382138,368.72056506910286,350.0499999999996,331.3794349308964,7.660452402000814,384.4813572060024,338.5186427939976,357.27146523926865
2017-12-10,362.0,363.0,356.0,357.0,0.0,7932,2849917.0,13.51,26.42487047,357.56281407896034,346.4093653521342,350.8895092585093,57.36489201437234,57.37768729946142,56.33744400129418,4.176298587291569,3.351387080973132,0.8249115063184371,367.15104453784,349.19999999999965,331.24895546215936,7.622724891112016,382.36817467333606,336.63182532666394,357.27146523926865
2017-12-11,357.0,360.0,357.0,357.0,0.0,1292,462853.0,13.51,26.42487047,357.8442211184405,345.97709455018054,350.82809729125813,57.36489201437235,57.37768729946142,56.33744400129418,4.302650279551926,3.145159204393523,1.157491075158403,366.3440330794122,348.74999999999966,331.15596692058705,7.691916545680018,381.5757496370401,335.4242503629599,357.27146523926865
2017-12-12,357.0,361.0,357.0,358.0,0.0,10265,3694414.0,13.51,26.49888971,358.2663316776608,345.52718004202467,350.76606811830595,59.15374580650601,58.5342459695152,56.974856934535865,4.401336980879876,2.855786435603922,1.5455505452759537,365.5976742613492,348.39999999999964,331.2023257386501,8.21324060631113,383.63972181893337,334.36027818106663,357.27146523926865
2017-12-13,358.0,360.0,355.0,359.0,0.0,6093,2186560.0,13.51,26.57290896,358.39949751649107,345.0180853498624,350.6933652853241,60.8401689537222,59.650738365811925,57.60049211042655,4.361459469034742,2.4693987992849338,1.892060669749808,364.4445186172373,347.7999999999996,331.15548138276193,8.681378451456812,383.5441353543704,331.4558646456296,357.27146523926865
2017-12-14,359.0,365.0,359.0,365.0,0.0,7250,2625200.0,13.51,27.01702443,358.0992462747366,344.44739495597923,350.6098815193474,71.74961227338842,66.74360819640297,61.48971543766503,4.1453036707300726,1.9963836318474817,2.148920038882591,362.9606431143104,347.0999999999996,331.2393568856889,8.534864946063124,387.60459483818937,336.39540516181063,357.27146523926865
2017-12-17,365.0,360.0,351.0,355.0,0.0,5006,1785516.0,13.51,26.27683198,354.64886941210483,343.6085131174478,350.4652572130092,61.53012262905683,59.24350878139292,56.825435155794,3.1982058529560504,1.459153622126834,1.7390522308292164,359.77350360074576,346.19999999999965,332.62649639925354,8.37207216229236,380.6162164868771,330.3837835131229,357.27146523926865
2017-12-18,355.0,363.0,354.0,360.0,0.0,19571,6989313.0,13.51,26.6469282,354.4733041181573,343.14355446918034,350.4196819086173,73.317911944666,66.17222814609265,60.33298595056564,2.9610270985905345,1.02439056441953,1.9366365341710048,358.61383878798136,345.5999999999996,332.5861612120179,8.302302402547067,383.4069072076412,333.5930927923588,357.27146523926865
2017-12-19,360.0,360.0,353.0,360.0,0.0,7876,2813597.0,13.51,26.6469282,351.7099561772359,342.4555362842489,350.3233973046838,73.317911944666,66.17222814609265,60.33298595056566,2.1061403670390177,0.5402314308767787,1.5659089361622391,355.9905515878646,344.74999999999966,333.5094484121347,8.224780447274519,381.1743413418236,331.82565865817645,357.27146523926865
2017-12-20,360.0,360.0,352.0,352.0,0.0,8188,2904127.0,13.51,26.05477424,347.5649342658538,341.7394357244223,350.2261450162887,64.79044464252416,59.66412732230562,56.36109323010437,0.984359260701865,0.1487541968362189,0.835605063865646,352.8090862181867,343.99999999999966,335.19091378181264,8.249756052527243,380.74926815758175,331.25073184241825,357.27146523926865
2017-12-21,352.0,351.0,347.0,349.0,0.0,9168,3203323.0,13.51,25.83271651,345.34740139878073,341.320637182562,350.2083173280102,60.59227094274331,56.7678917834649,54.72921197100018,0.3527861502758469,-0.0601470691301925,0.4129332194060395,351.5364083497821,343.44999999999965,335.3635916502172,7.944173391696935,372.8325201750908,325.1674798249092,357.27146523926865
2017-12-24,349.0,351.0,346.0,349.0,0.0,15350,5358469.0,13.51,25.83271651,343.52110209817107,341.0071938022584,350.22046122075403,60.59227094274332,56.76789178346488,54.72921197100018,-0.1530076910355546,-0.1633803739817024,0.0103726829461477,350.8837490848836,343.19999999999965,335.5162509151157,8.382414879663262,373.6472446389898,323.3527553610102,357.27146523926865
2017-12-26,349.0,347.0,342.0,343.0,0.0,7661,2636585.0,13.51,25.38860104,340.78165314725663,340.6809568145955,350.23272716267115,51.44325511765917,50.65822028668998,51.37785019927534,-0.7963589911670397,-0.1659735447182394,-0.6303854464488002,351.32745289612654,343.2999999999996,335.2725471038727,8.424905421848068,369.7747162655442,319.2252837344558,357.27146523926865
2017-12-27,343.0,345.0,332.0,339.0,0.0,16281,5538580.0,13.51,25.09252406,339.6724797208849,340.58630199070143,350.30541788792414,43.6972289715652,45.92768285116522,48.95962298231535,-0.99501670164517,-0.0083771831060393,-0.9866395185391308,351.5611035007235,343.44999999999965,335.3388964992758,8.472117135386743,363.9163514061602,313.08364859383977,357.27146523926865
2017-12-28,339.0,343.0,336.0,339.0,0.0,7672,2599260.0,13.51,25.09252406,340.0087195813274,340.65104901073005,350.41904017825505,43.6972289715652,45.92768285116522,48.95962298231535,-0.8268304819042669,0.2382826965287434,-1.0651131784330103,351.9721744282134,343.89999999999964,335.82782557178587,7.969019039318603,363.4070571179558,315.5929428820442,357.27146523926865
2017-12-31,339.0,344.0,331.0,337.0,0.0,13062,4357124.0,13.51,24.94448557,340.51307937199107,340.71843876627,350.53380440115205,39.91023272234276,43.59635427363395,47.76244630164189,-0.600137081698108,0.504560991136996,-1.104698072835104,351.9030639104458,344.14999999999964,336.3969360895535,8.076687821465114,361.73006346439536,313.26993653560464,357.27146523926865
2018-01-01,337.0,346.0,337.0,344.0,0.0,15700,5340067.0,13.51,25.46262028,342.2696190579866,340.8702117771382,350.669822535837,50.47183231169959,50.70073301145746,51.848661163236486,-0.0984282387921666,0.7807355093457721,-0.8791637481379387,351.757038764456,344.64999999999964,337.54296123554326,7.529653134961238,364.0889594048837,318.9110405951163,357.27146523926865
2018-01-02,344.0,347.0,339.0,342.0,0.0,11570,3977039.0,13.51,25.31458179,341.40442858697986,340.7424653190622,350.73685592815696,46.90327561511122,48.47302722305017,50.691593400519785,-0.1693609049188467,1.0005264463802568,-1.1698873512991037,352.09637840576505,344.8499999999996,337.6036215942342,7.366281261068042,365.0988437832041,320.90115621679587,357.27146523926865
2018-01-03,342.0,341.0,336.0,336.0,0.0,10654,3602711.0,13.51,24.87046632,341.1066428804698,340.6911373729015,350.82466352542485,34.27515783401588,41.05280158197736,47.02544326714432,-0.053796985612621,1.2929982842050327,-1.3467952698176535,352.39637840576506,345.14999999999964,337.9036215942342,6.962534734520046,359.38760420356016,317.61239579643984,357.27146523926865
2018-01-04,336.0,342.0,335.0,338.0,0.0,10327,3495359.0,13.51,25.01850481,343.65996432070466,340.8826123677138,350.9736551186452,36.87359743921787,42.96803651263672,48.17156300993488,0.7053961911834676,1.629697101659446,-0.9243009104759784,351.558468498647,345.64999999999964,339.74153150135226,7.180594149466719,360.04178244840017,316.95821755159983,357.27146523926865
2018-01-07,338.0,347.0,337.0,345.0,0.0,9386,3204996.0,13.51,25.53663953,346.489946481057,341.00027001537563,351.1040436122999,48.25483610173672,50.64728632129728,52.46824176101526,1.460506083149653,1.8607723292784408,-0.4002662461287878,351.0383203414389,345.7999999999996,340.5616796585603,6.867326832740799,362.6019804982224,321.3980195017776,357.27146523926865
2018-01-08,345.0,350.0,345.0,348.0,0.0,17120,5947039.0,13.51,25.75869726,347.2349197215855,340.8370157302889,351.1653907842828,54.68484708518042,54.52530524533451,54.46704673653356,1.6903298931406423,1.9608388908106376,-0.2705089976699952,351.1372579672835,345.64999999999964,340.16274203271576,6.408140925267555,366.7244227758027,328.2755772241973,357.27146523926865
2018-01-09,348.0,350.0,348.0,350.0,0.0,10010,3495414.0,13.51,25.90673575,346.85237958237826,340.54464902540275,351.19720375698915,59.37316775807637,57.23840212694701,55.82820154753064,1.6536274849016763,2.0284661402281365,-0.3748386553264602,351.0184868736184,345.5999999999996,340.1815131263809,6.564601028075062,368.6938030842252,329.3061969157748,357.27146523926865
2018-01-10,350.0,349.0,344.0,346.0,0.0,8821,3059176.0,13.51,25.61065877,345.2785693735674,340.15871633256205,351.20923595555183,52.06754081834438,52.88452594558102,53.60194775229111,1.3790927386053229,2.122175804059752,-0.7430830654544289,350.82162214119785,345.5499999999996,340.2783778588014,6.849556697861179,367.0486700935836,325.95132990641645,357.27146523926865
2018-01-14,346.0,346.0,340.0,345.0,0.0,12291,4230413.0,13.51,25.53663953,344.9178540603511,339.92029659103395,351.2615900857584,50.072404053043165,51.74393645403925,53.03384639509655,1.4158997680437435,2.307946570423359,-0.8920468023796153,351.026802023462,345.64999999999964,340.2731979765373,7.055062997623533,364.1651889928706,321.8348110071294,357.27146523926865
2018-01-16,345.0,351.0,342.0,347.0,0.0,16550,5747097.0,14.24,24.36797753,344.87678109052666,339.7129617580149,351.3245206393841,54.07375817367021,54.17977389376535,54.31061449273674,1.544102198082726,2.530958271018263,-0.9868560729355372,353.5404046526538,346.24999999999966,338.9595953473455,7.061181108470592,367.6835433254118,325.3164566745882,357.27146523926865
2018-01-17,347.0,347.0,341.0,343.0,0.0,8376,2888062.0,14.24,24.08707865,343.81517163579,339.41553162568897,351.3679831583729,46.46887822226704,49.79019694283643,52.09635409215665,1.4816390859057833,2.7776722892521475,-1.2960332033463642,356.34245730726394,346.89999999999964,337.45754269273533,6.845756787189546,364.53727036156863,323.46272963843137,357.27146523926865
2018-01-21,343.0,348.0,343.0,343.0,0.0,9964,3440299.0,14.24,24.08707865,344.222757453685,339.26922679408443,351.4520834916229,46.46887822226703,49.79019694283642,52.09635409215666,1.7876350542049977,3.1016805900887388,-1.314045535883741,357.1962813421048,347.44999999999965,337.7037186578945,6.93972976354394,366.3191892906318,324.6808107093682,357.27146523926865
2018-01-22,343.0,345.0,341.0,345.0,0.0,7411,2536523.0,14.24,24.22752809,344.83413618052754,339.11695033670014,351.5370290543528,49.7215566608613,51.93519984199256,53.28633977499294,2.152195216591167,3.430191974059674,-1.277996757468507,357.18467356544005,347.64999999999964,338.1153264345592,7.1552552928266,364.46576587847983,321.53423412152017,357.27146523926865
2018-01-23,345.0,343.0,337.0,341.0,0.0,7803,2660186.0,14.24,23.94662921,344.75120427079133,338.8768258606471,351.6027278388186,42.5757408745556,47.75524020136636,51.14366364657833,2.3825655297954995,3.749691163426801,-1.3671256336313014,357.2572723340077,347.7999999999996,338.3427276659915,7.505839214251777,362.5175176427553,317.4824823572447,357.27146523926865
2018-01-24,341.0,347.0,339.0,344.0,0.0,7029,2420836.0,14.24,24.15730337,346.626806406187,338.7901656916939,351.7092879176007,47.03201977603919,50.83400003834733,52.8903776335206,3.049219049124701,4.091472571834626,-1.0422535227099248,357.04203556241805,348.0999999999996,339.1579644375812,7.562043571390864,365.6861307141726,320.3138692858274,357.27146523926865
2018-01-25,344.0,351.0,344.0,351.0,0.0,22405,7810353.0,14.24,24.6488764,347.9402096092805,338.57751939339573,351.78676819817963,60.07313413261254,59.08759592101153,57.27184034250996,3.550304536717647,4.352035952512107,-0.8017314157944604,357.09378239452747,348.0499999999996,339.00621760547176,7.068937301545406,368.7068119046362,326.2931880953638,357.27146523926865
2018-01-28,351.0,348.0,344.0,346.0,0.0,12943,4475864.0,14.24,24.29775281,346.4103144139208,338.0704793686364,351.7946754162518,51.5420183430834,54.15000011068409,54.69849369845517,3.4255037658022047,4.552468806460722,-1.1269650406585177,356.7805038618816,347.74999999999966,338.71949613811773,7.076597001717117,367.22979100515136,324.77020899484864,357.27146523926865
2018-01-29,346.0,348.0,341.0,348.0,0.0,17381,6001281.0,14.24,24.43820225,346.6154716208811,337.7468254653154,351.8529133601337,55.77965702401085,56.69127759172928,55.99344219334817,3.72547799978571,4.834210066625352,-1.108732066839642,356.8982618705083,347.5499999999996,338.20173812949093,7.4184411130190195,366.755323339057,322.24467666094296,357.27146523926865
2018-01-31,348.0,346.0,341.0,344.0,0.0,12608,4332288.0,14.24,24.15730337,345.92320743132166,337.3283285455324,351.8916361074717,48.20980229568918,52.55625484507651,53.89788657488677,3.850529069345953,5.111393083335263,-1.26086401398931,357.90033936128526,346.8499999999996,335.799660638714,7.464934570021134,365.8948037100634,321.1051962899366,357.27146523926865
2018-02-01,344.0,350.0,341.0,347.0,0.0,22342,7731335.0,14.24,24.36797753,346.8848111469825,337.05601542494185,351.9709490331749,54.420440527138304,56.2998266548373,55.81142597058834,4.361404738939598,5.42660908683259,-1.0652043478929922,358.6994939167374,346.3499999999996,334.0005060832618,7.627705077801259,368.38311523340377,322.61688476659623,357.27146523926865
2018-02-04,347.0,350.0,347.0,348.0,0.0,16782,5848451.0,14.24,24.43820225,346.8272167204737,336.6501385035109,352.0209083199405,56.58012862654691,57.56907041533902,56.45278471416743,4.644574706472781,5.692910173805839,-1.0483354673330574,358.70107838574813,345.94999999999965,333.1989216142512,7.475227864223622,370.9256835926709,326.07431640732915,357.27146523926865
2018-02-05,348.0,348.0,346.0,348.0,0.0,8577,2977187.0,14.24,24.43820225,346.2408250807105,336.18687885059296,352.0613194588344,56.58012862654691,57.56907041533902,56.45278471416744,4.836626923848257,5.954994040639103,-1.1183671167908456,358.51880873479075,345.5499999999996,332.5811912652085,7.972475404692913,370.9174262140787,323.0825737859213,357.27146523926865
2018-02-06,348.0,349.0,344.0,346.0,0.0,7027,2433732.0,14.24,24.29775281,345.3612376210657,335.70471064041305,352.1021367398277,53.67497148741675,55.85273398071809,55.51044293827122,5.011404453315151,6.234585819836815,-1.223181366521663,359.71183749582644,344.49999999999966,329.2881625041729,8.636083782992126,372.4082513489764,320.59174865102364,357.27146523926865
2018-02-07,346.0,345.0,341.0,341.0,0.0,4071,1390893.0,14.24,23.94662921,345.0418564315986,335.284494748185,352.1634647472632,45.584119797662126,51.27759933868654,53.073309995238446,5.36522734433197,6.540381161467231,-1.175153817135261,360.5379368965024,343.5499999999996,326.5620631034968,8.706759758880139,369.1202792766404,316.8797207233596,357.27146523926865
2018-02-08,341.0,344.0,339.0,342.0,0.0,9362,3191604.0,14.24,24.01685393,347.0627846473979,335.0512088195395,352.2756603728638,47.044843396043525,52.2838659691152,53.63745471521434,6.247885254766743,6.834169615751046,-0.5862843609843029,361.4182705963667,342.7999999999996,324.1817294036325,9.229733065422376,369.1891991962671,313.8108008037329,357.27146523926865
2018-02-11,342.0,347.0,343.0,347.0,0.0,5007,1724404.0,14.24,24.36797753,349.59417697109683,334.7675846897248,352.3789333414353,54.85769361946055,57.52502746705257,56.521270444717,7.181781202197783,6.980740705997122,0.2010404962006609,362.1239931594975,341.94999999999965,321.7760068405018,9.366370072691527,373.0991102180746,316.9008897819254,357.27146523926865
2018-02-12,347.0,349.0,344.0,349.0,0.0,7453,2578227.0,14.24,24.50842697,350.8912654566452,334.26830243216256,352.4329929730075,58.3002019473865,59.74972550469112,57.71279410477054,7.760218848523266,6.930480581946957,0.8297382665763093,362.07451298140063,340.89999999999964,319.72548701859864,9.740411191879478,375.7212335756385,317.27876642436155,357.27146523926865
2018-02-14,349.0,348.0,344.0,348.0,0.0,11425,3952931.0,14.24,24.43820225,351.8368981849678,333.6670086538835,352.4674954149473,57.103809501700376,59.01379420472792,57.28052127656012,8.182003352036588,6.723046015302879,1.4589573367337092,361.6979023945477,339.64999999999964,317.60209760545155,10.267123546532751,376.8013706395983,315.1986293604017,357.27146523926865
2018-02-15,348.0,357.0,347.0,357.0,0.0,26577,9361605.0,14.24,25.07022472,353.75534727745173,333.08198859894,352.51239486635376,74.11505603976852,69.65753691032047,62.82968547022397,8.703160978673054,6.358306681119452,2.344854297553602,361.6316025913602,338.19999999999965,314.7683974086391,9.963470607258614,381.89041182177584,322.10958817822416,357.27146523926865
2018-02-18,360.0,364.0,350.0,360.0,0.84,31366,11200783.0,14.24,25.28089888,352.1330209161776,332.1057432356314,352.4672933072216,81.2902879358931,73.77614883661042,64.83975918881548,8.32539255334467,5.772093106731052,2.553299446613619,359.8166431924649,336.14999999999964,312.4833568075344,9.62607845250957,385.8782353575287,328.1217646424713,357.27146523926865
2018-02-20,363.0,363.0,354.0,354.0,-1.67,29824,10606707.0,14.24,24.85955056,348.1995313742664,330.96720214320817,352.39158771231934,77.40071767287147,70.54140326815777,62.53868090329336,7.416671507876913,5.133768245077647,2.282903262799266,357.42771495547834,333.5999999999996,309.7722850445209,9.14008716945508,385.9202615083652,331.0797384916348,357.27146523926865
2018-02-21,348.0,350.0,346.0,347.0,-1.98,5875,2042940.0,14.24,24.36797753,345.29929706139967,330.0270879449717,352.37542276470447,71.1894483926525,65.99765055163525,59.57561730876692,6.75984324245627,4.5630424293778304,2.19680081307844,356.2944438319151,331.0999999999996,305.90555616808416,8.377874632727865,373.1336238981836,322.8663761018164,357.27146523926865
2018-02-22,347.0,354.0,345.0,348.0,0.29,6636,2305188.0,14.24,24.43820225,344.4489455920995,329.3343160243584,352.4294471140985,73.76386489948128,67.37621320081837,60.22895304474461,6.535893809247227,4.0138422261082205,2.5220515831390067,356.5661243728325,328.64999999999964,300.73387562716675,8.864305147475406,376.0929154424262,322.9070845575738,357.27146523926865
2018-02-25,348.0,348.0,343.0,347.0,-0.29,11103,3828036.0,14.24,24.36797753,342.6734183881493,328.57245137229137,352.4739641705216,72.89249986327295,66.73092446843253,59.80579506190746,6.053167168180494,3.383329330323469,2.669837837857025,354.4656430808183,326.64999999999964,298.83435691918095,8.84922794163934,372.047683824918,318.952316175082,357.27146523926865
2018-02-26,347.0,347.0,343.0,343.0,-1.15,11992,4130066.0,14.24,24.08707865,340.5101275822239,327.82030653034406,352.5289788858032,69.26278741545151,64.09292274076256,58.093625267747214,5.450804551136287,2.715869870859213,2.7349346802770738,352.0746239718878,324.64999999999964,297.2253760281115,9.276919935154822,372.8307598054645,317.1692401945355,357.27146523926865
2018-02-27,343.0,348.0,342.0,345.0,0.58,13405,4630061.0,14.24,24.22752809,339.2651913733359,327.200727205052,352.62474751782133,73.64553710825987,66.54266183572602,59.30624620366177,5.009959108274245,2.032136200789944,2.977822907484301,349.6232819345524,323.24999999999966,296.87671806544694,9.863244372394249,374.58973311718273,315.41026688281727,357.27146523926865
2018-02-28,343.0,345.0,342.0,342.0,-0.87,2742,940075.0,14.24,24.01685393,336.39778706000385,326.474226274646,352.7013781461412,71.21714196952439,64.66132483883254,58.04517086768327,4.170771519628147,1.2876804739188688,2.8830910457092784,346.5745903640847,321.39999999999964,296.22540963591456,10.29249374710472,374.3774812413142,312.6225187586858,357.27146523926865
2018-03-04,336.0,340.0,331.0,334.0,-2.34,18341,6128731.0,14.24,23.45505618,333.59668059000575,325.8405212246315,352.8089296852984,63.17375808302448,58.94487131700292,54.42996886156942,3.344451775288917,0.5669077124915491,2.777544062797368,343.6424309542576,319.69999999999965,295.7575690457417,10.213881941227466,366.1416458236824,304.8583541763176,357.27146523926865
2018-03-05,338.0,339.0,331.0,334.0,0.0,17242,5744925.0,14.24,23.45505618,333.3950208850086,325.50748127461645,352.99796415449737,63.17375808302448,58.94487131700292,54.42996886156942,3.055666184873587,-0.1274783032077928,3.18314448808138,341.91510153070624,318.39999999999964,294.88489846929303,10.348757712474963,366.0462731374249,303.9537268625751,357.27146523926865
2018-03-06,336.0,339.0,330.0,339.0,1.5,20976,6987407.0,14.24,23.80617978,333.09253132751286,325.1608478572539,353.1888984676079,73.28744309792994,64.57405077755283,57.27259646142306,2.6426247049634526,-0.923264425228138,3.5658891301915903,339.8415547169217,317.19999999999965,294.5584452830776,10.609730791638848,366.3291923749165,302.67080762508346,357.27146523926865
2018-03-07,340.0,344.0,338.0,340.0,0.29,11941,4053414.0,14.24,23.87640449,330.1387969912693,324.59598450448874,353.3315004622572,75.43438116141647,65.73998481826833,57.85270165826047,1.5679044930787427,-1.814736707776036,3.3826412008547786,336.4800270535826,316.14999999999964,295.81997294641667,10.677478657376495,373.0324359721295,308.9675640278705,357.27146523926865
2018-03-11,335.0,335.0,326.0,327.0,-3.82,45826,15109819.0,14.24,22.96348315,325.208195486904,323.96724917814134,353.46548539152616,62.86279874635623,56.19154100264192,51.75402583372936,0.0715466300101752,-2.6603970079897303,2.7319436379999056,334.0051082807876,315.64999999999964,297.2948917192117,9.974976285973886,360.42492885792166,300.57507114207834,357.27146523926865
2018-03-12,326.0,333.0,320.0,327.0,0.0,44678,14429315.0,14.24,22.96348315,324.31229323035603,323.8434634303104,353.73147016933046,62.86279874635622,56.191541002641934,51.75402583372936,-0.5157544480156844,-3.3433829174897065,2.827628469474022,334.1835061608835,315.69999999999965,297.2164938391158,10.08330698441543,356.74992095324626,296.25007904675374,357.27146523926865
2018-03-13,327.0,327.0,324.0,326.0,-0.31,12610,4103807.0,14.24,22.89325843,322.968439845534,323.7146252029761,354.000128160982,61.67060793107466,55.36646566663631,51.25398666521209,-1.2578623047248243,-4.050290034858212,2.7924277301333875,333.4441657211271,315.44999999999965,297.4558342788722,9.759229982683811,354.77768994805143,296.22231005194857,357.27146523926865
2018-03-14,322.0,326.0,322.0,325.0,-0.31,6604,2143282.0,14.24,22.82303371,321.45265976830103,323.621344599016,354.28153648420795,60.544735893959256,54.57200106441796,50.76409949832268,-2.0849474264921355,-4.748396967391559,2.663449540899423,332.98728356756595,315.2999999999996,297.6127164324333,10.510255536315348,355.530766608946,292.469233391054,357.27146523926865
2018-03-15,324.0,328.0,324.0,326.0,0.31,31274,10205380.0,14.24,22.89325843,319.67898965245155,323.5650729499962,354.5758232830442,62.167932030879,55.48914312039377,51.2586324194136,-3.008464110253499,-5.414259352616414,2.405795242362915,332.6882817909414,315.19999999999965,297.7117182090579,11.233617262572608,359.70085178771785,292.29914821228215,357.27146523926865
2018-03-18,326.0,327.0,323.0,324.0,-0.61,8329,2701315.0,14.24,22.75280899,316.5184844786773,323.465688172445,354.8630174868939,60.2745378277092,54.05514382343858,50.32958574733144,-4.245265926832417,-6.015708163207143,1.770442236374726,331.6356764045721,314.7999999999996,297.9643235954271,12.037352513969564,361.1120575419087,288.8879424580913,357.27146523926865
2018-03-19,324.0,325.0,319.0,319.0,-1.54,17787,5725385.0,14.24,22.40168539,312.777726718016,323.4438795264224,355.1731985671642,55.30356572165511,50.34120740343319,47.948446697383375,-5.558489104693763,-6.458318722300825,0.8998296176070619,331.6356764045721,314.7999999999996,297.9643235954271,12.48594723774396,359.4578417132319,284.5421582867681,357.27146523926865
2018-03-20,320.0,321.0,315.0,316.0,-0.94,16734,5289861.0,14.24,22.19101124,309.66659007702407,323.62526236423554,355.53674830150754,52.10731940070031,47.99927963981413,46.47034644414481,-6.644697755641232,-6.68327612670259,0.0385783710613578,333.37526005358694,315.3499999999996,297.3247399464123,12.873274708604402,356.61982412581324,279.3801758741868,357.27146523926865
2018-03-21,314.0,315.0,306.0,309.0,-2.22,18664,5771624.0,14.24,21.6994382,306.4998851155361,323.93649756277574,355.934102555794,43.76699556363541,42.081075673107,42.83408255195459,-7.628990284586678,-6.69292071946793,-0.936069565118748,337.0069939436526,316.44999999999965,295.8930060563467,12.97030523178267,349.410915695348,271.589084304652,357.27146523926865
2018-03-22,314.0,314.0,302.0,304.0,-1.62,19432,5988284.0,14.24,21.34831461,305.2498276733041,324.5461505245217,356.40580207896784,36.77643159436849,37.3520141664755,40.04117020209749,-8.061611071937705,-6.458903328188243,-1.6027077437494617,342.2257183800082,318.2999999999996,294.37428161999105,13.18922803531408,347.56768410594225,268.4323158940577,357.27146523926865
2018-03-26,298.0,303.0,294.0,298.0,-1.97,15568,4649938.0,14.24,20.92696629,305.8747415099561,325.3847689132777,356.9324935571484,27.111246555544007,31.081758882409662,36.46528390252858,-7.987441806746631,-6.058226392250877,-1.9292154144957532,348.9848713723137,320.89999999999964,292.8151286276856,12.876920039237865,337.1307601177136,259.8692398822864,357.27146523926865
2018-03-27,295.0,309.0,285.0,308.0,3.36,13125,3869370.0,14.24,21.62921348,309.8121122649341,326.5025145832074,357.5247799245569,35.049128120638926,36.77865064014512,40.31194855661624,-7.165684791077297,-5.575922538626939,-1.5897622524503578,352.2436949607971,323.49999999999966,294.75630503920223,12.75213337693096,335.2564001307929,258.7435998692071,357.27146523926865
2018-03-28,305.0,309.0,300.0,307.0,-0.32,15130,4630456.0,14.24,21.55898876,310.71816839740114,327.25771926007303,358.02251640621074,33.313566256735925,35.684022593764944,39.70131054675874,-7.030777694116409,-5.178481975514349,-1.8522957186020603,354.2663746873959,325.24999999999966,296.2336253126034,11.50237041881218,339.00711125643653,269.99288874356347,357.27146523926865
2018-03-29,312.0,318.0,307.0,315.0,2.61,10960,3405933.0,14.24,22.12078652,312.5772525961017,328.08456494415765,358.5353055158209,41.128725455108295,40.95115546539059,43.086634425617845,-6.654503142081012,-4.715408045863834,-1.9390950962171785,355.3246372008407,326.89999999999964,298.4753627991586,11.11374490979131,345.8412347293739,279.1587652706261,357.27146523926865
2018-04-01,316.0,316.0,303.0,308.0,-2.22,11449,3498923.0,14.24,21.62921348,311.36587889415256,328.6186288194294,358.9728462747739,27.98956311162412,32.904461570475014,38.69560575255772,-6.8919926681437005,-4.230634271809539,-2.661358396334162,356.08876329904064,327.94999999999965,299.81123670095866,11.126383233101455,342.8791496993044,276.1208503006956,357.27146523926865
2018-04-02,306.0,308.0,305.0,308.0,0.0,2719,833618.0,14.24,21.62921348,313.04881834122887,329.4602055059367,359.4851361870832,27.98956311162412,32.904461570475014,38.69560575255772,-6.382141224418035,-3.565294672725998,-2.816846551692037,355.94737814841267,329.24999999999966,302.55262185158665,10.918203592334953,339.25461077700487,273.7453892229952,357.27146523926865
2018-04-03,303.0,308.0,303.0,308.0,0.0,5288,1618334.0,14.24,21.62921348,315.5732275118433,330.3361322612811,360.00257474172724,27.98956311162412,32.90446157047501,38.695605752557725,-5.638554236616642,-2.861083034802989,-2.7774712018136527,355.82488783622773,330.74999999999966,305.6751121637716,11.798003991483275,340.8940119744498,270.1059880255502,357.27146523926865
2018-04-04,310.0,314.0,307.0,310.0,0.65,5694,1768396.0,14.24,21.76966292,319.3598412677649,331.24781112908846,360.5252136838552,29.30186543684334,33.96320983306878,39.46529064994738,-4.60745151056301,-2.166715234349576,-2.4407362762134337,355.53784778235536,332.39999999999964,309.2621522176439,12.33111554609253,347.4933466382776,273.50665336172244,357.27146523926865
2018-04-05,316.0,319.0,311.0,318.0,2.58,14733,4668266.0,14.24,22.33146067,324.0397619016474,332.1150687261941,361.0330047761552,35.163801340598475,38.573186738577,42.728949498197686,-3.428008372791794,-1.5565311652962175,-1.8714772074955763,354.533406842946,333.74999999999966,312.9665931570533,12.479017273436146,352.43705182030845,277.56294817969155,357.27146523926865
2018-04-08,320.0,332.0,320.0,330.0,3.77,25338,8303723.0,14.24,23.1741573,327.0596428524711,332.6911939803245,361.4654972864684,47.95528855098935,47.56594008144727,48.50511276781171,-2.687293555159556,-1.0886618634223235,-1.5986316917372323,354.21512234139027,334.69999999999965,315.184877658609,11.754463637151272,361.2633909114538,290.7366090885462,357.27146523926865
2018-04-09,335.0,336.0,323.0,328.0,-0.61,15606,5137289.0,14.24,23.03370787,325.58946427870666,332.8010386325826,361.7817334401012,44.990749482188846,45.60328538168692,47.36670517139533,-2.9246023725793293,-0.6890039404880154,-2.235598432091314,354.62588252171025,335.14999999999964,315.674117478289,11.727181819056971,364.6815454571709,294.3184545428291,357.27146523926865
2018-04-10,323.0,332.0,316.0,322.0,-1.83,9966,3219327.0,14.24,22.61235955,324.38419641806,332.9969993930962,362.1212483490469,35.13847611941176,39.27095711629908,43.78774232654274,-2.98131868321218,-0.1301043324651869,-2.851214350746993,355.2538655942451,335.8499999999996,316.4461344057541,11.474646465618855,358.4239393968565,289.57606060314345,357.27146523926865
2018-04-11,317.0,323.0,316.0,323.0,0.31,3501,1116758.0,14.24,22.68258427,325.57629462709,333.4458565111818,362.52447697567055,36.09624104977025,39.99143694323845,44.26937955670764,-2.399435593391388,0.5826992552215614,-2.982134848612949,354.99420889543813,336.64999999999964,318.30579110456114,10.971829406243176,352.41548821872954,286.58451178127046,357.27146523926865
2018-04-12,326.0,328.0,322.0,323.0,0.0,8904,2892324.0,14.24,22.68258427,326.86444194063506,333.8722180014341,362.9217079000492,36.09624104977024,39.99143694323845,44.26937955670764,-1.7236584773889945,1.3282329673747988,-3.0518914447637933,354.70659294297405,337.44999999999965,320.19340705702524,11.41314378471464,359.2394313541439,290.7605686458561,357.27146523926865
2018-04-15,320.0,322.0,314.0,318.0,-1.55,13360,4245252.0,15.49,20.52937379,328.7966629109526,334.3159820014926,363.32293109502456,28.384588406029472,34.83737610686301,41.29385506558194,-0.8360497442020574,2.091205828565747,-2.9272555727678045,354.25117550525744,338.2999999999996,322.3488244947418,11.570159760794043,352.7104792823821,283.28952071761785,357.27146523926865
2018-04-16,318.0,326.0,318.0,324.0,1.89,10296,3328650.0,15.49,20.91672046,334.1949943664289,334.9819404505331,363.7784379402007,32.57807431067452,38.524332473603984,44.000157720027005,0.8181133987994258,2.823019721757698,-2.004906322958272,352.35221988693354,339.39999999999964,326.44778011306573,11.744621956437827,357.2338658693135,286.7661341306865,357.27146523926865
2018-04-17,322.0,332.0,322.0,330.0,1.85,13633,4474653.0,15.49,21.30406714,339.29249154964333,335.4301829179018,364.1782212360821,37.50308344452592,42.72287276378673,46.95434449335566,2.3066181609751766,3.324246302497266,-1.0176281415220894,351.0554133960636,340.19999999999965,329.34458660393574,11.716246618264256,362.1487398547928,291.8512601452072,357.27146523926865
2018-04-18,330.0,348.0,328.0,338.0,2.42,17142,5769849.0,15.49,21.82052937,343.938737324465,335.6518230369998,364.5217209469975,45.68927979245155,49.38676269580611,51.3689775102118,3.5620316114471398,3.5786533378777885,-0.0166217264306491,350.49999999997186,340.69999999999965,330.90000000002743,11.24027402029362,371.7208220608808,304.2791779391192,357.27146523926865
2018-04-19,340.0,349.0,335.0,346.0,2.37,33625,11544096.0,15.49,22.33699161,346.90810598669754,335.55597907932633,364.7882709062638,56.68836573185955,57.75135690154845,56.46549085794133,4.298038864792147,3.582808769485451,0.7152300953066963,350.52830920558864,340.7999999999996,331.0716907944106,10.266971133659576,372.80091340097874,311.19908659902126,357.27146523926865
2018-04-22,341.0,357.0,341.0,356.0,2.89,33695,11811264.0,15.49,22.9825694,347.3621589800464,335.12969251113554,364.9770977495429,77.38869781822434,71.88272380622544,64.09661633115763,4.360389375573675,3.404001245658777,0.956388129914898,349.8952619763492,340.39999999999964,330.9047380236501,9.074412370732862,376.2232371121986,321.7767628878014,357.27146523926865
2018-04-23,357.0,361.0,348.0,350.0,-1.69,35197,12461355.0,15.49,22.59522272,343.0432384700695,334.27784322587576,365.067319837478,71.92007379638112,67.44445600640692,61.06580297617047,3.358365636599217,3.1649042131800527,0.1934614234191642,345.83117407628777,339.39999999999964,332.9688259237115,8.304902634147624,379.4147079024429,329.5852920975572,357.27146523926865
2018-04-24,346.0,349.0,342.0,343.0,-2.0,14697,5066590.0,15.49,22.14331827,339.5648577051043,333.6361225412176,365.21875018760335,62.51956437738582,60.72902210728388,57.00037260594348,2.641479109594058,3.1165388573252617,-0.4750597477312031,343.3074409183234,338.5999999999996,333.89255908167587,7.22766959349736,367.18300878049206,323.81699121950794,357.27146523926865
2018-04-25,343.0,344.0,339.0,340.0,-0.87,15294,5208971.0,15.49,21.94964493,337.84728655765645,333.25392346126733,365.4420542095893,57.04080461368787,57.216985491013936,55.07016242845157,2.400776973531549,3.2353037942580625,-0.8345268207265133,343.79576118914946,337.89999999999964,332.0042388108498,7.030743992774845,362.59223197832455,320.40776802167545,357.27146523926865
2018-04-26,340.0,342.0,336.0,336.0,-1.18,24001,8117319.0,15.49,21.69141382,336.7709298364847,332.97857339846195,365.6977532468716,48.038705157721125,51.89006599148194,52.33121322872493,2.364087672978485,3.4439354994396907,-1.0798478264612057,343.7298058221543,337.5499999999996,331.3701941778449,6.923048880860938,359.7691466425828,318.2308533574172,357.27146523926865
2018-04-29,334.0,339.0,331.0,334.0,-0.6,42224,14090892.0,15.49,21.56229826,337.15639475472705,332.8552498637053,365.9962231287497,42.70238747391924,48.93827534490078,50.89432818899121,2.690144781392973,3.713897456054992,-1.0237526746620187,343.7908468470963,337.64999999999964,331.50915315290297,6.803387645401043,355.4101629362031,314.5898370637969,357.27146523926865
2018-05-02,335.0,338.0,331.0,338.0,1.2,11337,3799592.0,15.49,21.82052937,338.7345921320906,332.80852536834635,366.3177932104457,52.24007194850775,55.23165873608215,54.02076673912446,3.270819202949042,3.969835624720497,-0.699016421771455,343.758468498647,337.8499999999996,331.94153150135224,6.670430717112271,354.5112921513368,314.4887078486632,357.27146523926865
2018-05-03,341.0,342.0,338.0,341.0,0.89,32659,11120543.0,15.49,22.01420271,339.1018881981359,332.5966284446054,366.6023941472341,61.379595518758265,60.66477090626874,56.52065256961675,3.557122639874024,4.144589730163361,-0.5874670902893371,343.71945943474293,337.7999999999996,331.8805405652563,6.30047857456919,358.90143572370755,321.09856427629245,357.27146523926865
2018-05-06,338.0,340.0,335.0,337.0,-1.17,11511,3884758.0,15.49,21.75597159,338.1528322972038,332.2536336872424,366.85970464117617,51.27679278625569,55.20972560686743,53.78304810791914,3.5653554246055705,4.291456502735695,-0.7261010781301245,344.257038764456,337.14999999999964,330.04296123554326,6.444976193965767,356.8349285818973,318.1650714181027,357.27146523926865
2018-05-07,335.0,342.0,332.0,337.0,0.0,17494,5895486.0,15.49,21.75597159,338.7292484458057,332.05990444998696,367.15980217525833,51.27679278625569,55.20972560686743,53.78304810791915,3.9312764636686097,4.472981772268226,-0.5417053085996164,345.2116200566155,336.5999999999996,327.98837994338373,6.605529104406406,356.8165873132192,317.1834126867808,357.27146523926865
2018-05-08,337.0,341.0,335.0,339.0,0.59,15267,5144082.0,15.49,21.88508715,339.5938726687085,331.8582678969252,367.4629157649594,57.18676659566285,58.72053557772916,55.39010915358254,4.341142568601242,4.6084080994181305,-0.2672655308168883,345.1327415025143,336.44999999999965,327.767258497485,6.228365671562673,356.68509701468804,319.314902985312,357.27146523926865
2018-05-09,342.0,343.0,337.0,342.0,0.88,14076,4779347.0,15.49,22.07876049,339.8908090030628,331.56676862741193,367.7489752198836,67.5706989606906,64.42698710205127,57.88058519261854,4.597500505171922,4.675224482122353,-0.0777239769504305,345.3636743690089,335.8499999999996,326.3363256309904,6.142628523958526,358.42788557187555,321.57211442812445,357.27146523926865
2018-05-10,337.0,343.0,337.0,338.0,-1.17,12434,4227378.0,15.49,21.82052937,338.8362135045941,331.14092244893897,368.0077588904352,58.6779930633758,59.56151414034927,55.30850189457698,4.552379173228701,4.69465547635996,-0.1422763031312595,345.8742945599049,334.7999999999996,323.7257054400943,6.158476137731695,358.47542841319506,321.52457158680494,357.27146523926865
2018-05-14,338.0,341.0,337.0,339.0,0.3,20858,7084201.0,15.49,21.88508715,339.2543202568912,330.86096009991604,368.309344406922,62.48570888476189,61.51467713712452,56.13115726774408,4.835844248846968,4.730224552142775,0.1056196967041929,346.28006514638486,333.99999999999966,321.71993485361446,6.176084597479662,357.528253792439,320.471746207561,357.27146523926865
2018-05-15,338.0,340.0,338.0,340.0,0.29,2489,845082.0,15.49,21.94964493,339.3814803853367,330.5287543897085,368.6039106823685,66.31060594206775,63.44663049620899,56.94426343724225,5.025491029016564,4.703819627966727,0.3216714010498371,345.95069168067744,333.2999999999996,320.6493083193218,6.417871774977402,358.2536153249322,319.7463846750678,357.27146523926865
2018-05-16,340.0,340.0,337.0,340.0,0.0,4606,1561126.0,15.49,21.94964493,339.07222057800504,330.14217293622727,368.8913871716385,66.31060594206775,63.446630496209,56.94426343724225,5.092633049829146,4.623401777704268,0.4692312721248788,345.37633488223474,332.49999999999966,319.6236651177646,6.908746416641558,359.2262392499247,317.7737607500753,357.27146523926865
2018-05-17,340.0,342.0,339.0,340.0,0.0,12323,4195657.0,15.49,21.94964493,338.6083308670076,329.73981264791,369.181752871856,66.31060594206775,63.446630496209,56.94426343724225,5.104256021123263,4.506093959673048,0.598162061450215,344.4559509756107,331.8499999999996,319.2440490243886,7.343051574046177,362.5291547221385,318.4708452778615,357.27146523926865
2018-05-20,345.0,345.0,339.0,340.0,0.0,10094,3445531.0,15.49,21.94964493,337.9124963005113,329.32102949068184,369.4750368203168,66.31060594206775,63.446630496209,56.94426343724225,5.044847435086012,4.356553444310494,0.6882939907755183,343.87727907122155,330.8499999999996,317.8227209287777,7.825612860051308,365.4768385801539,318.5231614198461,357.27146523926865
2018-05-21,340.0,343.0,338.0,340.0,0.0,6321,2151465.0,15.49,21.94964493,336.86874445076705,328.88515314336274,369.7712683461492,66.31060594206775,63.446630496209,56.94426343724225,4.895640877124436,4.184479946616615,0.7111609305078206,343.2091975986451,329.74999999999966,316.2908024013542,8.028458733390343,364.585376200171,316.414623799829,357.27146523926865
2018-05-22,339.0,340.0,338.0,338.0,-0.59,8541,2897652.0,15.49,21.82052937,335.3031166761506,328.4314859247245,370.0704770732461,63.85502434509939,61.78969751309693,55.90256318935934,4.633989730386247,4.00668971398966,0.6273000163965872,342.17442235363274,328.64999999999964,315.12557764636654,8.364954148211492,364.0948624446345,313.9051375553655,357.27146523926865
2018-05-23,338.0,338.0,336.0,336.0,-0.59,7443,2510199.0,15.49,21.69141382,333.95467501422587,328.0409343298153,370.39279342574105,61.35094844441758,60.11070320666184,54.85398109733659,4.436260597925639,3.8498647098905137,0.586395888035125,341.21871401421123,327.64999999999964,314.08128598578804,8.849949053568325,363.549847160705,310.450152839295,357.27146523926865
2018-05-24,334.0,338.0,334.0,334.0,-0.6,26336,8835935.0,15.49,21.56229826,332.93201252133883,327.71607450654244,370.7384496410752,58.81471574649083,58.41389681627035,53.79933052746013,4.322995260160724,3.7032657378817326,0.6197295222789911,340.66271666497886,326.5999999999996,312.5372833350204,9.388832281742584,364.16649684522775,307.83350315477225,357.27146523926865
2018-05-27,333.0,333.0,327.0,329.0,-1.5,10394,3418442.0,15.49,21.23950936,332.39801878200825,327.45958775170743,371.1076802907342,51.78344312462232,53.857374073197576,51.05518549224568,4.319183934356545,3.548333357311985,0.77085057704456,340.0540934927772,325.69999999999965,311.34590650722214,9.432035868602872,358.29610760580863,301.70389239419137,357.27146523926865
2018-05-28,328.0,341.0,328.0,333.0,1.22,5608,1874106.0,15.49,21.49774048,334.09702817301235,327.3967137823894,371.5308730574753,58.93878732304066,58.62943916607782,53.4954497305286,4.760585712194086,3.3556207130508446,1.4049649991432411,340.1826699237883,324.89999999999964,309.617330076211,9.813373187336524,363.9401195620096,305.05988043799044,357.27146523926865
2018-05-29,332.0,338.0,330.0,338.0,1.5,6193,2064919.0,15.49,21.82052937,334.6455422595185,327.1680082224869,371.9181180128268,69.62902644018914,65.3504586412575,56.75042236127217,4.8474572800930105,3.0043794632650345,1.843077816827976,339.86055554595794,323.74999999999966,307.6394444540414,9.459303541485028,362.3779106244551,305.62208937554493,357.27146523926865
2018-05-30,340.0,344.0,336.0,338.0,0.0,14724,5017013.0,15.49,21.82052937,332.96831338927774,326.725886109119,372.2590036209959,69.62902644018914,65.35045864125752,56.75042236127218,4.378737611773545,2.54361000905804,1.8351276027155048,337.9351541806804,322.44999999999965,306.9648458193189,9.62144837942781,368.8643451382834,311.1356548617166,357.27146523926865
2018-05-31,338.0,340.0,334.0,337.0,-0.3,16961,5733964.0,15.49,21.75597159,330.4524700839166,326.2657181952055,372.6033152151768,68.73283736166756,64.6516649004026,56.2598726743207,3.716790142583591,2.084828108379164,1.6319620342044263,335.3903677462562,321.24999999999966,307.10963225374314,9.801609310475344,366.4048279314261,307.595172068574,357.27146523926865
2018-06-03,331.0,338.0,324.0,328.0,-2.67,9977,3285753.0,15.49,21.17495158,327.17870512587484,325.8275842439894,372.96113747864587,59.070932103065374,57.4863013181346,51.50775525332559,2.919660243470844,1.6768375998280576,1.2428226436427865,332.779263423885,319.94999999999965,307.12073657611427,9.557343678305935,359.67203103491784,302.32796896508216,357.27146523926865
2018-06-04,322.0,329.0,322.0,326.0,-0.61,7155,2326021.0,15.49,21.04583602,326.76805768881223,325.7389142131318,373.4130082070745,56.41024572243701,55.63038793672086,50.35716032435634,2.7761284777891437,1.366131938917361,1.4099965388717823,332.47754563373127,318.8499999999996,305.222454366268,9.063715198117707,352.69114559435315,298.30885440564685,357.27146523926865
2018-06-06,332.0,338.0,332.0,334.0,2.45,3040,1016894.0,15.49,21.56229826,327.1520865332184,325.7282576504025,373.8895208523717,73.36838818674555,66.39621630917132,55.405317131441855,2.756186064460337,1.0136328041994154,1.7425532602609215,331.72204096306444,318.0999999999996,304.4779590369348,8.737461331241898,361.21238399372567,308.78761600627433,357.27146523926865
2018-06-07,332.0,333.0,326.0,327.0,-2.1,6980,2288567.0,15.49,21.1103938,323.7281297998276,325.39063551368423,374.29042055943074,65.24119323316793,60.126582198507485,51.30481635209455,1.8760968596012049,0.577994489134185,1.2981023704670198,328.695994976591,317.14999999999964,305.60400502340826,8.48606814582433,354.958204437473,304.041795562527,357.27146523926865
2018-06-10,325.0,325.0,317.0,321.0,-1.83,12953,4166448.0,15.49,20.72304713,322.09219469974136,325.324947167304,374.7657011680682,54.71099038402856,53.17280659176162,47.31885118240236,1.4382215928959,0.2534688965174301,1.1847526963784698,327.52567014220773,316.7999999999996,306.0743298577915,8.095631273138146,345.28689381941444,296.7131061805856,357.27146523926865
2018-06-11,319.0,325.0,315.0,322.0,0.31,17638,5626494.0,15.49,20.78760491,322.63829204961206,325.5014756231124,375.3060599737775,57.28189201366137,54.64774372895207,47.94680418194049,1.469323029313557,-0.0427192775771873,1.5120423068907445,327.3037729134188,316.69999999999965,306.0962270865805,8.106256970153495,344.3187709104605,295.6812290895395,357.27146523926865
2018-06-12,319.0,325.0,319.0,325.0,0.93,4469,1444746.0,15.49,20.98127824,322.95743807441806,325.6443929954843,375.84179926999633,65.48808889291362,59.2240901866249,49.85212954985676,1.385829618642049,-0.4207298542998735,1.8065594729419223,326.72279032042246,316.39999999999964,306.0772096795768,7.895841077948328,345.687523233845,298.312476766155,357.27146523926865
2018-06-13,319.0,325.0,319.0,324.0,-0.31,2655,853714.0,15.49,20.91672046,321.9361571116271,325.670694750402,376.3527721269812,63.95820963304708,58.139039795229706,49.20622257483016,0.9536495982047768,-0.8723697225353542,1.826019320740131,325.85103087302565,316.14999999999964,306.4489691269736,8.106490086609252,346.31947025982777,297.68052974017223,357.27146523926865
2018-06-14,329.0,330.0,324.0,327.0,0.93,8432,2768734.0,15.49,21.1103938,320.9042356674407,325.7388863728674,376.8789306408202,72.53230610994852,62.79382630054917,51.10182101855575,0.4899776506909461,-1.328874552720387,1.818852203411333,324.7412120416846,315.49999999999966,306.2587879583147,8.118322318454725,351.35496695536415,302.64503304463585,357.27146523926865
2018-06-17,325.0,325.0,318.0,320.0,-2.14,23503,7498483.0,15.49,20.65848935,317.856353501161,325.68741234727014,377.3802264261551,61.9536894718792,54.98509777009099,46.483756964533534,-0.4144178554185487,-1.78358760357322,1.3691697481546714,322.4868306953174,314.89999999999964,307.3131693046819,7.90924702050525,345.22774106151576,297.77225893848424,357.27146523926865
2018-06-18,320.0,326.0,315.0,318.0,-0.63,4545,1450531.0,15.49,20.52937379,316.7845302517415,325.91955162675055,377.95691211888027,57.828907837847765,52.33079476267921,45.060594735409445,-0.850000223501354,-2.125880040611888,1.275879817110534,322.04040465264984,314.74999999999966,307.4595953473495,8.010274467228054,344.5308234016842,296.4691765983158,357.27146523926865
2018-06-19,318.0,320.0,313.0,318.0,0.0,83801,26652012.0,15.49,20.52937379,316.1767953776122,326.242798631924,378.5594941502258,57.82890783784775,52.3307947626792,45.060594735409445,-1.1899617155124247,-2.444849994889521,1.2548882793770968,321.8130998875814,314.64999999999964,307.48690011241786,7.678082741364504,339.5342482240935,293.4657517759065,357.27146523926865
2018-06-20,318.0,320.0,317.0,318.0,0.0,2517,800230.0,15.49,20.52937379,315.2651930664183,326.5792393924107,379.1681322823889,57.82890783784775,52.33079476267921,45.060594735409445,-1.6065676676354883,-2.758572064733796,1.1520043970983074,321.577801932289,314.5499999999996,307.52219806771024,7.753425268182783,341.7602758045484,295.23972419545163,357.27146523926865
2018-06-21,314.0,320.0,314.0,315.0,-0.94,2483,787841.0,15.49,20.33570045,313.89778959962746,326.92941242883563,379.7828873807044,52.39129229173261,48.697776462002224,43.05075359685561,-2.114940098634293,-3.0465731640083726,0.93163306537408,321.4426219830383,314.49999999999966,307.557378016961,8.05936140909198,341.1780842272759,292.8219157727241,357.27146523926865
2018-06-24,313.0,321.0,313.0,316.0,0.32,1673,529242.0,15.49,20.40025823,313.3466843994412,327.4163272218493,380.43397167598783,54.47240909357836,49.87429980370226,43.56069771065937,-2.427590872765336,-3.2794814303518924,0.8518905575865565,321.37210794558234,314.3499999999996,307.3278920544169,8.288179343435536,341.8645380303066,292.1354619696934,357.27146523926865
2018-06-25,317.0,318.0,313.0,313.0,-0.95,4336,1363261.0,15.49,20.20658489,312.0200265991618,327.88229976151666,381.0815492807717,49.07844940363408,46.25730907682167,41.5673175261984,-2.893154720870598,-3.492454069748532,0.5992993488779335,321.2742646684263,314.0499999999996,306.8257353315729,8.32019927048393,340.4605978114518,290.5394021885482,357.27146523926865
2018-06-26,318.0,318.0,309.0,310.0,-0.96,18030,5685587.0,15.49,20.01291156,311.5300398987427,328.4897405681092,381.7657859569603,43.08453105701616,42.39771176060293,39.51655069778438,-3.1398466910576417,-3.642278906968015,0.5024322159103729,321.2841666192821,313.94999999999965,306.6158333807172,8.355776967204367,338.5673309016131,288.4326690983869,357.27146523926865
2018-06-27,306.0,315.0,306.0,312.0,0.65,7345,2288287.0,15.49,20.14202711,312.2950598481141,329.2444238566035,382.4870501374323,46.315172076972544,44.370312220596304,40.42455024249012,-3.103590308408286,-3.767886960945608,0.6642966525373217,321.2570387644519,314.14999999999964,307.0429612355473,8.284196630227076,335.3525898906812,285.6474101093188,357.27146523926865
2018-06-28,313.0,316.0,312.0,314.0,0.64,15615,4905966.0,15.49,20.27114267,312.4425897721711,329.9482778915669,383.1954627016276,49.62263212626585,46.37379043240677,41.336372516745776,-3.215807211886272,-3.9339611240799375,0.7181539121936664,321.2891760881087,314.24999999999966,307.2108239118906,8.20466292247453,338.6139887674236,289.38601123257644,357.27146523926865
2018-07-01,317.0,321.0,311.0,311.0,-0.96,4695,1471131.0,15.49,20.07746934,311.6638846582567,330.59922800959004,383.8908944875736,44.32110929672776,42.774752761454245,39.36695933460275,-3.515897772879839,-4.113499602128355,0.5976018292485161,321.28052922836946,314.0999999999996,306.9194707716298,8.560736580527255,341.68220974158174,290.31779025841826,357.27146523926865
2018-07-02,309.0,316.0,306.0,306.0,-1.61,12858,4031778.0,15.49,19.75468044,311.995826987385,331.39919649977736,384.6234662914688,34.037137293723355,36.1420875806444,35.925244643424456,-3.542327575851516,-4.262900059440484,0.7205724835889677,321.32942305402435,314.0499999999996,306.7705769459749,7.845262867252506,334.5357886017576,287.46421139824247,357.27146523926865
2018-07-03,306.0,312.0,306.0,311.0,1.63,7603,2347052.0,15.49,20.07746934,314.99374048107745,332.43589839772744,385.4136518823378,40.723001826738745,40.50103730427439,37.995726874792,-3.0154459414503094,-4.4430431803377255,1.427597238887416,320.71474665634247,314.3499999999996,307.9852533436568,7.605847630280563,331.8175428908417,286.1824571091583,357.27146523926865
2018-07-04,310.0,316.0,309.0,315.0,1.29,8879,2756354.0,15.49,20.33570045,316.9906107216162,333.3108330262061,386.1615277806528,47.33485254345061,44.48673607712328,39.75538778939674,-2.808183259848022,-4.799942490059579,1.9917592302115572,320.6620849961538,314.44999999999965,308.2379150038455,7.450941811422848,334.85282543426854,290.14717456573146,357.27146523926865
2018-07-05,317.0,320.0,313.0,320.0,1.59,12796,4038513.0,15.49,20.65848935,317.9859160824243,334.05821396605126,386.8767190146292,57.75372573776036,50.223554470464606,42.0947838848023,-2.910067135186978,-5.297882297612468,2.38781516242549,320.7449979983468,314.49999999999966,308.25500200165254,7.056602012692053,337.66980603807616,295.33019396192384,357.27146523926865
2018-07-08,319.0,322.0,315.0,319.0,-0.31,5894,1869936.0,15.49,20.59393157,316.97887412363644,334.6320186177268,387.5488468439219,56.03327882502951,49.002212718277136,41.4330835500796,-3.506870668653221,-5.894836088218841,2.38796541956562,320.1903767001332,314.3499999999996,308.5096232998661,7.062891125213392,339.6886733756402,297.3113266243598,357.27146523926865
2018-07-09,315.0,317.0,313.0,316.0,-0.94,12165,3841006.0,15.49,20.40025823,315.9683111854547,335.2700601939606,388.2377799780317,50.6768906679862,45.26068235750942,39.44001652805411,-4.115781787097035,-6.491827443110246,2.3760456560132117,319.6990908338929,314.19999999999965,308.7009091661064,7.069879028014879,336.20963708404463,293.79036291595537,357.27146523926865
2018-07-10,318.0,323.0,316.0,320.0,1.27,8415,2668060.0,15.49,20.65848935,315.95246677818204,336.05659326310183,388.9637878170069,59.22889256494619,49.78267925447928,41.23623223906803,-4.527653334098375,-7.085838857113549,2.558185523015174,319.6006880299128,314.14999999999964,308.69931197008646,7.077643364460977,340.73293009338295,298.26706990661705,357.27146523926865
2018-07-11,321.0,322.0,311.0,311.0,-2.81,9992,3153319.0,15.49,20.07746934,313.92870016727306,336.7119644166978,389.6568912121527,38.45769171864192,36.53494304885553,34.82475956565645,-5.394767151047802,-7.725385237867343,2.330618086819541,318.6707441766902,313.89999999999964,309.12925582330905,6.530714849401084,336.09214454820324,296.9078554517968,357.27146523926865
2018-07-12,313.0,315.0,311.0,315.0,1.29,13648,4270528.0,15.49,20.33570045,315.3930502509096,337.76143235207326,390.4474127318728,48.14841106731642,40.998590185454,36.52506882463682,-5.506686718847959,-8.308039759572228,2.801353040724269,318.6179760067285,313.94999999999965,309.28202399327074,6.03412761044565,331.10238283133697,294.89761716866303,357.27146523926865
2018-07-15,315.0,317.0,311.0,317.0,0.63,5868,1842839.0,15.49,20.46481601,315.5895753763644,338.6904704072599,391.2056781864645,54.220746864682624,43.46404401075709,37.40160794566118,-5.976712251293293,-9.008378019753296,3.0316657684600017,318.7597945163578,313.64999999999964,308.5402054836415,6.0379195671618335,332.1137587014855,295.8862412985145,357.27146523926865
2018-07-16,317.0,319.0,315.0,316.0,-0.32,3562,1128521.0,18.94,16.6842661,314.88436306454656,339.5757957300052,391.9514638968813,51.50235572656621,41.840231279741424,36.67212284098002,-6.693338116322934,-9.766294461868297,3.072956345545361,319.38748776902173,312.99999999999966,306.6125122309776,6.0421328524020375,335.12639855720613,298.87360144279387,357.27146523926865
2018-07-17,317.0,320.0,316.0,316.0,0.0,4190,1328687.0,18.94,16.6842661,314.3265445968198,340.5380731067401,392.7147951923273,51.50235572656621,41.840231279741424,36.67212284098002,-7.408837484177866,-10.534533548254634,3.1256960640767684,319.1083279569432,312.64999999999964,306.1916720430561,6.26903650266893,336.8071095080068,299.19289049199324,357.27146523926865
2018-07-18,317.0,317.0,316.0,317.0,0.32,4878,1543252.0,18.94,16.73706441,313.4898168952297,341.5396271110969,393.4857981590844,54.03768844355968,42.90272585492452,37.070249468885855,-8.214309950288339,-11.315957564273829,3.101647613985488,318.726145313755,312.44999999999965,306.1738546862443,6.521151669632145,336.0634550088964,296.9365449911036,357.27146523926865
2018-07-19,313.0,317.0,312.0,312.0,-1.58,7255,2275278.0,18.94,16.47307286,311.73472534284457,342.54124454420287,394.2544996481204,41.16530929517687,35.27111749436012,33.61065834526291,-9.224723025937864,-12.0913694677702,2.866646441832337,318.93428317680986,312.49999999999966,306.06571682318946,6.690168521813495,334.5705055654405,294.4294944345595,357.27146523926865
2018-07-22,311.0,312.0,307.0,310.0,-0.64,11581,3592705.0,18.94,16.36747624,311.6020880142668,343.7878259541704,395.0811780365437,34.65874207578671,31.88978187929392,32.17891652036408,-9.871108834844108,-12.808031078228284,2.936922243384176,320.6419892697764,312.99999999999966,305.35801073022293,6.655742802014994,329.46722840604497,289.53277159395503,357.27146523926865
2018-07-23,310.0,311.0,308.0,311.0,0.32,951,293860.0,18.94,16.42027455,312.40313202140027,345.1669208910752,395.93626525299135,36.45032681566396,32.68244757528633,32.51550409427838,-10.348916047886746,-13.542261639074328,3.193345591187581,320.918398781864,313.2999999999996,305.6816012181352,6.839714224461105,330.0191426733833,288.9808573266167,357.27146523926865
2018-07-24,311.0,316.0,311.0,314.0,0.96,9354,2932575.0,18.94,16.57866948,313.1046980321004,346.5614890907109,396.78989605955405,42.27819512465679,35.113830093108845,33.52543957574554,-10.910060293655532,-14.340598036871222,3.430537743215689,321.304544113668,313.5999999999996,305.89545588633126,6.933015804956783,334.2990474148704,292.70095258512964,357.27146523926865
2018-07-25,315.0,315.0,310.0,314.0,0.0,5938,1847958.0,18.94,16.57866948,312.65704704815056,347.8905294617604,397.621955316434,42.27819512465679,35.11383009310885,33.52543957574553,-11.773047163074525,-15.198232472675144,3.425185309600621,321.304544113668,313.5999999999996,305.89545588633126,7.1477953388408695,333.9433860165226,291.0566139834774,357.27146523926865
2018-07-26,314.0,314.0,310.0,311.0,-0.96,3729,1160315.0,18.94,16.42027455,311.98557057222587,349.2738163785669,398.4623769779057,33.93187056245742,30.666356558195467,31.56653103189786,-12.703287899488204,-16.0545288000753,3.351240900587097,321.304544113668,313.5999999999996,305.89545588633126,7.386439265378743,334.15931779613624,289.84068220386376,357.27146523926865
2018-07-29,313.0,313.0,309.0,310.0,-0.32,6690,2073971.0,18.94,16.36747624,312.4783558583388,350.8360129654472,399.3413958420052,30.974603832157293,29.16351817628746,30.915064633798828,-13.400383706336411,-16.892339025222075,3.491955318885662,321.31839878185644,313.69999999999965,306.08160121814285,7.76271029486527,334.28813088459583,287.71186911540417,357.27146523926865
2018-07-30,310.0,312.0,306.0,312.0,0.65,2672,831634.0,18.94,16.47307286,313.71753378750816,352.5027890048532,400.2392993178043,33.65249704461475,30.3867178634398,31.49064537582761,-13.99339859134875,-17.76532785494349,3.771929263594739,321.2870693152255,313.8499999999996,306.41293068477376,8.180789216516967,333.5423676495509,284.4576323504491,357.27146523926865
2018-07-31,313.0,316.0,311.0,313.0,0.32,6326,1979852.0,18.94,16.52587117,314.57630068126224,354.15596406627577,401.1261264466265,34.997238370180064,30.990203865529693,31.77460559443073,-14.750397246890316,-18.70831017084217,3.9579129239518593,323.320430828446,314.49999999999966,305.67956917155334,8.311988018352185,338.43596405505656,288.56403594494344,357.27146523926865
2018-08-01,315.0,316.0,312.0,316.0,0.96,6318,1989667.0,18.94,16.6842661,315.36445102189333,355.835799334287,402.0118161596579,39.17129265078758,32.805142331704594,32.62178652137873,-15.603869752735818,-19.69778840183014,4.093918649094324,324.9974744252981,315.0999999999996,305.2025255747011,8.679986687057983,340.039960061174,287.96003993882607,357.27146523926865
2018-08-02,315.0,317.0,314.0,317.0,0.32,5531,1746651.0,18.94,16.73706441,315.04667653284,357.4617503275232,402.8762565230715,40.6062651768688,33.41078748478013,32.902507569805266,-16.771700191066145,-20.72126806410372,3.949567873037577,330.9982992213216,316.2999999999996,301.60170077867764,9.088874096731091,342.76662229019325,288.23337770980675,357.27146523926865
2018-08-05,318.0,319.0,315.0,316.0,-0.32,4436,1408040.0,18.94,16.6842661,314.07001479926004,359.1132503408915,403.7393344780773,38.60713506528736,32.24932479321728,32.34359044606353,-18.120142675028603,-21.70866003236312,3.588517357334513,342.1267781209212,318.39999999999964,294.67322187907814,9.765415663034547,346.2962469891036,287.7037530108964,357.27146523926865
2018-08-06,315.0,318.0,314.0,315.0,-0.32,6141,1935235.0,18.94,16.63146779,313.10502219889,360.8729748446013,404.6211368346408,36.71366767472059,31.133947259642675,31.798199152533485,-19.47586173383121,-22.605789371696744,3.129927637865535,352.3636297969484,320.89999999999964,289.4363702030509,10.406017403371722,347.2180522101152,284.78194778988484,357.27146523926865
2018-08-07,315.0,320.0,314.0,315.0,0.0,4293,1354824.0,18.94,16.63146779,312.157533298335,362.7453411647892,405.5218517777025,36.71366767472059,31.133947259642675,31.798199152533485,-20.8211487982108,-23.388271281163128,2.5671224829523283,365.62844057062256,324.2999999999996,282.97155942937667,11.117797114857469,350.3533913445724,283.6466086554276,357.27146523926865
2018-08-08,316.0,316.0,310.0,312.0,-0.95,10693,3344672.0,18.94,16.47307286,310.7362999475025,364.6941306000867,406.4316191322523,31.722108294857374,28.070818366068742,30.243495258221454,-22.235371214226745,-24.03005190190121,1.7946806876744643,376.00776335123993,327.69999999999965,279.39223664875936,11.4642190165083,347.3926570495249,278.6073429504751,357.27146523926865
2018-08-09,314.0,314.0,306.0,309.0,-0.96,10753,3326931.0,18.94,16.31467793,310.1044499212538,366.84491144090657,407.3806806310689,26.574306090863374,24.971980305479686,28.68280275458256,-23.41155515300744,-24.478722073819828,1.0671669208123866,383.40992272460846,330.99999999999966,278.59007727539085,11.960243351675889,345.8807300550277,274.1192699449723,357.27146523926865
2018-08-12,304.0,314.0,304.0,304.0,-1.62,8903,2724128.0,18.94,16.05068638,310.65667488188063,369.20592823441297,408.36943119017513,17.341696685146502,19.612186998373133,26.03504269670604,-24.266807305371003,-24.745513804022924,0.4787064986519205,390.47929338617377,334.64999999999964,278.8207066138255,12.178048168528766,345.5341445055863,272.4658554944137,357.27146523926865
2018-08-13,305.0,310.0,305.0,309.0,1.64,4058,1252347.0,18.94,16.31467793,313.985012322821,371.8673946929604,409.4183701971116,19.523873096452515,21.005583187767048,26.99726486831613,-24.49635740085517,-24.865190428685903,0.3688330278307283,396.5474092684593,338.64999999999964,280.75259073153995,12.42005352058752,344.7601605617626,270.2398394382374,357.27146523926865
2018-08-14,307.0,313.0,307.0,312.0,0.97,2453,757924.0,18.94,16.47307286,316.47751848423144,374.4334108028772,410.4276000483388,20.928410274279617,21.871328863146854,27.58448982565197,-24.94212705144247,-24.957398685643582,0.0152716342011167,403.0161669869647,342.69999999999965,282.3838330130346,13.022281689541687,349.06684506862507,270.93315493137493,357.27146523926865
2018-08-15,312.0,320.0,312.0,318.0,1.92,11005,3476200.0,18.94,16.78986272,318.7162777263472,376.9817132846273,411.41682215937743,23.997509330710383,23.684166933648648,28.786692630790437,-25.45375119380748,-24.961216594193864,-0.492534599613613,412.38605397155374,347.49999999999966,282.6139460284456,13.246979655046324,355.740938965139,276.259061034861,357.27146523926865
2018-08-16,324.0,324.0,318.0,322.0,1.26,19874,6385694.0,18.94,17.00105597,319.0744165895208,379.3891301533876,412.35568469364256,26.28142343868245,24.96514592975285,29.61267425228897,-26.347442354516147,-24.838082944290463,-1.5093594102256844,421.5605331100508,352.24999999999966,282.93946688994856,13.607755172273691,361.8232655168211,280.1767344831789,357.27146523926865
2018-08-19,325.0,325.0,316.0,316.0,-1.86,19853,6326305.0,18.94,16.6842661,317.6116248842812,381.7315436290361,413.26378202724703,15.567120111215848,18.851946287966346,26.57905497253684,-27.51215445630044,-24.46074309173404,-3.0514113645663947,428.4429064650996,356.5499999999996,284.6570935348996,14.230839080304104,363.1925172409123,277.8074827590877,357.27146523926865
2018-08-20,320.0,320.0,313.0,317.0,0.32,10193,3214836.0,18.94,16.73706441,318.41743732642175,384.41446377716,414.241307474757,15.909686577499032,19.09267976652684,26.763612313100893,-27.987664746849816,-23.697890250592444,-4.2897744962573725,434.3919968259152,361.2999999999996,288.20800317408407,14.812043422560118,360.9361302676804,272.06386973231963,357.27146523926865
2018-08-21,318.0,318.0,313.0,314.0,-0.95,4251,1343071.0,18.94,16.57866948,319.1261559896326,387.16607454357467,415.2186070473677,10.667470280315722,16.10842983918404,25.26915270290926,-28.28931366683321,-22.625446626528102,-5.663867040305107,438.5092841389572,365.7999999999996,293.09071586104204,15.68004824728902,362.54014474186704,268.45985525813296,357.27146523926865
2018-08-22,312.0,315.0,312.0,314.0,0.0,868,272870.0,18.94,16.57866948,321.6892339844489,390.1524449331083,416.2358794800045,10.667470280315722,16.108429839184044,25.26915270290926,-27.957391907730823,-21.209479866451822,-6.7479120412789975,443.95178814856985,371.24999999999966,298.54821185142947,16.866720274765576,364.1001608242967,262.8998391757033,357.27146523926865
2018-08-23,313.0,315.0,311.0,313.0,-0.32,24722,7748805.0,18.94,16.52587117,325.53385097667336,393.26070799160254,417.26337575618544,9.176248975452802,15.209545703420742,24.797731163343133,-27.1270860710913,-19.52250185613208,-7.604584214959221,451.147486370117,377.5499999999996,303.9525136298822,18.407466971961757,368.22240091588526,257.77759908411474,357.27146523926865
2018-08-26,315.0,315.0,313.0,313.0,0.0,3770,1180683.0,18.94,16.52587117,331.80077646501,396.5366552565659,418.3112488793632,9.1762489754528,15.209545703420742,24.797731163343137,-25.57091991492825,-17.621355802392273,-7.949564112535981,457.5190248331412,384.24999999999966,310.9809751668581,20.00829663551306,374.0248899065392,253.97511009346084,357.27146523926865
2018-08-28,312.0,325.0,311.0,325.0,3.83,19657,6298966.0,18.94,17.1594509,341.201164697515,399.946314654793,419.3696533907136,10.901701219315386,17.10601649600928,26.65747090373907,-23.212745367754,-15.63396477425828,-7.578780593495717,460.1720109030193,390.6499999999997,321.12798909697995,20.89810737279229,380.6943221183769,255.30567788162315,357.27146523926865
2018-08-29,319.0,325.0,319.0,325.0,0.0,15344,4943438.0,18.94,17.1594509,349.3017470462725,403.0053479060091,420.3180921182584,10.901701219315386,17.10601649600928,26.65747090373907,-21.087035376738758,-13.73926962588435,-7.347765750854403,461.8136626971791,396.2999999999996,330.78633730282013,21.664563747546985,386.9936912426409,257.0063087573591,357.27146523926865
2018-08-30,322.0,342.0,322.0,340.0,4.62,62781,20954534.0,18.94,17.95142555,361.4526205694088,406.1892396572748,421.2760628933163,13.388035925441091,19.761831036697757,29.17835899400797,-18.067135928181244,-11.90232818817075,-6.1648077400104935,461.7831283767638,402.1499999999997,342.5168716232355,21.738404163941095,397.2152124918233,266.7847875081767,357.27146523926865
2018-09-02,334.0,361.0,334.0,359.0,5.59,91649,32450540.0,18.94,18.95459345,372.1789308541132,408.890841275939,422.0929077465154,18.01375692258877,24.17677113814385,32.9696047610282,-15.47712410943069,-10.361126253168129,-5.115997856262563,460.8366294831225,406.8999999999997,352.96337051687675,20.042671293267887,407.6280138798037,287.3719861201963,357.27146523926865
2018-09-03,357.0,370.0,356.0,366.0,1.95,93515,33955888.0,18.94,19.32418163,378.7683962811698,410.9272021443447,422.7270073218573,20.312066887493813,26.177486635932716,34.557719293271724,-13.880750855542829,-9.082126789102489,-4.7986240664403415,460.51585662904,410.4499999999997,360.38414337095935,18.714079214742096,419.1422376442263,306.85776235577373,357.27146523926865
2018-09-04,360.0,389.0,360.0,383.0,4.64,89078,33499400.0,18.94,20.2217529,385.1525944217548,412.7609654971751,423.2971279984589,28.033060059006807,32.18350362285706,38.92962077172461,-12.35402352631803,-7.882470772492402,-4.471552753825629,459.1493464005711,413.24999999999966,367.3506535994282,17.79342134971344,427.8802640491404,321.11973595085965,357.27146523926865
2018-09-05,384.0,391.0,376.0,383.0,0.0,90822,34959864.0,18.94,20.2217529,386.22889163263216,413.975698782774,423.7021242597499,28.033060059006807,32.18350362285706,38.92962077172461,-11.956578483906526,-6.764582584035995,-5.1919958998705305,459.3239695729168,415.3499999999996,371.37603042708247,16.548245944126045,433.14473783237815,333.85526216762185,357.27146523926865
2018-09-06,383.0,384.0,372.0,378.0,-1.31,42207,15947063.0,18.94,19.95776135,387.8433374489482,415.2400130188056,424.1111908352248,21.05984493195388,27.99383159040293,36.76105055147398,-11.275380215462633,-5.466583609068363,-5.80879660639427,458.7492460727547,417.2999999999996,375.8507539272445,16.72027327125116,428.1608198137535,327.8391801862465,357.27146523926865
2018-09-09,375.0,385.0,372.0,382.0,1.06,66875,25348612.0,18.94,20.16895459,392.7650061734223,416.7600135501854,424.5746198888451,22.61831220146904,29.340359674640943,37.791674495630765,-9.732827076969327,-4.014384457469795,-5.718442619499534,457.2193207838052,419.74999999999966,382.2806792161941,17.244748079167955,430.23424423750384,326.76575576249616,357.27146523926865
2018-09-10,382.0,385.0,375.0,384.0,0.52,38444,14586524.0,18.94,20.27455121,398.1475092601335,418.1787896134583,425.0025055158687,23.387520900810998,30.010572400929185,38.30718051359065,-8.029672677263761,-2.584773802594912,-5.44489887466885,455.3875164041936,422.0499999999996,388.7124835958057,17.716386754631063,433.1491602638932,326.8508397361068,357.27146523926865
2018-09-11,381.0,391.0,381.0,390.0,1.56,70801,27450500.0,18.94,20.59134108,405.2212638902002,419.5738422507424,425.41459099844025,25.720035016623328,32.0500178022054,39.87362801740086,-5.9426694590612215,-1.2235490839276988,-4.719120375133523,452.62956207893006,424.1999999999997,395.7704379210692,18.018207505145625,440.0546225154369,331.9453774845631,357.27146523926865
2018-09-12,386.0,408.0,386.0,408.0,4.62,128576,51315460.0,18.94,21.54171067,412.8318958353003,420.7809378528135,425.770516536113,35.03879091991928,39.53426332475144,45.19631839693468,-3.8033647047872714,-0.0437689901443179,-3.759595714642953,450.0565117142272,426.24999999999966,402.44348828577216,17.020230561272918,448.06069168381873,345.93930831618127,357.27146523926865
2018-09-13,410.0,425.0,410.0,413.0,1.23,133992,55862024.0,18.94,21.80570222,415.2478437529505,421.30260878558136,425.94911469225485,38.48135221544421,42.068142506639575,46.864559122343344,-2.850239513626206,0.8961299385164203,-3.746369452142627,450.2621648676037,427.6499999999997,405.0378351323956,15.911367290303245,465.23410187090974,369.7658981290903,357.27146523926865
2018-09-16,421.0,422.0,408.0,408.0,-1.21,87720,36450228.0,18.94,21.54171067,416.37176562942574,421.6414907768296,426.0792565484584,32.59461511933091,38.40213608466888,44.91256062879325,-2.1013380585278583,1.832722301552077,-3.9340603600799353,451.3253226688147,429.0499999999996,406.7746773311845,15.790408100336936,462.3712243010108,367.6287756989892,357.27146523926865
2018-09-17,409.0,415.0,401.0,411.0,0.74,52792,21580484.0,18.94,21.7001056,420.5576484441386,422.198286318741,426.2609576192972,34.34753540717228,39.80555062086218,45.88345911686597,-0.6058116477146882,2.816237391572061,-3.4220490392867493,453.00657795721264,431.1499999999997,409.2934220427866,15.989342333707706,455.9680270011231,360.0319729988769,357.27146523926865
2018-09-18,411.0,411.0,405.0,407.0,-0.97,40826,16595035.0,18.94,21.48891235,425.336472666208,422.65535922971,426.4143340777826,29.878061151092037,36.95289193785962,44.34341729353382,1.00638114059916,3.671749651393749,-2.6653685107945884,453.9666401695554,432.99999999999966,412.033359830444,16.21038037078634,456.6311411123591,359.3688588876409,357.27146523926865
2018-09-20,407.0,423.0,407.0,423.0,3.93,112030,46663656.0,18.94,22.33368532,434.504708999312,423.2943534839839,426.6094530132377,39.41979319763403,44.84697801185734,49.78369174656247,3.456759846547357,4.338091779092395,-0.8813319325450388,453.0997237547874,434.99999999999966,416.9002762452119,16.011533745318154,463.0346012359545,366.9653987640455,357.27146523926865
2018-09-23,425.0,447.0,420.0,440.0,4.02,161693,70462096.0,18.94,23.2312566,440.257063498968,423.3063679119017,426.6457289229185,56.4441188719195,56.82332336882647,56.90467135787461,4.90496306982601,4.558424762228655,0.3465383075973554,453.8189164454216,436.0999999999996,418.3810835545776,14.123926383686836,475.8717791510605,391.12822084893946,357.27146523926865
2018-09-25,447.0,459.0,442.0,447.0,2.27,131491,59440832.0,18.94,23.60084477,440.3855952484519,422.6249951736119,426.51151514324937,67.04142297344255,63.28518437871309,60.31501743467813,4.951142993795088,4.471790185329316,0.4793528084657721,454.419587709737,436.3499999999996,418.28041229026223,12.693251537429818,488.57975461228943,412.42024538771057,357.27146523926865
2018-09-26,450.0,451.0,434.0,441.0,-1.34,60980,26986666.0,18.94,23.28405491,437.07839287267785,421.6300970174328,426.3056007225785,61.53982807707944,59.63139738585552,58.256453696954544,4.225341471387651,4.351951983212873,-0.1266105118252216,453.0783958312367,435.49999999999966,417.92160416876266,12.103612819366464,478.8108384580994,406.1891615419006,357.27146523926865
2018-09-27,440.0,445.0,434.0,438.0,-0.68,48864,21447616.0,18.94,23.12565998,435.1175893090168,420.8394887324301,426.1579183177803,58.45787252171777,57.67581650139165,57.19054737852315,3.848404379567455,4.3836046111691775,-0.5352002316017224,452.7195877097338,434.6499999999997,416.5804122902655,11.559569799296073,474.1787093978882,404.8212906021118,357.27146523926865
2018-09-30,432.0,444.0,432.0,442.0,0.91,72471,31643900.0,18.94,23.33685322,433.6763839635251,420.1390597011007,426.03890242147656,64.59242606131326,61.35576279221945,59.12294145438361,3.6167733368504855,4.517404669069608,-0.9006313322191222,452.3593898295803,434.24999999999966,416.140610170419,11.62174422144008,472.8652326643202,403.1347673356798,357.27146523926865
2018-10-01,442.0,442.0,430.0,435.0,-1.58,57208,24842610.0,18.94,22.96726505,429.5145759452876,419.24677642359455,425.8784893804864,57.68493191604572,56.88559883643276,56.66291113073388,2.8612475574284986,4.742562502124388,-1.8813149446958888,451.9986772023808,433.0999999999996,414.2013227976185,11.57971580160009,470.7391474048003,401.2608525951997,357.27146523926865
2018-10-02,433.0,435.0,426.0,430.0,-1.15,37786,16266435.0,18.94,22.7032735,426.77186391793146,418.6037877061903,425.7868159069234,51.70264648449853,53.30284994491782,54.79753623588317,2.568031052676361,5.2128912382983605,-2.644860185622,452.0606570159333,432.3499999999996,412.63934298406593,11.533017557333432,465.0990526720003,395.9009473279997,357.27146523926865
2018-10-03,427.0,432.0,422.0,422.0,-1.86,59156,25212332.0,18.94,22.28088701,425.1577958768972,418.1386361839939,425.7444723481991,39.54772365865541,46.72553896681554,51.597417105808255,2.665517898571977,5.874106284703861,-3.208588386131884,452.93361845325376,431.49999999999966,410.0663815467456,11.370019508148255,461.1100585244448,392.8899414755553,357.27146523926865
2018-10-04,429.0,429.0,415.0,425.0,0.71,39411,16599836.0,18.94,22.43928194,426.7366938153458,417.9810294976263,425.78210523612063,43.16916327429889,49.13544131689911,52.94683525372965,3.56572084880861,6.676253381236831,-3.1105325324282216,453.0872951399147,431.3499999999996,409.6127048600845,11.52224389794251,456.56673169382753,387.43326830617247,357.27146523926865
2018-10-07,427.0,427.0,417.0,422.0,-0.71,39336,16588273.0,18.94,22.28088701,427.6050407230187,417.6945409056927,425.7899655902525,38.1334230012422,46.57691798714137,51.735061405484,4.357387583855257,7.453886514343887,-3.0964989304886306,453.12121395806855,431.24999999999966,409.3787860419308,11.246937664380566,455.7408129931417,388.2591870068583,357.27146523926865
2018-10-08,420.0,429.0,420.0,427.0,1.18,30008,12730314.0,18.94,22.54487856,430.4075610845281,417.5188078814352,425.8280556966872,43.8957511202717,50.50884653961856,53.95843297503687,5.609916579004221,8.228011246966044,-2.618094667961824,453.4753190876322,430.9499999999997,408.4246809123671,11.385486293756184,458.6564588812686,390.3435411187314,357.27146523926865
2018-10-09,428.0,434.0,425.0,428.0,0.23,38484,16540953.0,18.94,22.59767687,432.1113416267921,417.1318204480244,425.81627736198055,45.10751662246531,51.31331731942209,54.407370642698936,6.617909346208819,8.882534913956501,-2.2646255677476823,453.6192435940108,430.5499999999996,407.4807564059884,11.65054032639576,464.4516209791873,394.5483790208127,357.27146523926865
2018-10-10,435.0,435.0,423.0,427.0,-0.23,16922,7241119.0,18.94,22.54487856,434.16701244018816,416.6882212826376,425.7943304007944,43.72666755343905,50.58244862069709,54.04027828717351,7.706395978586897,9.448691305893425,-1.7422953273065254,453.57239737273017,430.3999999999997,407.2276026272691,11.945044807106402,464.8351344213192,393.1648655786808,357.27146523926865
2018-10-11,425.0,436.0,425.0,431.0,0.94,35013,15126056.0,18.94,22.75607181,437.75051866028224,416.2673323553984,425.7822131183904,48.02182905997675,53.56934984994298,55.76440425480448,9.085425884224604,9.884265137720057,-0.7988392534954496,453.5469955144357,430.24999999999966,406.95300448556367,11.938938674562667,466.316816023688,394.683183976312,357.27146523926865
2018-10-14,431.0,440.0,430.0,436.0,1.16,36357,15795445.0,18.94,23.02006336,441.1257779904233,415.66599898214935,425.72977304922847,53.9051245660438,57.51118695379544,57.98435581875946,10.30614513274071,10.083974951093918,0.222170181646792,453.45147054279965,429.6499999999997,405.8485294571996,12.043265193958522,471.1297955818756,398.8702044181245,357.27146523926865
2018-10-15,436.0,446.0,436.0,441.0,1.15,36215,15985469.0,18.94,23.28405491,443.688666985635,414.836039756931,425.62655468791417,60.4928159291285,61.72899509988202,60.28840342343563,11.205228317097806,10.02843240568222,1.176795911415585,452.7867363537816,428.9499999999997,405.11326364621766,12.1591835488428,477.4775506465284,404.5224493534716,357.27146523926865
2018-10-21,434.0,453.0,434.0,450.0,2.04,40570,18176248.0,36.78,12.23491028,445.0330004784525,413.7681230123159,425.472047699853,75.19627429433058,70.35290808922473,64.7331949027039,11.680709351428504,9.734233427828324,1.946475923600179,451.6786137189813,427.5499999999996,403.421386281018,11.954648387603113,479.3639451628093,407.6360548371906,357.27146523926865
2018-10-22,450.0,452.0,445.0,448.0,-0.44,17871,8012572.0,36.78,12.1805329,442.5495007176788,412.2892708903696,425.22553561643446,73.94533524982687,69.47286484920437,64.16965151286816,11.20133119013525,9.24761444692828,1.953716743206968,448.4245481882931,425.5999999999996,402.77545181170615,11.171831541781236,482.0154946253437,414.9845053746563,357.27146523926865
2018-10-23,448.0,448.0,442.0,447.0,-0.22,38249,17046796.0,36.78,12.15334421,439.8242510765182,410.8316901103847,424.9966465271524,73.34793194128923,69.04626540327928,63.89270401501284,10.63017824695538,8.75918526112654,1.8709929858288417,444.73917987799655,423.9499999999997,403.1608201220028,11.63536837975693,479.9061051392708,410.0938948607292,357.27146523926865
2018-10-24,446.0,446.0,439.0,445.0,-0.45,28009,12365740.0,36.78,12.09896683,436.23637661477727,409.3554325638698,424.7755072962695,72.2153638514545,68.22153410201454,63.34878274111444,9.848376806795557,8.291437014669329,1.5569397921262276,440.7647790746935,422.1499999999997,403.5352209253058,12.261520421952143,479.2845612658565,405.7154387341436,357.27146523926865
2018-10-25,445.0,445.0,437.0,445.0,0.0,26122,11473088.0,36.78,12.09896683,431.85456492216593,407.9005522603543,424.5722460630662,72.2153638514545,68.22153410201454,63.34878274111445,8.910901124165434,7.902202066637772,1.0086990575276626,436.68413867128254,420.2999999999996,403.9158613287167,12.84613380216905,479.5384014065072,402.46159859349285,357.27146523926865
2018-10-28,453.0,453.0,428.0,430.0,-3.37,52690,22879716.0,36.78,11.69113649,425.2818473832489,406.3862890873076,424.3669420033985,62.86371813151555,61.6061883072784,59.089027871361175,7.584728145620545,7.650027302255856,-0.0652991566353113,431.0155525348768,418.5499999999996,406.0844474651225,12.606815335743388,478.32044600723015,402.67955399276985,357.27146523926865
2018-10-29,426.0,430.0,423.0,424.0,-1.4,32369,13783082.0,36.78,11.52800435,422.92277107487337,405.4224641520956,424.3103283551914,57.81542613423023,58.38878641747674,57.17787400016937,7.308998589068778,7.6663520914146845,-0.357353502345906,429.3029910706503,417.5999999999996,405.89700892934894,10.785350373048209,458.85605111914464,394.14394888085536,357.27146523926865
2018-10-30,428.0,434.0,425.0,430.0,1.42,17692,7551041.0,36.78,11.69113649,422.3841566123101,404.66419738279336,424.31344723313305,65.76176301368018,63.31564915028763,59.86248800332513,7.461663793774448,7.755690467001161,-0.2940266732267123,428.9299014774184,416.74999999999966,404.5700985225809,11.205944858942454,463.11783457682736,395.88216542317264,357.27146523926865
2018-10-31,425.0,427.0,419.0,419.0,-2.56,20649,8727679.0,36.78,11.3920609,418.5762349184651,403.6300829902543,424.25629594904393,55.87961226930002,57.16209562964063,56.24693259670895,6.937077727143901,7.8291971353078385,-0.8921194081639374,427.1017240098021,415.49999999999966,403.8982759901972,10.784383176602724,455.3531495298082,390.6468504701918,357.27146523926865
2018-11-01,417.0,425.0,416.0,420.0,0.24,30349,12775277.0,36.78,11.41924959,418.3643523776977,403.00273943883616,424.3091230440092,57.214047644762566,57.98314551907616,56.692619264786906,7.286612198795183,8.052226987348822,-0.7656147885536395,427.8387170185735,414.5499999999996,401.2612829814258,11.093759085114138,453.7812772553424,387.2187227446576,357.27146523926865
2018-11-04,415.0,419.0,411.0,413.0,-1.67,28303,11746678.0,36.78,11.22892877,417.5465285665465,402.3089737016458,424.3524308132957,49.74694444726146,53.65636510123938,54.25690927058642,7.524940019720304,8.243630684487233,-0.7186906647669282,427.644174410832,413.6999999999997,399.7558255891673,10.99306565012682,447.97919695038047,382.02080304961953,357.27146523926865
2018-11-05,421.0,423.0,414.0,419.0,1.45,38758,16156921.0,36.78,11.3920609,419.81979284981975,401.8726052813048,424.4665255953389,57.37622547701581,58.44674763360393,56.88973436934434,8.432406583596048,8.423303350678964,0.0091032329170843,427.5925512239487,413.49999999999966,399.4074487760506,11.325628500140912,452.4768855004227,384.5231144995773,357.27146523926865
2018-11-06,419.0,421.0,413.0,423.0,0.95,2343,984410.0,36.78,11.50081566,420.2296892747296,401.1735279458479,424.52146555107095,63.11190256528045,61.86594904172885,58.71313544338579,8.857101629363342,8.421027542449693,0.4360740869136492,438.2239086194156,410.4499999999997,382.6760913805837,11.584031666823236,451.7520950004697,382.2479049995303,357.27146523926865
2018-11-11,423.0,431.0,410.0,416.0,-1.18,19111,7958513.0,36.78,11.31049483,418.8445339120944,400.2826515354743,424.536756662137,56.31945502564917,57.85993057833216,56.36345993442975,8.863063645897398,8.31200902072128,0.5510546251761177,442.7549153909921,407.1499999999997,371.5450846090072,11.982257407581374,456.4467722227441,384.5532277772559,357.27146523926865
2018-11-12,418.0,420.0,416.0,419.0,0.72,9149,3815452.0,36.78,11.3920609,420.2668008681416,399.6411271083508,424.6225532115052,60.56814457693672,60.3843586040178,57.71484134815941,9.45448333033329,8.17424536442725,1.2802379659060392,443.0731484077855,405.0999999999996,367.12685159221377,10.980286008423748,450.94085802527127,385.05914197472873,357.27146523926865
2018-11-13,419.0,427.0,419.0,425.0,1.43,19534,8248453.0,36.78,11.55519304,420.9002013022125,398.8509690311407,424.6790612839826,69.94932668521894,65.70853160947887,60.49991234573684,9.766375606390284,7.854185872950741,1.9121897334395423,441.9326834643033,403.24999999999966,364.567316535696,11.200317787137498,456.6009533614125,389.3990466385875,357.27146523926865
2018-11-14,432.0,432.0,421.0,424.0,-0.24,3169,1344409.0,36.78,11.52800435,418.8503019533187,397.7836616446566,424.6758357692488,69.24358588809069,65.23413142212912,60.19256252161759,9.41149810264642,7.376138439590855,2.035359663055564,439.9463008458641,400.74999999999966,361.5536991541352,11.555908652375,461.167725957125,391.832274042875,357.27146523926865
2018-11-15,429.0,429.0,417.0,419.0,-1.18,16512,6920866.0,36.78,11.3920609,416.2754529299781,396.7136070179079,424.6826280885377,65.65916177780102,62.84781252727037,58.6481212719292,8.92346902546575,6.867298523826965,2.056170501638785,437.6492078500901,398.1999999999997,358.7507921499092,11.395454058194442,457.18636217458334,388.8136378254167,357.27146523926865
2018-11-18,425.0,426.0,416.0,422.0,0.72,70675,29808562.0,36.78,11.47362697,414.91317939496713,395.8039583247613,424.73973992862346,70.0107431151789,65.34681321699246,59.98872140991154,8.679861453857427,6.3532558984172685,2.3266055554401586,435.3228222113193,396.1499999999997,356.97717778868,11.328282286882716,454.9848468606481,387.0151531393519,357.27146523926865
2018-11-19,417.0,418.0,412.0,413.0,-1.2,17192,7134474.0,36.78,11.22892877,411.36976909245067,394.73473213393527,424.767275003283,63.57281514510831,61.03022434655125,57.16907189660149,7.937222532221313,5.771604509557228,2.165618022664084,431.88607169763935,394.1999999999997,356.51392830235994,11.142535874314127,448.4276076229424,381.5723923770576,357.27146523926865
2018-11-20,410.0,413.0,409.0,411.0,-0.48,19592,8041201.0,36.78,11.17455139,410.554653638676,393.9892109965449,424.8855390736677,61.95972351570843,60.00211978638246,56.51532804741702,7.790258344500671,5.230200003891207,2.560058340609464,429.7058158663308,392.9499999999997,356.1941841336685,11.602817638126808,445.8084529143805,376.1915470856196,357.27146523926865
2018-11-21,407.0,415.0,407.0,415.0,0.97,8660,3556876.0,36.78,11.28330614,410.3319804580141,393.2948930780365,425.025092230187,67.25429644757796,63.09340186756274,58.22154836946383,7.693002114435387,4.590185418738842,3.102816695696545,427.590606516051,391.3999999999997,355.20939348394825,12.22535293125201,447.67605879375606,374.323941206244,357.27146523926865
2018-11-22,414.0,414.0,410.0,411.0,-0.96,8880,3655640.0,36.78,11.17455139,407.9979706870211,392.4089703465278,425.1258469259678,64.56256840285663,61.239096519093295,56.97455110529817,7.049696859123969,3.8144812448147056,3.235215614309264,424.4653701689299,389.6499999999997,354.8346298310694,12.694836590280012,450.08450977084,373.91549022916,357.27146523926865
2018-11-25,410.0,412.0,405.0,408.0,-0.73,8455,3446073.0,36.78,11.09298532,406.4969560305317,391.6501528096514,425.26781523678153,62.50798199143542,59.83364376540141,56.029607258277736,6.533337106211889,3.0056773412373894,3.527659764974499,421.71487765855625,388.0999999999996,354.485122341443,13.438707322533348,448.81612196760005,368.1838780324,357.27146523926865
2018-11-26,405.0,411.0,405.0,410.0,0.49,9871,4032308.0,36.78,11.1473627,405.7454340457976,390.9828121080045,425.44136111855823,64.7319953222086,61.207531613925845,56.82838485974043,6.0846984818592205,2.1237623999937645,3.960936081865456,419.7228314617914,387.2999999999996,354.8771685382078,14.154119247259274,450.46235774177785,365.53764225822215,357.27146523926865
2018-11-27,416.0,416.0,409.0,411.0,0.24,12802,5258724.0,36.78,11.17455139,403.6181510686963,390.2066003573108,425.59655067753874,65.77206118406089,61.86708630695951,57.219943636497305,5.219931387040276,1.1335283795274005,4.086403007512876,416.80439707924,386.0999999999996,355.3956029207593,15.06013249695475,457.68039749086427,367.3196025091357,357.27146523926865
2018-11-28,413.0,413.0,403.0,407.0,-0.97,9895,4047355.0,36.78,11.06579663,399.92722660304446,389.3578901678133,425.7432496793231,63.69821117641218,60.277218907166905,56.05729176805907,3.9384296567508272,0.1119276276491811,3.826502029101646,413.147504269193,384.5999999999996,356.05249573080624,15.733480552171944,455.2004416565159,360.79955834348414,357.27146523926865
2018-11-29,408.0,416.0,403.0,405.0,-0.49,11494,4675232.0,36.78,11.01141925,396.3908399045667,388.6378040522139,425.9316240479595,62.6936013918619,59.49311230504838,55.47647503551929,2.652753925992215,-0.8446978796262304,3.4974518056184456,411.1071946169197,383.99999999999966,356.8928053830796,16.370533946857716,458.61160184057314,360.38839815942686,357.27146523926865
2018-12-02,413.0,413.0,398.0,400.0,-1.23,36901,14836378.0,36.78,10.8754758,392.08625985685006,387.9699593196512,426.1419921288434,60.2490187867082,57.54779222317161,54.01781825457854,1.1768150270822844,-1.719060831030842,2.8958758581131265,408.676263462281,383.1999999999997,357.7237365377183,16.411704385397464,454.7351131561924,356.26488684380763,357.27146523926865
2018-12-03,408.0,416.0,398.0,403.0,0.75,22920,9276783.0,36.78,10.95704187,388.1293897852751,387.47893725106553,426.40472571807805,62.43084071437713,59.12989940276243,55.05677343889973,-0.2150461133748535,-2.443029795559124,2.22798368218427,406.91780663087405,382.5499999999996,358.1821933691252,16.568560428219406,456.7056812846582,357.2943187153418,357.27146523926865
2018-12-04,404.0,409.0,404.0,409.0,1.49,45055,18336662.0,36.78,11.12017401,380.6940846779126,386.8454244858029,426.6399490921291,66.72666190718417,62.31130772354035,57.16789481743015,-2.2938936619092942,-3.000025716105191,0.7061320541958969,403.8979999110932,381.3999999999997,358.90200008890605,16.40951158691045,455.72853476073135,357.27146523926865,357.27146523926865
2018-12-05,365.0,365.0,353.0,358.0,-0.04,34885,12478171.0,36.78,9.733550843,366.54112701686887,385.9411560974683,426.817235012653,30.69609036456353,34.49260826755881,37.66333391958212,-5.52480244331997,-3.176558729654165,-2.3482437136658048,398.5454295459814,379.9499999999997,361.3545704540179,12.566123985456056,396.6983719563682,321.3016280436318,650.7365258970657
2018-12-06,356.0,358.0,351.0,357.0,-0.28,22789,8063917.0,36.78,9.706362153,370.8116905253033,387.0816114483854,427.5088655152927,29.36292260690386,33.60025398404974,37.12438192761846,-4.375528888781332,-2.5894978012377146,-1.7860310875436176,396.7868155325708,381.1499999999997,365.51318446742846,12.629026650506727,392.38707995152015,316.61292004847985,650.7365258970657
2018-12-09,357.0,375.0,355.0,375.0,5.04,23098,8416577.0,36.78,10.19575856,377.7175357879549,388.3094323238297,428.21749732951673,42.41877241368218,43.505905310158695,43.644929088417165,-2.743175677151612,-2.14299002935181,-0.600185647799802,393.4858506695027,382.4499999999997,371.41414933049657,11.365585167229696,399.0967555016891,330.9032444983109,650.7365258970657
2018-12-10,380.0,385.0,375.0,382.0,1.87,20752,7906652.0,36.78,10.38607939,379.0763036819324,388.8526744594962,428.75234654890886,50.122723955639536,48.68930774182751,46.7076663751936,-2.4525259317310883,-1.9929436174018595,-0.459582314329229,393.3476849370414,382.5499999999996,371.75231506295785,9.628427963588551,408.88528389076566,351.11471610923434,650.7365258970657
2018-12-11,385.0,385.0,374.0,375.0,-1.83,31606,11881991.0,36.78,10.19575856,377.6144555228986,389.13237545784295,429.2222193785461,40.52054213140691,42.30654696841125,42.85819455443223,-2.7586053340236845,-1.878048038819552,-0.8805572952041325,393.3068785635307,382.3999999999997,371.4931214364686,9.587142181765056,408.2614265452952,350.7385734547048,650.7365258970657
2018-12-12,380.0,380.0,372.0,373.0,-0.53,5460,2045481.0,36.78,10.14138119,378.9216832843479,389.70920710918347,429.7671663069737,37.46291691091226,40.3375312384798,41.70318812907721,-2.396421511727681,-1.6579087150185188,-0.738512796709162,393.1206316104456,382.74999999999966,372.3793683895537,9.31904686862784,403.9571406058835,348.0428593941165,650.7365258970657
2018-12-13,380.0,381.0,375.0,378.0,1.34,30932,11673506.0,36.78,10.27732463,381.88252492652185,390.3912155626196,430.3376905914659,42.29448969275597,43.80837549956336,43.82940345085692,-1.6956498474629598,-1.4732805158412283,-0.2223693316217314,393.0812316535806,383.49999999999966,373.91876834641874,9.465607631808712,406.3968228954261,349.6031771045739,650.7365258970657
2018-12-16,380.0,388.0,378.0,383.0,1.32,23739,9054159.0,36.78,10.41326808,383.8237873897828,390.8969794631346,430.8636975320837,47.77092647396452,47.61257037805408,46.0850403546713,-1.2856372891110368,-1.4176881829357957,0.1320508938247586,393.7311993022496,384.0999999999996,374.46880069774966,9.628452924231905,411.8853587726957,354.1146412273043,650.7365258970657
2018-12-17,385.0,388.0,380.0,388.0,1.3,33325,12834640.0,36.78,10.54921153,384.2356810846741,391.2193051555074,431.3447397183358,53.98432875568897,51.78851135544106,48.48022785789238,-1.2527028995184537,-1.4507009063919851,0.1979980068735314,393.76821189201263,384.1499999999997,374.5317881079866,9.587169915813226,412.7615097474397,355.2384902525603,650.7365258970657
2018-12-18,390.0,390.0,376.0,380.0,-2.06,55370,21104140.0,36.78,10.33170201,382.3535216270112,391.35070536593634,431.7803652431432,43.540188584663774,44.56492894272676,44.01054173963601,-1.701536418263629,-1.500200408110368,-0.201336010153261,393.5468415802152,384.0499999999996,374.553158419784,9.763522128681362,412.2905663860441,353.7094336139559,650.7365258970657
2018-12-19,380.0,383.0,378.0,380.0,0.0,28505,10854344.0,36.78,10.33170201,383.5302824405167,391.8139994625052,432.3007709239788,43.54018858466377,44.56492894272676,44.01054173963601,-1.43511612519643,-1.4498664055720527,0.0147502803756227,394.1931322711944,384.5499999999996,374.90686772880485,9.292802365201512,408.3784070956045,352.62159290439547,650.7365258970657
2018-12-20,386.0,386.0,380.0,380.0,0.0,43983,16827992.0,36.78,10.33170201,385.29542366077504,392.2962035221993,432.826406812662,43.540188584663774,44.56492894272676,44.010541739636025,-1.0741925347696224,-1.4535539756659583,0.3793614408963359,396.4858506695027,385.4499999999997,374.41414933049657,9.76978040577946,412.3093412173384,353.6906587826616,650.7365258970657
2018-12-23,383.0,394.0,383.0,392.0,3.16,46394,18070880.0,36.78,10.65796629,387.94313549116254,392.79808938024826,433.35732547409583,57.22283036953921,54.34381600672531,49.7370229090615,-0.5978981697554673,-1.5483943358900425,0.950496166134575,397.8925942126131,386.24999999999966,374.6074057873862,9.521978228643842,417.0659346859316,359.93406531406845,650.7365258970657
2018-12-24,388.0,395.0,386.0,386.0,-1.53,29532,11505737.0,36.78,10.49483415,385.91470323674383,392.8306644569931,433.7729769863983,50.27829589819783,49.164815716655575,46.38868878348822,-1.2030948432136483,-1.786018377423686,0.5829235342100376,397.8925942126131,386.24999999999966,374.6074057873862,9.357753587382048,418.57326076214616,362.4267392378538,650.7365258970657
2018-12-25,385.0,385.0,380.0,381.0,-1.3,29912,11429336.0,36.78,10.3588907,385.8720548551158,393.1094670878908,434.25310740837216,43.48178956881296,44.273296680365775,43.37074301685419,-1.347137217799002,-1.9317492609761957,0.5846120431771933,398.1029910706454,386.3999999999997,374.6970089293539,8.841948430424498,409.0258452912735,355.97415470872653,650.7365258970657
2018-12-26,382.0,396.0,382.0,395.0,3.67,35578,13918672.0,36.78,10.73953235,388.3080822826737,393.60373105066185,434.788314518004,65.9023239453585,59.04523788351005,51.10351153269838,-1.002302034556294,-2.0779022717704936,1.0756002372141995,398.3786599394534,386.8499999999996,375.3213400605458,8.157720478249441,413.4731614347483,364.5268385652517,650.7365258970657
2018-12-27,395.0,400.0,388.0,389.0,-1.52,21635,8509512.0,36.78,10.57640022,384.96212342401054,393.54674048130113,435.1881970759739,57.56722699152193,52.77463058053602,47.23274384744096,-1.9730425528966864,-2.346802331074044,0.3737597781773574,397.8731821787533,386.6999999999997,375.526817821246,7.508578309166046,416.52573492749815,371.47426507250185,650.7365258970657
2018-12-30,389.0,389.0,384.0,387.0,-0.51,15441,5965336.0,36.78,10.52202284,382.9431851360158,393.7323217254359,435.6524000616621,54.253884579145215,50.42521356323074,45.86130257073655,-2.572452559172575,-2.440242275618383,-0.1322102835541923,398.2214554916942,386.8499999999996,375.47854450830505,6.89842034351783,407.1952610305535,365.8047389694465,650.7365258970657
2018-12-31,385.0,385.0,380.0,380.0,-1.81,9724,3711328.0,36.78,10.33170201,380.9147777040237,394.0071103672904,436.1413689065029,39.5748200367563,40.863815286396914,40.68112185385696,-3.096463839049477,-2.4071897047298347,-0.6892741343196422,398.5647731197677,387.0499999999996,375.5352268802315,6.6649114927975885,402.4947344783928,362.5052655216072,650.7365258970657
2019-01-01,380.0,383.0,377.0,380.0,0.0,7155,2707400.0,36.78,10.33170201,381.3721665560356,394.578829157792,436.7056037698849,39.5748200367563,40.86381528639692,40.68112185385695,-3.0075260349789232,-2.234871171149924,-0.7726548638289992,399.0154761278384,387.6999999999997,376.3845238721609,6.8499016586639865,400.549704975992,359.450295024008,650.7365258970657
2019-01-02,380.0,382.0,378.0,382.0,0.53,19408,7370888.0,36.78,10.38607939,382.05824983405336,395.1738834091305,437.27550933541136,42.665452986415296,42.902281580601645,41.73256702223747,-2.850263222729211,-2.0417074551926744,-0.8085557675365367,398.98146557753785,388.1999999999997,377.4185344224615,6.944335176293319,400.83300552888,359.16699447112006,650.7365258970657
2019-01-03,381.0,385.0,381.0,383.0,0.26,8316,3179485.0,36.78,10.41326808,382.08737475108006,395.7115929360338,437.8310420925512,44.19959020605109,43.91948349145184,42.256808818196006,-2.8117166773089366,-1.83956851330854,-0.9721481640003966,399.2090437243161,388.6999999999997,378.1909562756832,7.160372418103688,404.4811172543111,361.5188827456889,650.7365258970657
2019-01-06,380.0,382.0,377.0,377.0,-1.57,9575,3631962.0,36.78,10.25013594,381.63106212662007,396.2304334640352,438.382107842225,30.95951669664125,35.383880239640526,37.752804300549855,-2.823437753120743,-1.5965314723084407,-1.226906280812302,399.3156742312796,389.0999999999996,378.8843257687197,7.067080464559655,400.70124139367897,358.29875860632103,650.7365258970657
2019-01-07,377.0,383.0,377.0,379.0,0.53,17398,6606274.0,36.78,10.30451332,383.94659318993007,397.01534911562845,438.99901344867953,33.300683621366375,37.13323995481064,38.719244277710565,-2.18642083165696,-1.2898049021053652,-0.896615929551595,398.3261296631741,389.74999999999966,381.1738703368252,7.2967560717329505,401.8902682151988,358.1097317848012,650.7365258970657
2019-01-08,381.0,384.0,380.0,382.0,0.79,26447,10076233.0,36.78,10.38607939,386.4198897848951,397.7506694876949,439.6020186089678,37.03479138084272,39.87942045341759,40.20117148164833,-1.5451894761645804,-1.0656509197174666,-0.4795385564471137,397.2891760881211,390.24999999999966,383.2108239118782,7.440840079703278,404.32252023910985,359.6774797608901,650.7365258970657
2019-01-09,382.0,392.0,382.0,388.0,1.57,43470,16800032.0,36.78,10.54921153,388.6298346773426,398.3935539565804,440.1809333688569,46.25577187429813,46.22867931076002,43.38968073445275,-1.0097241536828392,-0.9457662806056882,-0.0639578730771509,396.57996655507134,390.5999999999996,384.6200334449279,7.378711199670309,409.1361335990109,364.8638664009891,650.7365258970657
2019-01-10,386.0,390.0,385.0,390.0,0.52,28615,11054692.0,36.78,10.60358891,388.9447520160139,398.8177806486857,440.7053648600012,49.93995830772878,48.62490095567675,44.51960745096895,-0.9224978816616272,-0.9297768123364004,0.0072789306747733,396.6319404797937,390.5499999999996,384.4680595202056,7.087456888522565,408.7623706655677,366.2376293344323,650.7365258970657
2019-01-13,392.0,392.0,383.0,384.0,-1.54,74495,28756076.0,36.78,10.44045677,388.4171280240209,399.17769006291775,441.2149665168857,36.440163391791216,39.95465503317629,40.02125270404167,-1.0013836525484976,-0.931596545005094,-0.0697871075434036,396.6319404797937,390.5499999999996,384.4680595202056,7.20828543169174,409.1248562950752,365.8751437049248,650.7365258970657
2019-01-14,385.0,390.0,385.0,386.0,0.52,8106,3133749.0,36.78,10.49483415,390.62569203603135,399.7971876165062,441.7899913060001,39.60469042232016,42.15677077818511,41.08728811756505,-0.4765959106252921,-0.914149768119243,0.4375538574939508,396.4787753826543,390.5999999999996,384.72122461734494,7.009206035213045,408.5276181056392,366.47238189436086,650.7365258970657
2019-01-15,386.0,392.0,386.0,390.0,1.04,15949,6232127.0,34.31,11.36694841,392.938538054047,400.36033813146565,442.3506947362112,46.835385874277534,46.96385594185424,43.30185437058961,-0.0034799795069488,-1.023538232492731,1.0200582529857818,396.4787753826543,390.5999999999996,384.72122461734494,7.232451150236716,410.6973534507101,367.3026465492899,650.7365258970657
2019-01-16,393.0,401.0,390.0,398.0,2.05,77989,30981508.0,34.31,11.60011658,394.4078070810705,400.7832090756071,442.8768323717509,69.34177894321722,59.58124025779323,48.30026513984705,0.1931658813678609,-1.278552795739176,1.471718677107037,396.60966987848,390.3999999999997,384.19033012151925,6.702723500263017,415.6081705007891,375.3918294992109,650.7365258970657
2019-01-17,400.0,401.0,395.0,396.0,-0.5,27748,11005936.0,34.31,11.54182454,392.6117106216057,400.89680944604,443.3278558126731,65.67646392558734,56.89273177283357,46.8271851097616,-0.3731976326627659,-1.646482465015935,1.2732848323531694,395.4654141221183,389.6999999999997,383.934585877881,6.225248333625576,416.6757450008767,379.3242549991233,650.7365258970657
2019-01-20,397.0,397.0,392.0,392.0,-1.01,5752,2260518.0,34.31,11.42524045,390.9175659324085,401.0966792193478,443.8035126550115,56.41231218493196,50.81715699965158,43.74993884035148,-0.8870187340958182,-1.9648036731042275,1.077784939008409,394.609990925549,389.0999999999996,383.5900090744502,5.916942592917306,412.2508277787519,376.7491722212481,650.7365258970657
2019-01-21,390.0,399.0,389.0,389.0,-0.77,17919,7001614.0,34.31,11.33780239,390.3763488986128,401.4679722487089,444.3241509731523,46.84831567448121,45.46418111254357,41.3041879877665,-1.1226664856108073,-2.23424990785633,1.1115834222455223,394.2638710734174,388.8499999999996,383.4361289265818,5.6854917699081176,411.0564753097244,376.9435246902757,650.7365258970657
2019-01-22,390.0,392.0,389.0,390.0,0.26,7735,3019367.0,34.31,11.36694841,391.06452334791913,401.9768690751868,444.88017259097296,50.105859894329306,47.04917553038942,41.886986330267625,-1.10165446684465,-2.5121457634177107,1.4104912965730607,394.3165686265705,388.6499999999997,382.9834313734288,5.206101966564575,406.1183058996937,374.8816941003063,650.7365258970657
2019-01-23,393.0,394.0,391.0,392.0,0.51,8939,3509480.0,34.31,11.42524045,391.5967850218787,402.46572087417405,445.43173211450033,57.17339163759283,50.30623342162978,43.05334562227014,-1.1606296070108328,-2.864768587560976,1.7041389805501432,394.2356011214116,388.5999999999996,382.9643988785877,5.451224407293973,408.85367322188193,376.14632677811807,650.7365258970657
2019-01-24,392.0,396.0,391.0,392.0,0.0,20113,7911959.0,34.31,11.42524045,391.3951775328181,402.8928931547526,445.9687344473094,57.17339163759284,50.30623342162978,43.053345622270136,-1.4226578098119376,-3.290803332698512,1.8681455228865744,393.8006880299288,388.3499999999996,382.8993119700704,5.723582674771081,410.6707480243133,376.3292519756868,650.7365258970657
2019-01-27,390.0,392.0,389.0,391.0,-0.26,27179,10617054.0,34.31,11.39609443,391.0927662992271,403.33750103862,446.51113378848834,54.64607852093716,48.77748872043801,42.3131568686627,-1.7364078750625822,-3.757839713420155,2.021431838357573,393.44454274708926,387.9499999999997,382.4554572529101,5.803980749745645,407.9119422492369,373.0880577507631,650.7365258970657
2019-01-28,391.0,394.0,391.0,393.0,0.51,12704,4978633.0,34.31,11.45438648,391.1391494488407,403.8410725095841,447.0690346305837,61.05102989942978,51.73309674786261,43.3961525473275,-2.009792025617969,-4.263197673009548,2.25340564739158,396.29999999998034,386.8999999999997,377.5000000000189,6.004423055272939,410.5132691658188,374.4867308341812,650.7365258970657
2019-01-29,391.0,392.0,389.0,390.0,-0.76,24692,9640886.0,34.31,11.36694841,390.208724173261,404.2835652650773,447.61244201380566,53.83677046492268,47.28394880612154,41.23010128777751,-2.533132639226949,-4.826549084857444,2.293416445630495,396.466178012929,385.9499999999997,375.4338219870703,6.227136728081043,409.18141018424313,371.81858981575687,650.7365258970657
2019-01-30,390.0,392.0,390.0,392.0,0.51,23118,9061091.0,34.31,11.42524045,390.31308625989146,404.866567928958,448.1914615315324,60.4745812079766,50.14537362840259,42.26520955854704,-2.8588054567536574,-5.399903196265067,2.54109773951141,396.43704608015673,385.24999999999966,374.0629539198426,6.585707475645603,410.7571224269368,371.2428775730632,650.7365258970657
2019-01-31,393.0,394.0,390.0,391.0,-0.26,11447,4492469.0,34.31,11.39609443,389.4696293898372,405.39173396687465,448.7561998383819,58.18310624071742,48.704133679271806,41.560977884250825,-3.436536137207725,-6.03517763114292,2.598641493935196,395.7119890700415,384.5499999999996,373.3880109299577,7.095230528495113,413.2856915854853,370.7143084145147,650.7365258970657
2019-02-03,394.0,395.0,390.0,390.0,-0.26,22031,8610127.0,34.31,11.36694841,388.70444408475583,405.9791516798083,449.3366641583656,55.911067687884255,47.289167639249655,40.86856101246876,-4.022126407355074,-6.68483800462672,2.6627115972716453,394.9977475191842,383.8999999999997,372.8022524808151,7.439145031661238,414.8174350949837,370.1825649050163,650.7365258970657
2019-02-04,391.0,392.0,388.0,389.0,-0.26,31537,12285309.0,34.31,11.33780239,388.0566661271338,406.6313619524535,449.9330125418668,53.673691024689184,45.90353583126124,40.18822632278912,-4.609230695327142,-7.350515903944631,2.741285208617489,394.2476849370414,383.4499999999997,372.6523150629579,7.599050035179154,412.7971501055375,367.2028498944625,650.7365258970657
2019-02-05,394.0,394.0,389.0,389.0,0.0,14198,5534327.0,34.31,11.33780239,387.5849991907007,407.35100937908425,450.5454046277147,53.67369102468918,45.90353583126123,40.18822632278913,-5.189727721861232,-8.035837206099004,2.846109484237772,393.7737825899021,383.24999999999966,372.7262174100972,7.998944483532393,415.4968334505972,367.5031665494028,650.7365258970657
2019-02-06,384.0,390.0,384.0,387.0,-0.51,12115,4701776.0,34.31,11.27951035,386.87749878605104,408.10003017006727,451.1639514078928,49.6347706754922,43.33476542112012,38.89232360767509,-5.855166068864946,-8.747364577158447,2.8921985082935,394.1254350260037,383.3499999999996,372.5745649739955,8.109938315035992,411.329814945108,362.670185054892,650.7365258970657
2019-02-07,386.0,390.0,385.0,390.0,0.78,9862,3825718.0,34.31,11.36694841,386.8162481790765,408.9612558912945,451.8088152411379,56.16353107244496,46.40391162123645,40.14482369708773,-6.41570496167526,-9.47041420423182,3.0547092425565605,395.3464586892128,383.6999999999997,372.0535413107865,8.344375905595546,412.5331277167866,362.4668722832134,650.7365258970657
2019-02-10,389.0,391.0,382.0,385.0,-1.28,20647,7957961.0,34.31,11.2212183,385.2243722686148,409.7351847031841,452.4300093641644,45.55367449556586,39.806138152834,36.89312314233105,-7.343291621783408,-10.23409151487096,2.8907998930875536,397.6104436913776,384.1999999999997,370.78955630862174,8.715973228439497,412.64791968531847,360.35208031468153,650.7365258970657
2019-02-11,381.0,387.0,381.0,386.0,0.26,10406,4015930.0,34.31,11.25036433,385.3365584029222,410.7447840788242,453.10769790048766,47.60188984968401,40.73746828263564,37.28199743275557,-7.911327080731837,-10.95679148814285,3.0454644074110124,400.2839785396179,384.99999999999966,369.7160214603814,8.684414698266107,410.0532440947984,357.94675590520166,650.7365258970657
2019-02-12,393.0,393.0,384.0,386.0,0.0,11167,4307361.0,34.31,11.25036433,385.00483760438334,411.754775265715,453.78214712561817,47.60188984968401,40.73746828263564,37.28199743275557,-8.62309121806993,-11.718157589995602,3.095066371925672,401.90214709784107,385.5999999999996,369.2978529021582,8.982682998073452,415.4480489942204,361.5519510057797,650.7365258970657
2019-02-13,388.0,392.0,384.0,384.0,-0.52,15606,6032824.0,34.31,11.19207228,384.507256406575,412.80599058268297,454.4633747349209,43.59413232461376,38.245856722031554,36.03934645860506,-9.406134299282256,-12.49192418297702,3.085789883694762,403.5690646398584,386.24999999999966,368.93093536014095,8.98075888674828,414.9422766602448,361.0577233397552,650.7365258970657
2019-02-14,382.0,389.0,380.0,384.0,0.0,17211,6582521.0,34.31,11.19207228,384.7608846098624,413.9817453003435,455.1715493553724,43.59413232461376,38.245856722031554,36.03934645860507,-10.065129151312815,-13.263371653900707,3.198242502587892,405.5271538768116,387.0999999999996,368.6728461231877,9.089732096386978,411.76919628916096,357.23080371083904,650.7365258970657
2019-02-17,387.0,388.0,383.0,387.0,0.78,13443,5174030.0,34.31,11.27951035,385.1413269147936,415.20549000648,455.8868413086927,47.93992913250284,40.44517855664995,37.05425944407745,-10.759844338430923,-14.06293227954768,3.303087941116757,406.7589029218385,387.7999999999996,368.8410970781607,9.099702329318864,412.7991069879566,358.2008930120434,650.7365258970657
2019-02-18,385.0,386.0,383.0,385.0,-0.52,13348,5134879.0,34.31,11.2212183,384.2119903721904,416.3567344965404,456.5791713720967,44.67144064844221,38.24687643286011,35.89895353165185,-11.79550125961174,-14.88870426482687,3.0932030052151305,407.9693638118288,388.3999999999997,368.8306361881704,9.555224810354296,413.1656744310629,355.8343255689371,650.7365258970657
2019-02-19,389.0,389.0,385.0,389.0,1.04,10351,3997266.0,34.31,11.33780239,383.81798555828567,417.6366012106849,457.29856002910265,50.283833416808,41.061710521512666,37.21022988756285,-12.7421688025064,-15.662005016130651,2.9198362136242544,408.60685160038565,388.8999999999997,369.1931483996136,9.95024978928255,416.8507493678477,357.1492506321524,650.7365258970657
2019-02-20,395.0,395.0,385.0,387.0,-0.51,6553,2528913.0,34.31,11.27951035,381.2269783374285,418.8054420764272,457.98497771783735,47.34356461706302,38.97655291609824,36.089697137066224,-14.172392920128118,-16.391964069536716,2.2195711494085977,409.19868416712217,389.24999999999966,369.3013158328772,10.61138865475839,421.8341659642752,358.16583403572486,650.7365258970657
2019-02-21,388.0,388.0,382.0,384.0,-0.78,13521,5195354.0,34.31,11.19207228,378.3404675061427,420.103623385669,458.6983945793232,42.83590099155504,35.81361359078829,34.40401608863029,-15.5880987150544,-16.946856856888864,1.358758141834464,410.0741214359535,389.7999999999996,369.52587856404574,10.56820961639821,416.70462884919465,353.2953711508053,650.7365258970657
2019-02-24,385.0,385.0,368.0,370.0,-3.65,36648,13731299.0,34.31,10.78402798,375.5107012592141,421.5772406667168,459.4491322132863,11.359339203701747,17.221223367545768,25.61436542333677,-16.86286358472313,-17.28654639234748,0.423682807624349,410.8911745615491,390.49999999999966,370.1088254384502,9.742455129331343,405.7273653879941,347.272634612006,650.7365258970657
2019-02-25,370.0,377.0,370.0,374.0,1.08,16761,6275016.0,34.31,10.90061207,378.2660518888211,423.6824341633175,460.3481184666861,13.206136055868352,18.6548330968872,26.591700915082445,-16.81919454804978,-17.392467094253565,0.5732725462037855,410.20737556285866,391.8999999999997,373.5926244371406,8.936061254812605,400.3081837644378,346.6918162355622,650.7365258970657
2019-02-26,374.0,380.0,373.0,376.0,0.53,9932,3715349.0,34.31,10.95890411,380.3990778332317,425.71028861896303,461.2159387527835,14.234701433883398,19.4048347301109,27.08780769738897,-16.926086875087833,-17.53578523080451,0.6096983557166773,409.6154473145526,393.0999999999996,376.5845526854466,9.151179172014006,403.9535375160421,349.04646248395795,650.7365258970657
2019-02-27,375.0,382.0,375.0,378.0,0.53,7888,2983226.0,34.31,11.01719615,382.5986167498475,427.7392799911656,462.0723803482889,15.29349254782388,20.157357699547347,27.581803130749964,-17.01995909068785,-17.68820981973368,0.6682507290458304,409.0661775690148,394.2999999999996,379.5338224309844,9.39019908001556,406.6705972400467,350.3294027599533,650.7365258970657
2019-03-03,380.0,380.0,377.0,378.0,0.0,13490,5103024.0,34.31,11.01719615,384.8979251247713,429.7694546846826,462.9173288945028,15.293492547823885,20.157357699547347,27.581803130749964,-17.09584749546184,-17.855272501995138,0.7594250065332986,410.181456508344,395.8999999999997,381.6185434916553,9.655776755572846,407.4673302667185,349.53266973328147,650.7365258970657
2019-03-05,378.0,382.0,377.0,381.0,0.79,31858,12082441.0,34.31,11.10463422,388.34688768715694,431.88249365140433,463.7707693859048,16.77203537674682,21.22177883334656,28.29513996197966,-16.944041823075736,-18.04512875362846,1.101086930552725,415.5638350316398,398.2999999999996,381.0361649683594,10.28419639508094,410.3525891852428,348.6474108147572,650.7365258970657
2019-03-06,380.0,386.0,378.0,385.0,1.05,22986,8829736.0,34.31,11.2212183,392.0203315307354,433.9593301269719,464.6026364149089,18.94248889139306,22.7062777514239,29.263895275385654,-16.809278338349145,-18.32040048626664,1.5111221479174972,423.2353555301621,401.0499999999996,378.8646444698371,10.537995994534375,413.6139879836031,350.3860120163969,650.7365258970657
2019-03-07,385.0,392.0,385.0,391.0,1.56,26697,10354654.0,34.31,11.39609443,395.5304972961031,435.9576701321544,465.40266291154114,22.89248199032331,25.157434142487823,30.78148475578907,-16.800045260194793,-18.69818102324601,1.898135763051222,430.5177843392695,403.7999999999996,377.0822156607297,10.264439993927086,419.2933199817813,357.7066800182187,650.7365258970657
2019-03-10,392.0,396.0,385.0,394.0,0.77,10089,3943513.0,34.31,11.4835325,397.7957459441546,437.7926770763239,466.15042836793856,25.23082506565492,26.48485293620452,31.567263629168945,-17.15480529120225,-19.17271496400882,2.0179096728065677,445.67775302328187,407.6499999999997,369.6222469767174,10.40493332658565,421.71479997975695,359.28520002024305,650.7365258970657
2019-03-11,399.0,400.0,393.0,400.0,1.52,55606,22121492.0,34.31,11.65840863,399.6936189162319,439.5801332835208,466.8755583012847,30.829091264659425,29.36207714185993,33.19421438106267,-17.663538199270647,-19.67719238221046,2.0136541829398134,456.3936595769516,411.24999999999966,366.10634042304775,9.894370362872944,426.1831110886188,366.8168889113812,650.7365258970657
2019-03-12,403.0,404.0,397.0,401.0,0.25,48902,19586490.0,34.31,11.68755465,399.5404283743479,441.19564892774616,467.5476744651167,31.87693089797549,29.86417777378765,33.47021877979436,-18.666851282670397,-20.18060592794541,1.5137546452750217,463.3039418561686,414.1499999999997,364.9960581438307,10.104855958747716,430.81456787624313,370.18543212375687,650.7365258970657
2019-03-13,405.0,405.0,396.0,398.0,-0.75,31903,12783012.0,34.31,11.60011658,398.8106425615218,442.8362876594909,468.2164953140123,25.087091723905363,26.356031038894866,31.837961296517054,-19.77774396318904,-20.559044589264168,0.7813006260751294,471.0373004540655,417.3999999999997,363.7626995459338,10.44983995416413,431.8495198624924,369.1504801375076,650.7365258970657
2019-03-14,395.0,400.0,395.0,399.0,0.25,20294,8076897.0,34.31,11.62926261,399.2159638422828,444.6663402170211,468.92218873425367,25.850506499944093,26.770496500271097,32.08989767584472,-20.602516163222788,-20.754369745782952,0.1518535825601645,478.25436283564846,420.9499999999997,363.6456371643508,10.610933282404588,429.3327998472138,365.6672001527862,650.7365258970657
2019-03-17,401.0,405.0,400.0,401.0,0.5,38412,15449692.0,34.31,11.68755465,399.3239457634241,446.5302724707771,469.6249242994221,27.328971345060893,27.57584236900626,32.58496483579262,-21.457370627073544,-20.792333141422997,-0.6650374856505508,484.6514754598728,424.49999999999966,364.3485245401265,11.123259202671765,435.8697776080153,369.1302223919847,650.7365258970657
2019-03-18,400.0,402.0,397.0,398.0,-0.75,21236,8483057.0,34.31,11.60011658,398.4859186451361,448.3886509389721,470.3146220310745,21.329804931988168,24.40841978353144,31.053271069144277,-22.440004933631087,-20.626073770010358,-1.8139311636207327,494.89975322656704,429.0499999999996,363.2002467734322,11.581399114079735,434.2441973422392,364.7558026577608,650.7365258970657
2019-03-19,402.0,402.0,398.0,399.0,0.25,3790,1511860.0,34.31,11.62926261,398.72887796770414,450.4453305691342,471.0414021519898,21.86461258194996,24.74336625117394,31.28069784317998,-23.06234901314804,-20.17259097910517,-2.889758034042867,502.3171490255129,433.49999999999966,364.6828509744864,12.312665682310818,436.9379970469324,363.0620029530676,650.7365258970657
2019-03-21,397.0,399.0,395.0,395.0,-1.0,22176,8807087.0,34.31,11.51267852,398.5933169515562,452.5451399801193,471.7654363444721,14.217124748031743,20.70155805168394,29.29216390413564,-23.623052198085706,-19.45015147059445,-4.17290072749125,507.6450712550517,437.6499999999997,367.65492874494754,12.90296186923424,435.7088856077027,358.2911143922973,650.7365258970657
2019-03-24,393.0,399.0,393.0,396.0,0.25,11361,4487639.0,34.31,11.54182454,400.3899754273343,454.8939212037976,472.5369482675321,14.533221775652931,20.9629173525334,29.49701751089836,-23.5878325948886,-18.40692628872164,-5.180906306166957,513.821906742236,442.5999999999996,371.3780932577632,13.892179854704713,437.6765395641141,354.32346043588586,650.7365258970657
2019-03-25,394.0,400.0,394.0,398.0,0.51,8113,3226695.0,34.31,11.60011658,402.58496314100137,457.29775472232,473.30616382800986,15.131306255203851,21.46622783280357,29.89847768088103,-23.301602009064084,-17.1116997121799,-6.189902296884185,517.0257095644134,446.99999999999966,376.9742904355859,14.76908872744968,441.30726618234905,352.69273381765095,650.7365258970657
2019-03-26,398.0,400.0,395.0,398.0,0.0,15558,6190349.0,34.31,11.60011658,404.8774447115021,459.7180712415983,474.06300969562807,15.131306255203851,21.46622783280357,29.89847768088104,-22.80097166847986,-15.564224137958854,-7.236747530521006,520.2189478205538,451.5999999999996,382.98105217944544,15.743431919388533,444.7302957581656,350.2697042418344,650.7365258970657
2019-03-27,400.0,400.0,397.0,398.0,0.0,13921,5537602.0,34.31,11.60011658,408.31616706725305,462.23717619023495,474.8274620543781,15.131306255203851,21.46622783280357,29.89847768088104,-21.83033480950172,-13.755037255328602,-8.075297554173119,524.8910892533017,456.99999999999966,389.1089107466975,16.93714657709837,449.3114397312951,347.6885602687049,650.7365258970657
2019-03-28,403.0,403.0,396.0,398.0,0.0,15408,6131473.0,34.31,11.60011658,413.47425060087954,464.85910174902006,475.599597351407,15.131306255203851,21.46622783280357,29.89847768088103,-20.273917075904198,-11.736212866785324,-8.537704209118871,527.9800694338087,462.4499999999997,396.91993056619066,18.48571841899819,454.95715525699455,344.04284474300545,650.7365258970657
2019-03-31,401.0,402.0,399.0,400.0,0.5,24402,9764365.0,34.31,11.65840863,421.2113759013193,467.58804467755147,476.3794928021749,15.53030405449895,21.856370603750022,30.248139292208165,-17.99246873846289,-9.601786814505603,-8.390681923957285,528.2149238421038,467.6499999999997,407.0850761578955,19.761909354442437,459.78572806332727,341.2142719366728,650.7365258970657
2019-04-01,404.0,410.0,400.0,410.0,2.5,54571,22078084.0,34.31,11.94986884,431.81706385197896,470.346740378676,477.14712589566415,17.592011616853718,23.8706382749791,32.0471314820351,-15.022438769751034,-7.504116333516284,-7.51832243623475,525.5667581842101,472.4499999999997,419.3332418157891,20.735454838269373,467.2063645148081,342.7936354851919,650.7365258970657
2019-04-02,412.0,426.0,410.0,426.0,3.9,89445,37684472.0,34.31,12.41620519,442.7255957779684,472.8098726390302,477.8219713820527,21.6865510095706,27.657579906923967,35.269058475825545,-12.031274136671584,-5.624535724457596,-6.406738412213988,522.2064830546134,476.6999999999997,431.19351694538585,20.15050537585486,478.45151612756456,357.54848387243544,650.7365258970657
2019-04-03,428.0,439.0,421.0,436.0,2.35,101042,43735792.0,34.31,12.7076654,451.0883936669526,474.7204796855212,478.34279521503817,24.90718772431477,30.462250769059583,37.53314344907518,-9.667550926643967,-4.0228511214040985,-5.644699805239871,519.3884330317505,479.9499999999997,440.5115669682488,19.500561528727623,488.5016845861829,371.4983154138171,650.7365258970657
2019-04-04,440.0,444.0,431.0,440.0,0.92,107396,47180688.0,34.31,12.82424949,458.6325905004289,476.30090742778737,478.76835094584254,26.2956788465782,31.65453264048325,38.481747256422985,-7.528143470548457,-2.6116761700941304,-4.916467300454327,516.1945423335371,482.2999999999996,448.4054576664621,19.556179476364026,496.1685384290921,378.8314615709079,650.7365258970657
2019-04-07,443.0,472.0,439.0,468.0,6.36,147987,67184256.0,34.31,13.64033809,467.94888575064334,477.7825771187175,479.15798261364,40.26087992369264,42.45555385579907,46.35459797631656,-5.095254048833169,-1.3825593449805489,-3.712694703852621,513.334022030168,485.0999999999996,456.8659779698313,17.617977195960027,508.3539315878801,402.6460684121199,650.7365258970657
2019-04-08,470.0,478.0,462.0,466.0,-0.43,161971,76389496.0,34.31,13.58204605,467.923328625965,478.18186598070594,479.2701231424202,38.17620715543792,41.12307189913902,45.59130950181937,-4.766798764406246,-0.4543856690173935,-4.312413095388853,513.7452006758018,486.3999999999997,459.0547993241975,15.908863551066696,517.7265906532001,422.2734093467999,650.7365258970657
2019-04-09,470.0,471.0,456.0,458.0,-1.72,116366,53870064.0,34.31,13.34887788,468.8849929389475,478.6790850003266,479.40349121420337,29.41879914987224,35.58274424075025,42.44676944746949,-4.07459876480084,0.6237176048298196,-4.698316369630659,513.556007052619,487.74999999999966,461.9439929473804,15.45429283451855,509.8628785035556,417.1371214964444,650.7365258970657
2019-04-10,463.0,469.0,457.0,466.0,1.75,63030,29088630.0,34.31,13.58204605,474.3274894084212,479.5231292860542,479.6186016786677,33.65656777942771,38.98960564741154,44.940186716875495,-2.3172875105437925,1.7982966972374843,-4.115584207781277,511.1577611818237,489.24999999999966,467.3422388181756,15.504769816131724,509.5143094483952,416.4856905516048,650.7365258970657
2019-04-11,466.0,471.0,465.0,469.0,0.64,54800,25647384.0,34.31,13.66948412,478.49123411263184,480.0750937467095,479.7554720472976,35.35415257838495,40.33434021534306,45.911077337022725,-0.8551587822295801,2.827192749182804,-3.682351531412384,510.2641700827004,490.8499999999996,471.43582991729886,15.894188684590803,515.6825660537725,420.3174339462276,650.7365258970657
2019-04-15,466.0,473.0,466.0,470.0,0.21,39084,18348468.0,34.71,13.54076635,483.2368511689477,480.5271383894323,479.8635672437528,35.89052656256965,40.76956930198116,46.230683930014735,0.7180332860148155,3.7477806320359,-3.0297473460210846,508.5175281422127,491.74999999999966,474.9824718577866,16.993542982878672,520.480628948636,418.519371051364,650.7365258970657
2019-04-16,471.0,498.0,470.0,492.0,4.68,106050,51327748.0,34.71,14.17458946,489.8552767534216,480.9568175073683,479.9626985728357,51.03060616919738,52.297858334620805,54.19936311644757,2.613736132595648,4.505217468541171,-1.891481335945524,506.3744202101586,492.8999999999997,479.4255797898407,15.992825536531855,531.9784766095955,436.0215233904044,650.7365258970657
2019-04-17,497.0,498.0,484.0,487.0,-1.02,92921,45477800.0,34.71,14.03053875,488.7829151301325,480.5060753648119,479.8417206690451,46.46864750449617,49.27058802651669,52.40960692772655,2.7553243312119093,4.978087802527552,-2.222763471315643,506.3448138186481,492.8499999999996,479.3551861813512,14.658695040590953,534.9760851217728,447.0239148782272,650.7365258970657
2019-04-18,489.0,493.0,481.0,482.0,-1.03,60312,29239844.0,34.71,13.88648804,489.67437269519866,480.2410172164369,479.7697781632064,41.63558717937989,46.09396228456719,50.55471561252204,3.405055823537282,5.533778670356464,-2.1287228468191817,506.2966161108728,492.99999999999966,479.70338388912654,14.509661156212172,530.5289834686365,443.4710165313635,650.7365258970657
2019-04-21,490.0,495.0,478.0,494.0,2.49,94558,46076092.0,34.71,14.23220974,493.511559042798,480.1692220007813,479.7473638733893,51.56795029801188,53.56965877712658,55.5424924660874,4.693912298126577,6.0659593820612585,-1.3720470839346817,506.090765951244,493.0999999999996,480.1092340487553,14.67740128468019,530.5322038540405,442.4677961459594,650.7365258970657
2019-04-22,494.0,500.0,483.0,484.0,-2.02,79167,38809688.0,34.71,13.94410833,493.2673385641969,479.6047004497928,479.6041212992525,41.17275548611483,46.9064494221216,51.73282364112632,5.0488685649932,6.408971153044929,-1.3601025880517297,506.2536491490415,492.5499999999996,478.8463508509577,14.419334760755763,534.7580042822673,448.2419957177327,650.7365258970657
2019-04-23,478.0,495.0,478.0,490.0,1.24,58722,28662700.0,34.71,14.11696917,497.9010078462954,479.4253004681517,479.5599416138179,46.49513756762694,50.98280312582417,54.41887398314987,6.446665566484853,6.748996800057861,-0.3023312335730077,506.4281973086621,492.4499999999997,478.4718026913373,14.132594178617518,528.8977825358526,444.1022174641474,650.7365258970657
2019-04-24,490.0,508.0,490.0,506.0,3.27,128530,64084736.0,34.71,14.57793143,501.8515117694431,478.99368007909663,479.45501640390654,67.03611888091773,64.96202112325177,62.76102300887797,7.526084058330753,6.8245796084511126,0.7015044498796401,506.5760181616363,492.1499999999997,477.723981838363,12.59177130957502,536.775313928725,461.22468607127496,650.7365258970657
2019-04-25,508.0,515.0,502.0,507.0,0.2,88888,45172796.0,34.71,14.60674157,499.77726765416463,477.8913813068149,479.188232649172,68.7228358643548,66.01248367441343,63.34363934089989,7.165253347074724,6.649203495981203,0.5160498510935216,504.3987827160357,491.0499999999996,477.7012172839635,11.99085701063891,544.4725710319167,472.52742896808326,650.7365258970657
2019-04-28,512.0,512.0,501.0,502.0,-0.99,84179,42401216.0,34.71,14.46269087,496.165901481247,476.7032744213788,478.90871739941485,64.78478642665536,63.25368395579114,61.63409930344989,6.4986620996596685,6.520191033207823,-0.0215289335481543,502.1114489610041,489.5499999999996,476.9885510389951,11.878730011821013,542.1361900354631,470.863809964537,650.7365258970657
2019-04-29,498.0,502.0,495.0,496.0,-1.2,62052,30903060.0,34.71,14.28983002,493.2488522218705,475.6707550100065,478.6766442074492,59.32159476695994,59.599558834021536,59.45583395684309,6.062414186054809,6.525573266594861,-0.463159080540052,500.2901858093501,488.4499999999997,476.6098141906492,11.420811124245567,532.7624333727367,464.2375666272633,650.7365258970657
2019-04-30,497.0,500.0,492.0,495.0,-0.2,23369,11553845.0,34.71,14.26101988,491.87327833280574,474.84098990837407,478.50254012913206,58.364677772922455,58.96808485076836,59.08414729780497,6.028331733620178,6.641363036729874,-0.6130313031096968,499.5036914081599,487.6499999999997,475.79630859183936,11.912012360272854,531.7360370808185,460.26396291918144,650.7365258970657
2019-05-02,492.0,495.0,488.0,491.0,-0.81,31276,15359811.0,34.71,14.14577931,490.3099174992086,474.0181731699404,478.3367365123394,54.56441199587637,56.43912918615632,57.591230882372656,5.998963487296408,6.794620862507299,-0.7956573752108911,498.696609682443,486.8999999999997,475.10339031755626,12.23556928919206,528.2067078675761,454.7932921324238,650.7365258970657
2019-05-05,487.0,490.0,483.0,483.0,-1.63,35721,17363724.0,34.71,13.91529818,489.9648762488129,473.3250373809584,478.209467532564,45.763657446152514,50.80853105811239,54.39642871918778,6.2814940021733605,6.993535206310021,-0.7120412041366606,498.2687617166479,486.5999999999996,474.9312382833514,12.261743654657844,523.2852309639735,449.7147690360265,650.7365258970657
2019-05-06,480.0,496.0,480.0,496.0,2.69,39149,19085938.0,34.71,14.28983002,493.4473143732194,472.93014094752806,478.1613214776149,63.5416708562867,63.11942868149336,61.640430790808864,7.365283946584782,7.171545507344186,0.1937384392405956,498.52004519301295,486.3499999999996,474.1799548069863,12.179715171842052,524.5391455155261,451.4608544844738,650.7365258970657
2019-05-07,490.0,502.0,484.0,494.0,-0.4,33241,16491329.0,34.71,14.23220974,492.170971559829,471.9885140474272,477.98203827638486,61.49616557394928,61.79706229596056,60.87082785829667,7.317826254592262,7.123110897534038,0.1947153570582243,498.697363383568,484.9499999999997,471.2026366164313,11.7552390798245,528.2657172394735,457.7342827605265,650.7365258970657
2019-05-08,492.0,496.0,490.0,493.0,-0.2,19495,9614964.0,34.71,14.2033996,491.2564573397436,471.0900860493629,477.821053736449,60.51149253916158,61.150326566857146,60.490342901758765,7.354448236745895,7.0744320582694815,0.2800161784764139,498.2947585060669,483.74999999999966,469.2052414939325,11.061376755360556,526.1841302660816,459.8158697339184,650.7365258970657
2019-05-09,493.0,493.0,487.0,488.0,-1.01,25211,12342681.0,34.71,14.05934889,490.3846860096154,470.1958038472961,477.6685015126947,55.44770301988648,57.836315370811306,58.55597070995388,7.396035592342059,7.004428013650378,0.3916075786916817,499.31510964240346,482.0999999999996,464.8848903575958,11.401529728178396,524.2045891845352,455.7954108154648,650.7365258970657
2019-05-12,485.0,498.0,482.0,498.0,2.05,40990,20078108.0,34.71,14.3474503,491.5770290144231,469.4691019635123,477.5646673570434,71.82088808567366,68.72354744032408,64.63147104632611,7.850628390323493,6.906526118977458,0.9441022713460354,501.90987072906427,480.24999999999966,458.5901292709351,11.44614414242044,524.3384324272613,455.6615675727387,650.7365258970657
2019-05-13,501.0,501.0,486.0,487.0,-2.21,42220,20686736.0,34.71,14.03053875,488.36554352163466,468.3045755130434,477.359287129476,60.38205516576637,61.27829692523599,60.27946070187343,7.298481330433219,6.6705005511409485,0.6279807792922707,500.5033629751168,478.1999999999997,455.89663702488247,10.940160158244932,526.3204804747348,460.6795195252652,650.7365258970657
2019-05-14,495.0,499.0,487.0,493.0,1.23,39731,19571800.0,34.71,14.2033996,489.048315282452,467.54149696255536,477.2623955428376,75.17836147669055,69.67948353699988,64.43088187364027,7.60758117282154,6.513505356317881,1.0940758165036586,500.31162133639737,476.74999999999966,453.188378663602,10.489066842494369,524.4672005274831,461.5327994725169,650.7365258970657
2019-05-15,500.0,500.0,491.0,491.0,-0.41,49643,24585912.0,34.71,14.14577931,487.072472923678,466.50237438959846,477.1042286638711,73.23507090853246,68.33580151643048,63.62933550350951,7.280540154592529,6.239986402191967,1.0405537524005624,499.10308622376994,474.7999999999996,450.4969137762293,10.3211853805493,526.4635561416479,464.5364438583521,650.7365258970657
2019-05-16,490.0,495.0,487.0,490.0,-0.2,25182,12366322.0,34.71,14.11696917,485.108709385517,465.5024713034596,476.96457267054313,72.27019469919307,67.67061619125903,63.231621142359664,6.9608544890770645,5.979847964091826,0.9810065249852382,498.0079352585634,472.7999999999996,447.5920647414358,10.356872645054777,522.0706179351644,459.9293820648357,650.7365258970657
2019-05-19,490.0,491.0,484.0,484.0,-1.22,38861,18941674.0,34.71,13.94410833,482.66306407827545,464.5025721729886,476.8335633506491,65.6695995032526,63.3851509672194,60.76006305517531,6.553388719796203,5.734596332845517,0.8187923869506859,496.1793566240234,470.99999999999966,445.8206433759759,10.28541405006086,518.3562421501825,456.6437578498174,650.7365258970657
2019-05-20,482.0,491.0,481.0,483.0,-0.21,38921,18831306.0,34.71,13.91529818,481.9945961174132,463.70675879229424,476.7615388617109,64.41471740174565,62.61827711868791,60.33344343598071,6.548901301989758,5.5298982361078455,1.019003065881913,494.647378893744,469.8499999999996,445.0526211062553,10.539348944512064,517.6180468335363,454.3819531664638,650.7365258970657
2019-05-21,484.0,487.0,480.0,482.0,-0.21,39645,19139612.0,34.71,13.88648804,481.49189417611984,462.9192795593266,476.69884075981855,63.21966424889015,61.87684598202618,59.91506923714663,6.549735160687817,5.275147469637367,1.27458769105045,493.0914922742402,468.99999999999966,444.9085077257592,10.599276605013406,515.2978298150402,451.70217018495975,650.7365258970657
2019-05-22,483.0,485.0,481.0,484.0,0.41,25076,12126265.0,34.71,13.94410833,481.2378412641797,462.1404746433808,476.6455627775052,67.23370050986975,64.24322413731686,61.15347441044436,6.557348774361572,4.9565005468747545,1.600848227486817,491.82070816213775,468.4499999999997,445.0792918378616,10.999196227792671,515.997588683378,450.002411316622,650.7365258970657
2019-05-23,486.0,486.0,481.0,484.0,0.0,24480,11819484.0,34.71,13.94410833,479.8567618962696,461.2482491186208,476.57164883557056,67.23370050986976,64.24322413731686,61.15347441044436,6.268050531823519,4.55628849000305,1.711762041820469,489.8163423130047,467.5499999999996,445.2836576869945,11.776884697547414,518.8306540926422,448.16934590735775,650.7365258970657
2019-05-26,484.0,485.0,476.0,477.0,-1.45,36547,17569256.0,34.71,13.74243734,477.7851428444045,460.3196062255033,476.49699203994817,60.254999101341454,59.578000723047175,58.37852774290375,5.807629130884777,4.128347979547933,1.679281151336844,487.6485083001114,466.6999999999997,445.7514916998879,12.08542744171935,516.756282325158,444.243717674842,650.7365258970657
2019-05-27,482.0,482.0,475.0,480.0,0.63,31557,15104097.0,34.71,13.82886776,478.1777142666066,459.63877382654425,476.4919366835657,65.57559336337509,62.84083148842795,60.14621406833815,5.848216664510062,3.7085276917137215,2.1396889727963395,486.7460265088331,466.2999999999996,445.8539734911661,12.4282527130215,515.7847581390645,441.2152418609355,650.7365258970657
2019-05-28,479.0,482.0,476.0,480.0,0.0,20813,9956807.0,34.71,13.82886776,477.26657139991,458.8077033704848,476.4566797658126,65.5755933633751,62.84083148842795,60.14621406833815,5.509501601398881,3.1736054485146377,2.3358961528842435,485.11561070194784,465.6499999999997,446.1843892980514,13.031391903357225,518.0941757100717,439.9058242899283,650.7365258970657
2019-05-29,480.0,485.0,480.0,480.0,0.0,19752,9550413.0,34.71,13.82886776,475.899857099865,457.9427116713209,476.4210685071776,65.57559336337509,62.84083148842796,60.14621406833815,4.997039806643954,2.5896314102935767,2.4074083963503776,483.1368481479227,464.7999999999996,446.4631518520765,13.812657670396916,523.9379730111907,441.0620269888093,650.7365258970657
2019-05-30,500.0,502.0,483.0,485.0,1.04,67442,33099284.0,34.71,13.97291847,473.8497856497975,457.0424141885177,476.38509934644566,73.13491842524455,67.79537184026823,62.95720843758927,4.2702679914237365,1.987779311205982,2.2824886802177544,480.91357848625984,463.5999999999996,446.2864215137394,14.791841855996577,536.8755255679897,448.1244744320103,650.7365258970657
2019-06-02,484.0,484.0,478.0,478.0,-1.44,49886,23947772.0,34.71,13.77124748,468.2746784746963,455.9012882370286,476.2985174303295,68.63552066624608,64.11758585335181,60.47448413437512,2.7714389764856264,1.4171571411515436,1.3542818353340829,476.6865057699508,462.1499999999997,447.6134942300485,13.768713173329523,522.3061395199886,439.6938604800114,650.7365258970657
2019-06-03,475.0,475.0,465.0,468.0,-2.09,193172,90603752.0,34.71,13.48314607,463.4120177120445,454.9993000018053,476.28141710299616,60.163256444779634,57.7112398034589,56.47365320831055,1.5308035577612031,1.0785866823180228,0.4522168754431803,473.88409872671576,460.99999999999966,448.1159012732836,13.52079241481058,510.5623772444317,429.4376227555682,650.7365258970657
2019-06-04,467.0,474.0,463.0,470.0,0.43,30464,14284867.0,34.71,13.54076635,461.11802656806674,454.4686591855525,476.36464742563936,63.19814841636035,59.69038865503074,57.59294460114176,0.9432172079309566,0.9655324634572277,-0.022315255526271,473.1915971756936,460.6999999999997,448.2084028243057,13.911991572011754,510.2359747160352,426.7640252839648,650.7365258970657
2019-06-06,469.0,475.0,458.0,460.0,-2.13,62274,28945404.0,34.71,13.25266494,456.6770398521001,453.8347269074117,476.4286137314247,52.56290391037154,52.05676572520351,53.1344047094779,-0.0241125288768557,0.9711112773387954,-0.9952238062156512,472.0660528640634,460.2999999999996,448.5339471359358,13.90221285779084,508.2066385733725,424.7933614266275,650.7365258970657
2019-06-10,457.0,465.0,449.0,451.0,-1.96,91893,41859080.0,34.71,12.99337367,455.0155597781501,453.58308310771423,476.59372542721786,38.29807745049136,43.04248812327733,48.45186772954387,-0.2402444834369816,1.2199172288927085,-1.46016171232969,472.0084715352878,460.1999999999997,448.3915284647115,12.780236508656492,495.3407095259695,418.6592904740305,650.7365258970657
2019-06-11,454.0,458.0,447.0,457.0,1.33,60515,27455744.0,34.71,13.16623451,457.0233396672252,453.6885150712944,476.85094879834566,46.60260218795184,48.71226518935494,51.76177814090723,0.4037506506835484,1.5849576569751307,-1.1812070062915825,471.90975986029855,460.24999999999966,448.5902401397008,12.422485009618324,489.76745502885495,415.23254497114505,650.7365258970657
2019-06-12,460.0,466.0,455.0,458.0,0.22,33591,15390955.0,34.71,13.19504466,457.0350095008378,453.5533524211432,477.0504558214446,48.14936823497632,49.72598057210088,52.33379379959877,0.6089407942237699,1.8802594085480264,-1.2713186143242563,472.44007545648094,459.8499999999996,447.2599245435183,12.580538899575917,498.2416166987277,422.75838330127226,650.7365258970657
2019-06-13,467.0,471.0,454.0,454.0,-0.87,39607,18070480.0,34.71,13.07980409,456.5525142512567,453.3718566015981,477.2419176889968,41.21171257255416,45.514508844137055,50.221411433757865,0.760162529517288,2.1980890621290903,-1.4379265326118025,473.35061836104217,459.1999999999997,445.04938163895713,12.64504322175102,500.435129665253,424.56487033474696,650.7365258970657
2019-06-16,463.0,472.0,451.0,451.0,-0.66,35541,16090940.0,34.71,12.99337367,457.8287713768851,453.3462180955408,477.47550480144906,35.45419239913111,42.13888819095457,48.58074527561583,1.349392271226236,2.557570695282041,-1.208178424055805,474.0584943740308,458.74999999999966,443.4415056259685,11.827825801945576,496.9834774058367,426.0165225941633,650.7365258970657
2019-06-17,455.0,460.0,451.0,454.0,0.67,32855,14886503.0,34.71,13.07980409,461.2431570653276,453.4419820994404,477.7415902768405,38.83495728397231,44.71107931713961,50.16810958433483,2.387290708517014,2.8596153012959924,-0.4723245927789783,474.8214905215019,458.3499999999996,441.8785094784973,10.808695335495084,487.92608600648526,423.07391399351474,650.7365258970657
2019-06-18,462.0,462.0,455.0,461.0,1.54,43757,20141424.0,34.71,13.28147508,464.86473559799134,453.4192058586012,477.9801992243465,48.40906554168312,51.52560015227192,54.129960870137495,3.371847758171441,2.977696449490737,0.394151308680704,475.19499927514886,457.9499999999997,440.7050007248504,10.898550372772316,491.19565111831696,425.80434888168304,650.7365258970657
2019-06-19,463.0,470.0,461.0,466.0,1.08,46789,21754684.0,34.71,13.42552579,466.797103396987,453.10978568956455,478.15085449293287,57.392688424398266,57.32007676339731,57.22902058050286,3.8667282432479055,2.8791586223205607,0.9875696209273448,475.00988424580703,457.2999999999996,439.5901157541922,10.88727819196924,498.1618345759077,432.83816542409227,650.7365258970657
2019-06-20,468.0,475.0,465.0,471.0,1.07,30484,14273775.0,34.71,13.56957649,467.1956550954805,452.58365449322025,478.27297363356536,68.7302673729887,64.00369299781129,60.55738261799585,3.933041469752823,2.6322662170887243,1.3007752526640983,474.0580416038424,456.7999999999996,439.5419583961569,10.9858646577436,502.9575939732308,437.0424060267692,650.7365258970657
2019-06-23,480.0,480.0,460.0,466.0,-1.06,26800,12482972.0,34.71,13.42552579,465.2934826432207,451.83196692151495,478.346068845963,62.06995513573435,59.63304253677454,58.22498781679592,3.4513824756589884,2.3070724039226995,1.1443100717362888,472.2324670590584,456.1999999999997,440.1675329409409,11.095405175270663,503.286215525812,436.713784474188,650.7365258970657
2019-06-24,468.0,469.0,465.0,467.0,0.21,29942,13953705.0,34.71,13.45433593,464.94022396483103,451.253679857087,478.4701499398922,64.51278771761648,61.0087482962072,58.893648872211976,3.295499432642373,2.0209948859886278,1.2745045466537457,471.5124548192056,455.9499999999997,440.38754518079367,10.10600575030074,497.31801725090224,436.68198274909776,650.7365258970657
2019-06-25,470.0,473.0,466.0,469.0,0.43,21895,10267871.0,34.71,13.51195621,463.91033594724655,450.6109729124783,478.58542782873536,69.36608542161632,63.7395679187124,60.22150010571614,2.946783265990064,1.7023687493251909,1.244414516664873,470.8347605217916,455.74999999999966,440.6652394782077,10.784450833667488,501.85335250100246,437.1466474989976,650.7365258970657
2019-06-26,470.0,475.0,466.0,467.0,-0.43,14360,6702531.0,34.71,13.45433593,461.36550392086986,449.8604003782937,478.6817637868131,67.17075716703935,62.167084679544224,59.34145687928315,2.2551959657757834,1.3912651201589723,0.8639308456168109,470.0203144402562,455.5499999999996,441.07968555974304,11.204945370741653,504.11483611222496,436.88516388777504,650.7365258970657
2019-06-27,475.0,475.0,462.0,463.0,-0.86,21927,10178397.0,34.71,13.33909536,458.5482558813048,449.1608248835302,478.7991684479872,62.37760923328165,58.85322459048036,57.53777657375802,1.5433125976364863,1.1752824087547695,0.3680301888817165,471.7354033734466,455.8999999999997,440.0645966265527,11.116605967490722,501.8498179024722,435.1501820975278,650.7365258970657
2019-06-30,459.0,463.0,456.0,456.0,-1.51,27859,12776566.0,34.71,13.13742437,456.3223838219572,448.5959605930621,478.95795406052974,51.32214691771431,52.024543309011925,54.11832637245089,1.019515097245801,1.0832748615343406,-0.0637597642885396,472.3837342154614,456.0999999999996,439.81626578453785,10.240673297211911,490.2220198916357,428.77798010836426,650.7365258970657
2019-07-01,455.0,458.0,449.0,456.0,0.0,38691,17541848.0,34.71,13.13742437,456.4835757329358,448.2937549029829,479.1886872671682,51.32214691771431,52.024543309011925,54.11832637245089,1.0488569771508196,1.0992148026064754,-0.0503578254556558,472.5824829710536,456.24999999999966,439.9175170289457,10.600748108013237,485.3022443240397,421.6977556759603,650.7365258970657
2019-07-02,461.0,461.0,453.0,455.0,-0.22,31497,14327689.0,34.71,13.10861423,456.7253635994037,447.9792142867781,479.4217394005066,49.65217905828056,51.0233387791193,53.62666474942197,1.0710517841982892,1.1118042589703894,-0.0407524747721002,473.0724090253165,456.5499999999996,440.0275909746827,10.778609008903596,489.3358270267108,424.6641729732892,650.7365258970657
2019-07-03,464.0,472.0,456.0,462.0,1.54,20331,9392274.0,34.71,13.31028522,457.5880453991055,447.6926516046058,479.6671840175972,63.127566576976754,59.03081855311312,57.78801332986936,1.1856196756050963,1.1219923776634144,0.0636272979416818,473.9553246049849,457.0499999999996,440.1446753950143,10.976232232115104,496.9286966963453,431.0713033036547,650.7365258970657
2019-07-04,466.0,469.0,460.0,462.0,0.0,16735,7745196.0,34.71,13.31028522,455.3820680986582,447.1086782007122,479.844743655965,63.127566576976754,59.03081855311311,57.78801332986935,0.6018773162646198,1.1060855531779938,-0.504208236913374,474.8002148983868,457.3499999999996,439.8997851016125,10.418035813461229,495.7541074403837,433.2458925596163,650.7365258970657
2019-07-07,471.0,476.0,455.0,458.0,-0.87,22121,10100088.0,34.71,13.19504466,452.0731021479873,446.50086914768,480.0240878133114,57.978460809230135,55.597389610764,55.989498410370445,-0.1519447833483127,1.2321376124063377,-1.3840823957546502,475.4482492138532,457.5999999999996,439.7517507861461,10.353373126068032,496.5601193782041,434.4398806217959,650.7365258970657
2019-07-08,454.0,455.0,450.0,452.0,-1.31,31564,14268044.0,34.71,13.02218381,449.109653221981,446.0315168679935,480.2454354295256,48.3640977169589,49.729368106054295,53.11279499209751,-0.7046130663692338,1.578158211345,-2.2827712777142337,476.36365610684777,458.0499999999996,439.73634389315146,8.837081251186703,479.0112437535601,425.9887562464399,650.7365258970657
2019-07-09,454.0,454.0,444.0,449.0,-0.66,42350,18958428.0,34.71,12.93575339,447.6644798329715,445.78790531158506,480.52930915243536,42.51902120896152,46.44325353506501,51.59407203184689,-0.7888607575505944,2.1488510307735584,-2.937711788324153,477.03139383679786,458.6999999999997,440.36860616320143,9.152312501318558,476.45693750395566,421.54306249604434,650.7365258970657
2019-07-10,447.0,449.0,443.0,445.0,-0.89,37178,16595634.0,34.71,12.82051282,446.99671974945727,445.6567994059355,480.8461866313543,33.61243244683806,41.72708692522005,49.50033225259343,-0.5794625632758539,2.8832789778545966,-3.4627415411304505,476.9407279221475,459.1499999999997,441.35927207785176,9.058125001465063,473.1743750043952,418.8256249956048,650.7365258970657
2019-07-11,450.0,450.0,443.0,445.0,0.0,39147,17417808.0,34.71,12.82051282,447.9950796241859,445.6836075449533,481.206449813579,33.61243244683806,41.72708692522005,49.500332252593445,0.1035069510642756,3.7489643631372096,-3.645457412072934,476.3841913972725,459.5499999999996,442.7158086027268,9.397916668294515,474.6937500048836,418.3062499951165,650.7365258970657
2019-07-14,449.0,450.0,441.0,443.0,-0.45,15141,6710292.0,34.71,12.76289254,449.49261943627886,445.7115098937268,481.5703337313034,29.283583302980546,39.42749307261158,48.4733365032671,0.9737188482611714,4.660328716155443,-3.686609867894272,475.97189877911273,459.74999999999966,443.5281012208866,9.664351853660577,474.4930555609817,416.5069444390183,650.7365258970657
2019-07-15,444.0,447.0,441.0,446.0,0.68,46364,20625784.0,34.71,12.84932296,452.7389291544183,445.82218376694016,481.9579752763416,32.07194937207355,41.72069623999541,49.93569452579505,2.2738988501632207,5.581981183129011,-3.3080823329657907,475.2088258120446,460.0499999999996,444.8911741879546,9.738168726289528,473.2145061788686,414.7854938211314,650.7365258970657
2019-07-16,450.0,450.0,444.0,448.0,0.45,14110,6293451.0,34.71,12.90694324,456.1083937316274,445.8149259615091,482.3193619625361,33.989873102169646,43.27897217833505,50.91882035373621,3.594871887497618,6.409001766370459,-2.8141298788728406,474.7534478659295,460.24999999999966,445.7465521340699,10.042409695877254,477.12722908763175,416.87277091236825,650.7365258970657
2019-07-17,450.0,457.0,450.0,456.0,1.79,26501,12059896.0,34.56,13.19444444,460.1625905974411,445.7257392660605,482.6642801732148,43.16857208398091,50.25013745431715,55.08318010983962,5.024988427695348,7.112534236088669,-2.0875458083933207,474.64015341619074,460.2999999999996,445.9598465838085,9.824899662085835,482.9746989862575,424.0253010137425,650.7365258970657
2019-07-18,456.0,464.0,456.0,459.0,0.66,28359,13051884.0,34.56,13.28125,462.2438858961617,445.30638168508335,482.9322628885235,47.43872402607799,53.23607743240203,56.75415557909829,5.962700980053967,7.634420688186999,-1.6717197081330326,475.77792609109247,459.6499999999997,443.5220739089068,9.916555180095376,489.7496655402861,430.2503344597139,650.7365258970657
2019-07-21,458.0,462.0,455.0,461.0,0.44,14798,6788095.0,34.56,13.33912037,463.86582884424257,444.74745848855616,483.17278814368456,50.39264604929039,55.26913922067797,57.87783735628834,6.767378441718222,8.052350615220258,-1.2849721735020356,476.4145653671384,458.8999999999997,441.3854346328609,10.12950575566153,488.8885172669846,428.1114827330154,650.7365258970657
2019-07-22,468.0,468.0,458.0,463.0,0.43,16651,7695195.0,34.56,13.39699074,465.29874326636383,444.08408944727273,483.3956302355809,53.34527924419723,57.30113630594169,58.99924459653096,7.492368533635613,8.373593658595766,-0.881225124960153,476.21460075330737,458.3999999999997,440.5853992466919,10.366117506290587,494.09835251887176,431.9016474811282,650.7365258970657
2019-07-23,463.0,469.0,462.0,465.0,0.43,12440,5788859.0,34.56,13.45486111,466.4481148995457,443.3120114655288,483.60061144397866,56.276274757993626,59.32650677634362,60.11745330052777,8.105103254102687,8.593899939835804,-0.4887966857331172,475.9573431095634,458.24999999999966,440.5426568904359,10.406797229211763,496.7203916876353,434.2796083123647,650.7365258970657
2019-07-24,467.0,479.0,465.0,474.0,1.94,32270,15241879.0,34.56,13.71527778,467.17217234931854,442.4267874437136,483.7875522625111,72.1283043667584,69.60722316863989,65.47862498283223,8.565646795439193,8.716099111269083,-0.1504523158298898,475.2144527384079,457.6499999999997,440.0855472615914,10.229774699124182,502.68932409737255,441.31067590262745,650.7365258970657
2019-07-25,470.0,476.0,465.0,467.0,-1.48,33130,15607949.0,34.56,13.51273148,463.7582585239778,441.1380848903958,483.8859196219333,65.387812493452,65.25927536819634,63.01599086729565,8.11251296208411,8.753712190226555,-0.6411992281424439,472.5782767429448,456.6499999999997,440.7217232570545,9.810860776804644,499.93258233041394,441.06741766958606,650.7365258970657
2019-07-28,465.0,465.0,457.0,459.0,-1.71,47251,21704056.0,34.56,13.28125,462.1373877859667,440.0824965185752,484.05562735682713,54.1147909185374,59.04098989488834,59.87560132258043,8.128876498971522,8.914011997262165,-0.7851354982906429,471.23154621171983,455.99999999999966,440.7684537882795,9.01206752978294,488.0362025893488,433.9637974106512,650.7365258970657
2019-07-29,462.0,464.0,460.0,462.0,0.65,15259,7047645.0,34.56,13.36805556,463.7060816789501,439.3103535193334,484.307442707147,60.70526054967353,62.965457329433214,61.7636132371574,8.84606957334097,9.110295871834824,-0.2642262984938561,470.9995980655384,455.4499999999997,439.90040193446094,9.1245194775366,489.3735584326098,434.6264415673902,650.7365258970657
2019-07-30,467.0,467.0,463.0,465.0,0.65,7866,3655774.0,34.56,13.45486111,464.5591225184252,438.3842454997143,484.5316381112389,68.07468357994978,67.1074888935501,63.69161916716064,9.327344085378456,9.17635244645829,0.1509916389201659,470.3601404846747,454.6999999999997,439.0398595153246,9.582799419485111,493.7483982584553,436.2516017415447,650.7365258970657
2019-07-31,474.0,474.0,465.0,468.0,0.65,12296,5733516.0,34.56,13.54166667,464.33868377763775,437.29788817317205,484.7279359817037,76.30906053154904,71.47335622850851,65.65924627244793,9.500500366773563,9.138604536728248,0.3618958300453165,469.0525407719463,453.7999999999996,438.5474592280529,10.091999354983455,499.7759980649504,439.2240019350496,650.7365258970657
2019-08-01,473.0,473.0,465.0,467.0,-0.21,20007,9321543.0,34.56,13.51273148,462.5080256664567,436.0447407516689,484.8960559413188,75.42840790912352,70.88711156207509,65.31637191568565,9.27786710605568,9.048130579216918,0.2297365268387619,467.44006295546296,452.3499999999996,437.2599370445363,10.213332616648286,499.6399978499449,438.3600021500552,650.7365258970657
2019-08-04,474.0,474.0,465.0,467.0,0.0,12134,5651245.0,34.56,13.51273148,460.262038499685,434.7812607823493,485.0759158000255,75.42840790912352,70.88711156207509,65.31637191568565,8.96057349537864,8.990696447507228,-0.0301229521285879,465.5304663848534,450.9499999999997,436.3695336151459,10.45925846294254,500.8777753888276,438.1222246111724,650.7365258970657
2019-08-05,469.0,469.0,463.0,465.0,-0.43,34781,16171329.0,34.56,13.45486111,456.8930577495275,433.46621020203696,485.2575832955032,73.89495011285592,69.81745410206067,64.66610881310336,8.425255854181614,8.998227185539374,-0.5729713313577598,462.9326666499948,449.5999999999996,436.2673333500045,10.621398292158378,497.8641948764752,434.1358051235249,650.7365258970657
2019-08-06,464.0,464.0,451.0,458.0,-1.51,43065,19609808.0,34.56,13.25231481,452.83958662429126,432.1791167408956,485.461177097468,67.60527253241399,65.72461008814774,62.29061841746714,7.823083070629366,9.141470018378817,-1.318386947749449,460.7559509756222,448.1499999999997,435.54404902437705,10.57933143573153,489.2379943071946,425.7620056928054,650.7365258970657
2019-08-07,451.0,460.0,451.0,453.0,-1.09,17917,8164509.0,34.56,13.10763889,450.25937993643686,431.1252031384832,485.7371688270908,61.75465225835841,62.33718772811775,60.46818459130719,7.65342860041352,9.471066755316176,-1.8176381549026568,459.4830386573127,447.6999999999997,435.9169613426866,10.310368261923925,486.43110478577177,424.5688952142282,650.7365258970657
2019-08-08,455.0,455.0,449.0,449.0,-0.88,15933,7173173.0,34.56,12.99189815,448.8890699046553,430.2323542869927,486.0661855992224,56.119039094828,59.35303999307353,58.94435480285177,7.83465611515021,9.92547629404184,-2.090820178891631,459.2344316577932,447.5999999999996,435.9655683422061,10.233742513248805,482.7012275397464,421.2987724602536,650.7365258970657
2019-08-11,447.0,452.0,447.0,449.0,0.0,11993,5385645.0,34.56,12.99189815,448.83360485698296,429.4663279313597,486.4387100776065,56.119039094828,59.35303999307353,58.94435480285177,8.359282417739223,10.44818133876475,-2.0888989210255264,459.2344316577932,447.5999999999996,435.9655683422061,10.704158348054229,481.6124750441627,417.3875249558373,650.7365258970657
2019-08-12,449.0,450.0,448.0,450.0,0.22,12265,5506248.0,34.56,13.02083333,448.7504072854744,428.6690351938642,486.8149785205976,57.80146669072015,60.38438232614144,59.472542989908575,8.907306790603855,10.97040606902113,-2.063099278417276,459.16851969916416,447.5499999999996,435.9314803008351,11.337953720060252,483.0138611601808,414.98613883981926,650.7365258970657
2019-08-13,450.0,453.0,448.0,449.0,-0.22,5472,2454136.0,34.56,12.99189815,448.1256109282117,427.798383569124,487.18497830472415,56.64614929573624,59.734692276099175,59.12088606630033,9.375406164105982,11.48618088862545,-2.110774724519468,459.0167627277383,447.4499999999997,435.883237272261,12.37550413340028,487.62651240020085,413.3734875997992,650.7365258970657
2019-08-14,447.0,450.0,443.0,443.0,-1.34,18041,8024068.0,34.56,12.81828704,447.68841639231744,426.93301146990456,487.5687469309023,49.2333710220744,55.68566617958199,56.97028023100733,9.938319820261713,12.013874569755316,-2.0755547494936053,458.9481600265957,447.3999999999997,435.8518399734036,12.639449037111422,484.41834711133424,408.58165288866576,650.7365258970657
2019-08-15,449.0,450.0,443.0,444.0,0.23,46360,20594602.0,34.56,12.84722222,450.03262458847615,426.2772160196966,488.0166740357355,50.51290524764919,56.56598291388904,57.45389415761473,11.12315405309664,12.532763257128718,-1.4096092040320762,458.9736537664842,447.5999999999996,436.226346233515,13.26605448567936,486.2981634570381,406.7018365429619,650.7365258970657
2019-08-18,450.0,458.0,449.0,451.0,1.58,54223,24534456.0,34.56,13.04976852,453.0489368827143,425.553837081725,488.4590526692605,60.257103284222936,63.044175654289056,60.92964268413085,12.37182386950633,12.885165558136736,-0.5133416886304065,459.0534439173032,447.7999999999996,436.546556082696,13.851171650754845,495.05351495226455,411.94648504773545,650.7365258970657
2019-08-19,453.0,464.0,451.0,460.0,2.0,37488,17190380.0,34.56,13.31018519,454.07340532407136,424.5152181871016,488.8355255604088,77.29857956957498,73.02935255884788,65.84637360991805,13.07289954253099,13.013500980294337,0.0593985622366535,471.88948135346686,444.7999999999996,417.7105186465324,14.167968500838716,500.00390550251615,414.9960944974839,650.7365258970657
2019-08-20,460.0,461.0,453.0,453.0,-1.52,29190,13297171.0,34.56,13.10763889,451.11010798610704,423.06685974575873,489.1253298373979,71.78107916501155,69.54574141347011,63.65659511503565,12.861212135482049,12.998651339735174,-0.1374392042531251,479.05493432225177,440.7999999999996,402.54506567774746,14.29774277870968,499.893228336129,414.106771663871,650.7365258970657
2019-08-21,454.0,457.0,451.0,454.0,0.22,38058,17263616.0,34.56,13.13657407,450.1651619791605,421.84509891905503,489.4883984789798,74.06701275072565,70.75810183471084,64.22129226560283,13.116677123059844,13.033011140798456,0.0836659822613885,481.8734154646633,437.49999999999966,393.126584535336,14.99749197634409,498.99247592903225,409.00752407096775,650.7365258970657
2019-08-22,462.0,462.0,452.0,454.0,0.0,42153,19140812.0,34.56,13.13657407,448.2477429687408,420.53265397697567,489.8450658003766,74.06701275072565,70.75810183471083,64.22129226560283,13.150137130869098,13.012094645233107,0.1380424856359887,481.88909589335054,434.5499999999996,387.2109041066487,15.99721330704899,504.991639921147,409.008360078853,650.7365258970657
2019-08-25,451.0,453.0,448.0,448.0,-1.32,32538,14637539.0,34.56,12.96296296,445.3716144531112,419.1666398535869,490.2053177179683,69.45563210237296,67.85944748887019,62.37570636949656,13.001569546205817,12.977584023824113,0.023985522381702,481.5626478090896,431.3499999999996,381.13735219090967,16.2191258967211,499.1573776901633,401.8426223098367,650.7365258970657
2019-08-26,450.0,450.0,446.0,447.0,-0.22,31024,13882397.0,34.56,12.93402778,444.0574216796668,417.98976801087616,490.629491765385,68.62921354685697,67.35869578072433,62.06259617917276,13.23373863565439,12.971587643228688,0.2621509924257026,481.8695080877607,428.0999999999996,374.3304919122386,17.35458432969011,500.0637529890704,395.93624701092966,650.7365258970657
2019-08-27,451.0,451.0,447.0,447.0,0.0,52701,23628000.0,34.56,12.93402778,442.58613251950015,416.80567690927927,491.0679791198111,68.62921354685697,67.35869578072433,62.06259617917276,13.439398256941049,12.906049895122262,0.5333483618187849,481.7582158851784,424.6999999999997,367.6417841148209,18.83842703298901,505.515281098967,392.484718901033,650.7365258970657
2019-08-28,471.0,471.0,438.0,439.0,-1.79,72685,32094418.0,34.56,12.7025463,440.3791987792503,415.5732555586376,491.5108733823217,62.15724126160526,63.42831434675568,59.5827298171305,13.506412562555056,12.772712804667568,0.7336997578874893,480.69393908472256,421.2999999999996,361.9060609152767,19.59825225887668,513.29475677663,395.70524322337,650.7365258970657
2019-08-29,447.0,450.0,437.0,439.0,0.0,29723,13080726.0,34.56,12.7025463,441.0687981688754,414.61706190796974,492.0386208535008,62.15724126160526,63.42831434675568,59.582729817130506,14.210035729901506,12.589287865195695,1.620747864705811,480.08310907745295,418.1499999999997,356.2168909225463,18.109169176529647,497.82750752958896,389.17249247041104,650.7365258970657
2019-09-01,462.0,462.0,439.0,440.0,0.23,15482,6818360.0,34.56,12.73148148,442.10319725331306,413.6218399450297,492.5716723193652,63.45009223964485,64.26231075582344,60.03481085997071,14.901423325607029,12.184100899019242,2.717322426587785,478.8263649560592,414.9499999999997,351.0736350439401,18.6768546405885,506.5305639217655,394.4694360782345,650.7365258970657
2019-09-02,436.0,471.0,435.0,436.0,-0.91,11942,5226853.0,34.56,12.61574074,443.1547958799696,412.5451803509493,493.1000308351377,60.53119951467539,62.42734393528024,58.83544822523118,15.465319153935011,11.504770292372296,3.960548861562717,476.7510568707352,411.6999999999997,346.6489431292641,17.86317182287611,506.5895154686284,399.4104845313717,650.7365258970657
2019-09-03,439.0,449.0,426.0,449.0,2.98,50696,21972766.0,34.56,12.99189815,446.7321938199544,411.587840773437,493.67390049177226,78.68429789413663,73.87441815484928,64.91340529698311,16.367377914398276,10.514633076981616,5.85274483741666,474.4280427865996,408.7999999999996,343.1719572133996,15.847968692084567,485.0439060762537,389.9560939237463,650.7365258970657
2019-09-04,441.0,453.0,440.0,451.0,0.45,22602,10134271.0,34.56,13.04976852,445.5982907299316,410.0608138662303,494.1228844163127,82.04926074899052,75.86162813819888,65.91915066579683,15.957025598998314,9.051446867627453,6.905578731370863,469.3041371206582,405.5499999999996,341.79586287934103,14.83107632453841,490.99322897361526,402.0067710263848,650.7365258970657
2019-09-05,454.0,454.0,447.0,449.0,-0.44,29014,13037949.0,34.56,12.99189815,442.8974360948974,408.3898266770969,494.5562802395922,81.33992293680988,75.24324341775328,65.40458184640228,14.99752827135694,7.325052184784736,7.672476086572205,463.0230219571477,402.1999999999997,341.37697804285165,15.034529249487122,495.6035877484613,405.39641225153866,650.7365258970657
2019-09-08,450.0,453.0,448.0,448.0,-0.22,35963,16188090.0,34.56,12.96296296,439.84615414234605,406.7322685822845,495.0141323023017,81.00634540536986,74.94523645859937,65.15202927916394,13.75835127103852,5.4069331631416855,8.351418107896835,456.2985113641293,399.1999999999997,342.10148863587,15.927254721652355,498.28176416495705,402.71823583504295,650.7365258970657
2019-09-09,450.0,450.0,443.0,448.0,0.0,15778,7032253.0,34.56,12.96296296,435.7692312135191,405.04787138156144,495.4866361445359,81.00634540536986,74.94523645859937,65.15202927916394,12.078407517598862,3.3190786361674767,8.759328881431385,448.8192145099744,396.0499999999996,343.2807854900248,17.141394135169286,497.9241824055079,395.07581759449215,650.7365258970657
2019-09-10,450.0,450.0,443.0,448.0,0.0,27649,12302406.0,34.56,12.96296296,429.6538468202786,403.2947232746864,495.9638887691041,81.00634540536986,74.94523645859935,65.15202927916394,9.75850247204346,1.1292464158096305,8.62925605623383,440.09986855922654,392.5499999999996,345.0001314407727,18.26821570574365,501.30464711723096,391.695352882769,650.7365258970657
2019-09-11,450.0,454.0,444.0,447.0,-0.22,22108,9864653.0,34.56,12.93402778,420.48077023041793,401.4700181022246,496.4459379024619,80.76484296346406,74.7014133473976,64.92549262472679,6.655518177941303,-1.0280675982488274,7.683585776190131,429.6213873455358,389.3999999999997,349.17861265446345,19.5202396730485,507.5607190191455,390.4392809808545,650.7365258970657
2019-09-12,446.0,450.0,445.0,448.0,0.22,79341,35476568.0,34.56,12.96296296,407.2211553456269,399.61165149415217,496.9428820019841,81.6880927679855,75.38260769193383,65.33321661233566,2.6999925054262803,-2.9489640422963603,5.648956547722641,416.67012532954914,386.3499999999996,356.0298746704501,20.578044081165004,509.234132243495,385.765867756505,650.7365258970657
2019-09-15,441.0,441.0,390.0,391.0,-3.99,22199,8729640.0,34.56,11.31365741,386.8317330184404,397.6366168612604,497.4347702633106,56.48439949083331,52.41635959161669,47.18369940561916,-2.4897874257536614,-4.3612031792270205,1.871415753473359,394.2386304878965,383.24999999999966,372.2613695121029,16.308937867961117,464.4268136038834,366.5731863961166,650.7365258970657
2019-09-16,390.0,391.0,377.0,380.0,-2.81,31341,11995455.0,34.56,10.99537037,384.74759952766055,397.90749918212816,498.50446644686144,43.03495454675897,42.864519702877466,41.51063811136038,-3.273982357175953,-4.829057117595361,1.5550747604194075,393.2038454428944,382.7999999999996,372.39615455710486,11.343264297734576,418.0297928932037,349.9702071067963,650.7365258970657
2019-09-17,377.0,390.0,376.0,387.0,1.84,18010,6937509.0,34.56,11.19791667,387.1213992914908,398.6384175160926,499.695466109644,52.152739346155904,48.63329669828783,44.42579040706036,-3.107278689905172,-5.217825807700213,2.110547117795041,393.3344085461905,382.99999999999966,372.6655914538089,11.048071441927307,416.144214325782,349.85578567421805,650.7365258970657
2019-09-18,394.0,398.0,387.0,395.0,2.07,23035,8998569.0,34.56,11.42939815,387.1820989372363,399.113454965729,500.82808385948965,66.45627522269484,56.73647515556745,48.134487566818855,-3.5620346827354865,-5.745462587148973,2.1834279044134863,393.98146557753785,383.1999999999997,372.4185344224615,10.164523824363677,422.99357147309104,362.00642852690896,650.7365258970657
2019-09-19,400.0,400.0,390.0,390.0,-1.27,5187,2035914.0,34.56,11.28472222,383.2731484058544,399.2813510867792,501.8916826922484,60.426547189055725,52.10514324760383,45.39964106080265,-4.905202736380943,-6.291319563252344,1.386116826871401,394.8439114316941,383.3499999999996,371.8560885683052,10.071693138181862,425.2150794145456,364.7849205854544,650.7365258970657
2019-09-22,393.0,393.0,378.0,383.0,-1.79,7772,2976373.0,34.56,11.08217593,379.9097226087816,399.6601817433824,503.0162222167936,49.02312647468471,44.36238160840154,41.23505453631064,-6.039134285050125,-6.637848769970194,0.5987144849200696,400.8851448279853,384.3999999999997,367.914855172014,9.301881264646514,413.40564379393953,357.59435620606047,650.7365258970657
2019-09-23,390.0,390.0,378.0,379.0,-1.04,13501,5133782.0,34.56,10.96643519,378.36458391317234,400.34018916147966,504.2224154049021,40.28250733933681,39.14200389330729,38.668853602307294,-6.68587405393265,-6.787527391200212,0.1016533372675612,405.0538655942481,385.6499999999997,366.2461344057512,8.66875696071835,410.00627088215504,357.99372911784496,650.7365258970657
2019-09-24,379.0,381.0,376.0,379.0,0.0,13035,4929740.0,34.56,10.96643519,378.0468758697585,401.2112172905197,505.4809321426397,40.28250733933681,39.14200389330729,38.668853602307294,-7.00682737270364,-6.812940725517102,-0.1938866471865381,407.8255838241606,386.9499999999997,366.0744161758387,8.29861884524261,403.39585653572783,353.60414346427217,650.7365258970657
2019-09-25,379.0,381.0,375.0,376.0,-0.79,15432,5804209.0,34.56,10.87962963,377.57031380463775,402.1177975880919,506.752097289802,33.5285143679418,35.210777445610184,36.76002134550157,-7.314563028695659,-6.764469063720467,-0.5500939649751917,409.2790977252224,387.99999999999966,366.7209022747769,8.665132050269566,403.9953961508087,352.0046038491913,650.7365258970657
2019-09-26,377.0,377.0,375.0,375.0,-0.27,14312,5372280.0,34.56,10.85069444,378.3554707069566,403.1838301427079,508.06618871985023,31.22376524464212,33.8889383084307,36.12384809199943,-7.295497440108079,-6.62694557247667,-0.6685518676314093,409.92558382416337,389.0499999999996,368.1744161758359,8.96125783363285,402.88377350089854,349.11622649910146,650.7365258970657
2019-09-29,374.0,377.0,372.0,375.0,0.0,22722,8515888.0,34.56,10.85069444,380.0332060604349,404.334190556696,509.4035373502005,31.22376524464212,33.8889383084307,36.12384809199944,-7.063228307909299,-6.459807605568818,-0.6034207023404807,410.6479728720006,390.2999999999996,369.9520271279986,9.734730926258722,403.7041927787762,345.2958072212238,650.7365258970657
2019-09-30,376.0,378.0,375.0,378.0,0.8,9075,3413451.0,34.56,10.9375,382.5498090906524,405.5315044569693,510.75432667030304,34.019755622709894,35.77707098526498,37.15730315701916,-6.66403056742422,-6.308952429983698,-0.3550781374405218,410.9061845811973,391.49999999999966,372.0938154188021,10.149701029176358,406.94910308752907,346.05089691247093,650.7365258970657
2019-10-01,378.0,384.0,375.0,384.0,1.59,5241,1997222.0,34.56,11.11111111,384.8247136359786,406.6552393327639,512.088541008698,40.46090666129284,39.90621887291669,39.31692843149504,-6.36303227949702,-6.220182895623568,-0.1428493838734521,411.30187156408806,392.5999999999996,373.8981284359112,10.27744558797373,410.3323367639212,348.6676632360788,650.7365258970657
2019-10-02,389.0,390.0,382.0,384.0,0.0,7310,2804527.0,34.56,11.11111111,385.2370704539679,407.5799429789992,513.375863028886,40.46090666129283,39.90621887291669,39.31692843149504,-6.497204904295472,-6.184470549655205,-0.3127343546402672,412.49338508578376,393.5999999999996,374.7066149142155,10.419383986637476,417.2581519599124,354.7418480400876,650.7365258970657
2019-10-03,401.0,401.0,383.0,389.0,1.3,8409,3230985.0,34.56,11.25578704,385.8556056809518,408.54238963120326,514.6761229588245,46.223361397331885,43.5148503814004,41.1539177054929,-6.5739531649757055,-6.1062869609951385,-0.467666203980567,412.7510162321672,394.2999999999996,375.848983767832,10.688204429597198,424.0646132887916,359.9353867112084,650.7365258970657
2019-10-10,389.0,389.0,383.0,385.0,-1.03,3175,1221015.0,34.56,11.1400463,384.2834085214277,409.3400381875789,515.939199571476,40.16330013776787,39.44722136205235,38.96375663851093,-7.085381626207948,-5.989370409999997,-1.096011216207951,413.1913022921093,394.7999999999996,376.4086977078899,9.875782699552442,415.6273480986573,356.3726519013427,650.7365258970657
2019-10-14,385.0,385.0,378.0,378.0,-1.82,10343,3945902.0,34.56,10.9375,383.9251127821415,410.3335091340107,517.2551714264657,27.444745572920613,31.422246658671764,34.89279676625478,-7.22781749307228,-5.715367605948009,-1.512449887124271,414.2812235079389,395.8499999999996,377.4187764920604,9.75086966616938,410.75260899850815,352.24739100149185,650.7365258970657
2019-10-15,380.0,385.0,378.0,385.0,1.85,11302,4296377.0,34.56,11.1400463,386.8876691732122,411.653244200705,518.6547208880382,33.838005444956146,35.83178768966301,37.2798048447658,-6.591758290516225,-5.337255134166941,-1.2545031563492834,416.7737945454823,397.8499999999996,378.926205454517,10.056521851299312,411.66956555389794,351.33043444610206,650.7365258970657
2019-10-16,390.0,390.0,383.0,386.0,0.26,15604,5995326.0,34.56,11.16898148,387.8315037598183,412.74113171910113,519.9979844145512,34.86947887003979,36.51146486964655,37.6328731045523,-6.396762605937113,-5.023629345079621,-1.3731332608574922,419.1525379075789,399.4499999999997,379.7474620924205,10.285024279221457,417.3550728376644,355.64492716233565,650.7365258970657
2019-10-17,387.0,387.0,384.0,386.0,0.0,10188,3924122.0,34.56,11.16898148,388.7472556397275,413.8326064831461,521.3446978257527,34.8694788700398,36.51146486964656,37.632873104552296,-6.156651566988046,-4.680346029865247,-1.4763055371227989,419.9987046197298,400.6999999999997,381.4012953802695,10.65002697691273,417.4500809307382,353.5499190692618,650.7365258970657
2019-10-20,393.0,400.0,382.0,382.0,-1.04,12661,4850201.0,40.78,9.36733693,390.1208834595912,414.9686312375602,522.704946045107,27.925827656925723,32.06715161928907,35.37667729449186,-5.760631272664057,-4.311269645584548,-1.4493616270795089,420.3596858044703,401.8999999999997,383.44031419552897,11.277807752125256,424.8334232563758,357.1665767436242,650.7365258970657
2019-10-21,382.0,389.0,382.0,384.0,0.52,6069,2330121.0,40.78,9.416380579,394.1813251893868,416.3142896554198,524.1190661058619,29.31484755277393,33.14437176740417,36.00183109860024,-4.764101642124558,-3.9489292388146704,-0.8151724033098877,419.0499221181755,402.99999999999966,386.9500778818238,10.530897502361396,417.09269250708417,353.90730749291583,650.7365258970657
2019-10-22,384.0,391.0,384.0,391.0,1.82,24454,9463846.0,40.78,9.58803335,399.2719877840801,417.6332402536002,525.5272979260213,34.681680363852834,37.20642264459489,38.27440249004594,-3.6265077988959433,-3.745136137987199,0.1186283390912552,417.388230201162,403.7999999999996,390.2117697988372,10.700997224845995,419.602991674538,355.397008325462,650.7365258970657
2019-10-23,392.0,401.0,390.0,398.0,1.79,37258,14693240.0,40.78,9.759686121,403.4079816761202,418.7203112843594,526.8793310710065,41.42252787159151,41.98433479397751,40.74340480437634,-2.8345024528274507,-3.774793222760013,0.9402907699325618,416.7556109598663,404.49999999999966,392.244389040133,10.334441360939994,426.50332408282,364.49667591718,650.7365258970657
2019-10-24,400.0,414.0,400.0,411.0,3.27,84273,34542544.0,40.78,10.07846984,406.1119725141803,419.5660382755577,528.1746007300115,60.99206135019861,53.92650117541058,46.03818335760487,-2.495113775440757,-4.009865915243153,1.514752139802396,416.7978989741711,404.8999999999997,393.00210102582815,9.149379289933329,434.4481378698,379.5518621302,650.7365258970657
2019-10-31,416.0,418.0,408.0,408.0,-0.73,29033,11957266.0,40.78,10.00490436,403.6679587712704,419.9156724908866,529.3522349082026,56.80613780204655,50.93594108512352,44.4385775456036,-3.349274208660802,-4.388553950193752,1.0392797415329502,416.40975986028855,404.74999999999966,393.0902401397108,8.610421433259253,438.8312642997778,387.1687357002222,650.7365258970657
2019-11-03,408.0,408.0,402.0,405.0,-0.74,10405,4204941.0,40.78,9.931338892,401.5019381569057,420.4020264701065,530.5718553595414,52.251596740614815,47.78907668385487,42.81112166772533,-4.085322264026615,-4.64837388557699,0.5630516215503745,416.23058720443953,404.6499999999997,393.0694127955597,8.12269048139917,429.3680714441976,380.63192855580246,650.7365258970657
2019-11-04,405.0,405.0,397.0,400.0,-1.23,10935,4371389.0,40.78,9.808729769,399.7529072353585,421.0306806117435,531.8338840566222,43.41174183405097,42.03545865790985,39.99913429200519,-4.659909821762199,-4.789136790964584,0.129226969202385,416.29482643249577,404.6999999999997,393.1051735675035,8.136322757110188,425.40896827133054,376.5910317286695,650.7365258970657
2019-11-05,400.0,401.0,397.0,397.0,-0.75,13299,5303364.0,40.78,9.735164296,399.6293608530378,421.88907573875343,533.1588477154827,37.21218918295058,38.24382277425988,38.25025663927957,-4.816421070773686,-4.82144353326518,0.0050224624914942,416.2999999999827,404.8999999999997,393.5000000000166,8.15146973012243,423.4544091903673,374.5455908096327,650.7365258970657
2019-11-06,400.0,404.0,396.0,400.0,0.76,20215,8069098.0,40.78,9.808729769,400.94404127955664,422.9049563811515,534.527278345789,41.2269810705066,40.71700043019678,39.351372528163125,-4.640674758482476,-4.822699148888054,0.1820243904055782,416.1092552934901,405.2999999999996,394.4907447065092,8.612744144580478,425.83823243374144,374.16176756625856,650.7365258970657
2019-11-07,397.0,403.0,397.0,399.0,-0.25,10888,4332033.0,40.78,9.784207945,401.4160619193349,423.839852559974,535.8793112939879,39.286131174990885,39.50612495251276,38.78748973248184,-4.654312377943825,-4.868205246489448,0.2138928685456234,416.0419780966346,405.4499999999997,394.8580219033647,8.680826827311641,426.0424804819349,373.95751951806506,650.7365258970657
2019-11-10,406.0,406.0,397.0,400.0,0.25,27061,10792086.0,40.78,9.808729769,402.6240928790024,424.8537240930342,537.2549827642792,40.47419464552992,40.26989949131927,39.13681060076401,-4.502201668558882,-4.921678463625854,0.4194767950669718,416.0338106816516,405.8499999999996,395.6661893183476,8.978696474790713,428.43608942437214,374.5639105756279,650.7365258970657
2019-11-11,398.0,406.0,398.0,404.0,1.0,21981,8849692.0,40.78,9.906817067,403.9361393185037,425.8681618111172,538.6344298272368,45.35048786659271,43.38533686447904,40.53876736701704,-4.344384702492164,-5.0265476623925975,0.6821629599004337,415.9366661018687,406.0999999999996,396.26333389813055,8.976329416434124,428.9289882493024,375.0710117506976,650.7365258970657
2019-11-12,404.0,404.0,398.0,398.0,-1.49,12817,5125024.0,40.78,9.759686121,403.90420897775545,426.760739844224,539.9875396747467,34.89154693397147,36.54794011969943,37.30471880341428,-4.487034542858055,-5.197088402367706,0.7100538595096513,416.3277389167776,406.3999999999997,396.4722610832217,9.084810462704583,428.25443138811374,373.7455686118863,650.7365258970657
2019-11-13,398.0,400.0,398.0,399.0,0.25,8746,3490485.0,40.78,9.784207945,406.85631346663314,427.9346475929679,541.4145501237391,35.90969119744784,37.24405820383818,37.632204451083744,-3.992932563938041,-5.374601867245119,1.3816693033070775,416.2520268049559,406.99999999999966,397.7479731950434,9.42756718078287,427.2827015423486,370.7172984576514,650.7365258970657
2019-11-14,399.0,406.0,399.0,406.0,1.75,22377,9023197.0,40.78,9.955860716,410.7844701999497,429.1156536171706,542.8458521350329,43.87610090807742,42.50651948847684,39.99140254923587,-3.4060179280955367,-5.720019193071888,2.3140012649763517,416.71381615159646,407.74999999999966,398.78618384840286,9.586185756425412,431.25855726927625,373.74144273072375,650.7365258970657
2019-11-17,414.0,420.0,410.0,418.0,2.96,94663,39362152.0,40.78,10.25012261,413.17670529992455,430.0591496831776,544.2211873323699,66.2831597553877,54.84154752863718,44.59202251240633,-3.320086623029738,-6.298519509315976,2.978432886286238,417.47255329830176,408.1499999999997,398.8274467016975,8.540206396028236,440.62061918808473,389.37938081191527,650.7365258970657
2019-11-18,420.0,424.0,415.0,417.0,-0.24,33570,14013032.0,40.78,10.22560078,410.76505794988685,430.55135987432766,545.4897419789264,64.95754419302969,53.804207618952205,44.0773542102948,-4.383933042774345,-7.043127730887536,2.6591946881131907,418.32197585307927,408.2999999999996,398.27802414692,8.378007106698039,444.6340213200941,394.3659786799059,650.7365258970657
2019-11-19,419.0,419.0,410.0,411.0,-1.44,21424,8849797.0,40.78,10.07846984,407.6475869248303,431.10447660389207,546.7810961696694,55.66008421384774,47.02427259418875,40.91619735555025,-5.576203446989894,-7.707926402915834,2.13172295592594,418.5534307955582,408.3499999999996,398.14656920444105,7.8644523407756,438.0933570223268,390.9066429776732,650.7365258970657
2019-11-20,411.0,417.0,407.0,410.0,-0.24,20611,8495698.0,40.78,10.05394801,405.9713803872454,431.9250674856836,548.1457303020278,53.84592211686211,45.79303383428679,40.37694438337271,-6.405956530959713,-8.240857141897319,1.8349006109376056,418.9403065088935,408.49999999999966,398.05969349110586,7.738280378639556,435.2148411359187,388.7851588640813,650.7365258970657
2019-11-21,410.0,413.0,400.0,404.0,-1.46,31833,12841487.0,40.78,9.906817067,403.9570705808681,432.81996819938496,549.5341296015457,40.963385041768205,37.72973765424048,37.068573674263824,-7.270027463139911,-8.69958229463172,1.4295548314918085,419.72886087384313,408.7999999999996,397.8711391261561,7.153644865155061,427.9609345954652,385.0390654045348,650.7365258970657
2019-11-24,402.0,406.0,396.0,400.0,-0.99,21650,8624685.0,40.78,9.808729769,403.9356058713021,433.9962934320129,550.9967841704055,29.263192901977465,31.414112731427945,34.75144135836714,-7.656241235295226,-9.056971002504673,1.4007297672094443,420.0920477770433,409.24999999999966,398.407952222956,6.504049850172291,420.5121495505169,381.4878504494831,650.7365258970657
2019-11-25,400.0,408.0,398.0,405.0,1.25,10402,4186013.0,40.78,9.931338892,405.9034088069532,435.38389724556447,552.5143397902085,37.5268221810135,35.60572165829094,36.357875800556975,-7.63055421378732,-9.407153444307031,1.776599230519711,420.23718711364063,409.99999999999966,399.7628128863587,6.115610944635879,421.3468328339076,384.6531671660924,650.7365258970657
2019-11-26,404.0,406.0,403.0,406.0,0.25,24891,10073543.0,40.78,9.955860716,406.3551132104298,436.624056316812,553.9968959690045,39.51034600792611,36.51045055846457,36.683458778200766,-7.995869263225757,-9.85130325193696,1.8554339887112032,420.6882285015448,410.49999999999966,400.3117714984545,5.684012160706533,421.5520364821196,387.4479635178804,650.7365258970657
2019-11-27,405.0,408.0,405.0,408.0,0.49,16628,6763101.0,40.78,10.00490436,406.5326698156447,437.87401779913085,555.4843019586427,43.60804156214578,38.31868431380009,37.32520995992163,-8.447658737043866,-10.31516174911476,1.8675030120708944,420.9776981498604,410.8999999999997,400.8223018501389,5.760013511896148,423.7800405356885,389.2199594643116,650.7365258970657
2019-11-28,408.0,410.0,406.0,406.0,-0.49,19814,8084163.0,40.78,9.955860716,405.799004723467,439.0933654644015,556.9665562496843,37.88142917435564,35.34528743122178,36.254637096797865,-9.105067720178395,-10.782037502132486,1.6769697819540887,421.175467570132,411.1499999999997,401.12453242986726,6.066681679884608,426.2000450396538,389.79995496034616,650.7365258970657
2019-12-01,407.0,407.0,405.0,406.0,0.0,30520,12397298.0,40.78,9.955860716,405.69850708520056,440.4441150751934,558.4838080712892,37.88142917435564,35.34528743122178,36.254637096797865,-9.60808692817659,-11.201279947621009,1.5931930194444188,421.19628134211376,411.4499999999997,401.70371865788553,6.296312977649565,424.8889389329487,387.1110610670513,650.7365258970657
2019-12-02,406.0,407.0,404.0,404.0,-0.49,26575,10783865.0,40.78,9.906817067,405.5477606278008,441.8499973231605,560.0163086549203,32.46240406321726,32.54135529711783,35.23509409513352,-10.11036836197536,-11.599578202482114,1.4892098405067529,421.1098117136152,411.5499999999996,401.99018828638407,6.662569975166184,425.48770992549856,385.51229007450144,650.7365258970657
2019-12-03,405.0,407.0,403.0,405.0,0.25,31452,12720791.0,40.78,9.931338892,406.3216409417012,443.3948951730854,561.5843117569798,33.77180128556801,33.210041011854784,35.50769080947044,-10.400765852213397,-11.971880662608802,1.5711148103954056,421.010632284805,411.5999999999996,402.1893677151942,7.069522194629094,426.20856658388726,383.7914334161128,650.7365258970657
2019-12-04,409.0,409.0,403.0,403.0,-0.49,47834,19360746.0,40.78,9.882295243,406.9824614125518,444.9620337515786,563.1580234329293,28.655847753570573,30.560070810891105,34.53527102962625,-10.721952963721378,-12.364659365207654,1.6427064014862758,420.8246900773317,411.74999999999966,402.6753099226677,7.41058021625455,428.23174064876366,383.76825935123634,650.7365258970657
2019-12-05,405.0,408.0,405.0,407.0,0.99,24306,9879145.0,40.78,9.98038254,408.97369211882767,446.6747698230717,564.7676518091397,33.21757172366264,32.990989710435166,35.56487051619955,-10.772312470210125,-12.775335965579224,2.0030234953690997,420.3053663314197,412.1499999999997,403.9946336685796,7.567311351393945,429.2019340541818,383.79806594581817,650.7365258970657
2019-12-08,407.0,409.0,404.0,405.0,-0.49,24612,9971612.0,40.78,9.931338892,409.9605381782415,448.294148183197,566.3532563499351,28.132894651442147,30.42131806559657,34.629402069342575,-11.087174058925484,-13.2760918394215,2.1889177804960145,420.25960946524447,412.4499999999997,404.6403905347548,8.074790390437718,430.7243711713131,382.2756288286869,650.7365258970657
2019-12-09,405.0,410.0,405.0,410.0,1.23,17775,7262497.0,40.78,10.05394801,412.44080726736223,450.0612562723071,567.9748971172711,33.86222949339929,33.394148422802765,35.879559725099824,-11.124147591301494,-13.823321284545502,2.699173693244008,422.8982618705176,413.5499999999996,404.2017381294816,8.30532265604191,432.41596796812576,382.58403203187424,650.7365258970657
2019-12-10,414.0,415.0,409.0,410.0,0.0,20176,8266796.0,40.78,10.05394801,413.6612109010434,451.69640958954415,569.5625845254849,33.8622294933993,33.394148422802765,35.879559725099824,-11.51862438947876,-14.498114707856503,2.979490318377744,429.73979237429154,415.0499999999996,400.3602076257077,8.672580728935454,438.0177421868064,385.98225781319366,650.7365258970657
2019-12-11,410.0,415.0,410.0,414.0,0.98,13581,5595973.0,40.78,10.15203531,415.4918163515651,453.39830385850513,571.1662285910677,38.865301691027895,35.80789405249163,36.86066453658887,-11.854576602578106,-15.24298728745094,3.3884106848728326,434.0053410675948,416.4499999999997,398.89465893240447,8.969534143261615,439.4086024297848,385.5913975702152,650.7365258970657
2019-12-12,412.0,418.0,412.0,414.0,0.0,17030,7038758.0,40.78,10.15203531,416.23772452734767,455.0063978935461,572.7457886774101,38.865301691027895,35.80789405249163,36.86066453658887,-12.518216313078256,-16.090089958669147,3.571873645590891,436.5442399691531,417.4499999999997,398.35576003084617,9.410593492512906,443.23178047753873,386.76821952246127,650.7365258970657
2019-12-15,415.0,424.0,414.0,421.0,1.69,62405,26149734.0,40.78,10.32368808,417.3565867910215,456.6801284198133,574.3412237394947,48.843756149098496,40.191415221097095,38.56125596533324,-13.183178760835515,-16.983058370066868,3.7998796092313514,438.5732496142717,418.3999999999997,398.22675038572754,9.456214991681003,447.368644975043,390.631355024957,650.7365258970657
2019-12-16,425.0,425.0,414.0,418.0,-0.71,46637,19507904.0,40.78,10.25012261,415.5348801865322,458.1364601920506,575.8823415660223,43.2978650157245,37.12848735567135,37.37248984553595,-14.552884593997192,-17.933028272374706,3.3801436783775145,443.1385078282916,419.6499999999997,396.1614921717077,9.395794435201116,447.68738330560336,391.31261669439664,650.7365258970657
2019-12-17,415.0,418.0,413.0,414.0,-0.96,24206,10041469.0,40.78,10.15203531,414.3023202797983,459.7746830570322,577.4690987676909,34.93828603430091,32.872212877160926,35.78203779683719,-15.783994445138148,-18.778064191969083,2.9940697468309345,448.1786093216797,421.24999999999966,394.3213906783196,9.217549372445683,443.152648117337,387.84735188266296,650.7365258970657
2019-12-18,420.0,420.0,414.0,416.0,0.48,17181,7123940.0,40.78,10.20107896,414.4534804196974,461.64303746752336,579.112004282944,37.38811669208511,33.938955152321405,36.22359628341098,-16.71848019048332,-19.526581628676816,2.8081014381934963,450.9991165939807,422.6999999999997,394.4008834060186,9.686165969384094,446.0584979081523,387.9415020918477,650.7365258970657
2019-12-19,418.0,418.0,413.0,413.0,-0.72,23427,9694900.0,40.78,10.12751349,413.6802206295461,463.5060185886468,580.7513209089033,30.930709047840782,30.811651094332586,35.069791174183855,-17.87168228449866,-20.228606988225188,2.356924703726527,460.8072230570404,425.49999999999966,390.192776942959,9.984628854871216,445.4538865646136,385.5461134353864,650.7365258970657
2019-12-22,412.0,419.0,412.0,415.0,0.48,23136,9580029.0,40.78,10.17655714,414.0203309443192,465.5674887351221,582.4372638326108,32.9441355016612,31.74186133792385,35.48060344097092,-18.778181214903785,-20.817838164156814,2.039656949253036,469.4284214732803,428.5999999999996,387.7715785267189,10.53847650541246,447.1154295162374,383.8845704837626,650.7365258970657
2019-12-23,421.0,421.0,414.0,415.0,0.0,46469,19283452.0,40.78,10.17655714,413.5304964164788,467.631467867168,584.1200504037928,32.94413550166121,31.741861337923844,35.48060344097091,-19.865702668404023,-21.327752401470075,1.4620497330660491,477.0876635221472,431.6999999999997,386.31233647785206,10.9316405615694,450.2949216847082,384.7050783152918,650.7365258970657
2019-12-24,415.0,419.0,414.0,414.0,-0.24,34008,14136807.0,40.78,10.15203531,412.7957446247182,469.77969104541967,585.8197494028259,31.174180416396347,30.84171945198798,35.13044580060436,-20.964819830240288,-21.69326483473659,0.7284450044963009,483.9994908323879,434.8999999999997,385.8005091676114,11.36848951285489,450.6054685385647,382.39453146143535,650.7365258970657
2019-12-25,414.0,416.0,413.0,413.0,-0.24,41239,17096840.0,40.78,10.12751349,412.1936169370773,472.0564131289062,587.5465810551156,29.52056165147436,29.9843520670035,34.79070001254566,-21.96093199199873,-21.875376085860665,-0.0855559061380724,490.46167175234905,438.2999999999996,386.1383282476502,11.964988347616544,450.39496504284966,378.6050349571504,650.7365258970657
2019-12-26,414.0,414.0,412.0,412.0,-0.24,35827,14788174.0,40.78,10.10299166,411.790425405616,474.4668789709024,589.3008180506444,27.98251528921308,29.16896906991342,34.46117906708123,-22.811083413123185,-21.853987109326145,-0.9570963037970408,495.0830738889509,441.5499999999996,388.0169261110483,12.84998705290727,451.5499611587218,374.4500388412782,650.7365258970657
2019-12-29,415.0,415.0,406.0,408.0,-0.97,18417,7534681.0,40.78,10.00490436,411.685638108424,477.01654750032696,591.0827358199975,21.92451708364834,25.966614187080754,33.16425818215749,-23.46257001371288,-21.614713033376884,-1.8478569803359937,497.8471856667856,444.5499999999996,391.2528143332137,13.61109672545252,451.3332901763576,369.66670982364246,650.7365258970657
2019-12-30,407.0,408.0,405.0,405.0,-0.74,28616,11625887.0,40.78,9.931338892,413.528457162636,479.8335494391158,592.9227633156759,17.286002315951485,23.559790115252248,32.19823317826855,-23.545557347357036,-21.15274878829289,-2.3928085590641466,498.8750912407914,447.49999999999966,396.1249087592079,14.012329694947246,448.5369890848417,364.4630109151583,650.7365258970657
2019-12-31,413.0,414.0,407.0,408.0,0.74,28129,11503766.0,40.78,10.00490436,417.79268574395394,482.8879800284675,594.8114343037731,18.249762450177272,24.29314779400969,32.65128841114543,-23.003543982701277,-20.55454664852685,-2.4489973341744253,499.22561305755215,450.7999999999996,402.3743869424471,15.235921883274717,456.2077656498242,364.7922343501758,650.7365258970657
2020-01-01,410.0,413.0,408.0,411.0,0.74,35563,14601163.0,40.78,10.07846984,422.6890286159309,485.9446322745274,596.6889361560724,19.20136125302042,25.016219593004813,33.098380606310286,-22.28259537570142,-19.942297314983243,-2.340298060718176,499.436973844581,454.1499999999997,408.8630261554183,16.151024314749684,458.9530729442491,362.0469270557509,650.7365258970657
2020-01-02,413.0,415.0,411.0,413.0,0.49,41445,17121498.0,40.78,10.12751349,428.5335429238964,489.0035968571612,598.5551566199525,19.813593409401552,25.48581100639134,33.39100207923472,-21.34374685730228,-19.3572227998037,-1.9865240574985776,498.2577453221118,457.0999999999996,415.9422546778874,17.390027016388537,465.1700810491656,360.8299189508344,650.7365258970657
2020-01-05,414.0,431.0,413.0,427.0,3.39,102503,43441128.0,40.78,10.47081903,436.3003143858446,492.1057844839841,600.4200325658817,24.71738715754743,29.027602499864877,35.500108014432165,-20.0386166122575,-18.860591785429055,-1.178024826828441,497.39577107058193,460.4499999999997,423.50422892941737,17.54447446265393,474.6334233879618,369.3665766120382,650.7365258970657
2020-01-06,430.0,441.0,428.0,440.0,3.04,194558,84742032.0,40.78,10.78960275,440.9504715787669,494.7631634425141,602.1629474660413,31.06302879844583,32.97943342956356,37.61824488527848,-19.50677958513114,-18.56608557872195,-0.940694006409192,499.7283221924055,463.6999999999997,427.67167780759377,16.493860514059925,483.98158154217975,385.01841845782025,650.7365258970657
2020-01-07,442.0,449.0,435.0,438.0,-0.45,146948,64800632.0,40.78,10.7405591,441.4257073681504,496.998394603433,603.7927258325342,28.554722129354808,31.650121520730877,37.06363980331668,-19.86786353108795,-18.330912077119653,-1.536951453968296,501.8877073867532,466.0999999999996,430.3122926132461,16.88206723784436,492.64620171353306,391.3537982864669,650.7365258970657
2020-01-08,439.0,442.0,432.0,434.0,-0.91,98321,42809668.0,40.78,10.6424718,443.1385610522256,499.4064923423487,605.458984383615,23.61364425409948,29.03614731004161,35.97067440886635,-19.83611447983884,-17.946674213627578,-1.8894402662112637,502.1432146601609,468.24999999999966,434.3567853398384,17.091185819827068,488.2735574594812,385.7264425405188,650.7365258970657
2020-01-09,431.0,437.0,431.0,433.0,-0.23,33427,14527988.0,40.78,10.61794998,447.70784157833833,502.076145091016,607.1821902568171,22.42136555201529,28.40048131431128,35.70269042976016,-19.0997931165378,-17.47431414707476,-1.6254789694630354,501.1280248703845,470.6499999999997,440.17197512961474,17.87909535536341,487.6372860660902,380.3627139339098,650.7365258970657
2020-01-12,439.0,451.0,438.0,446.0,3.0,91556,40781112.0,40.78,10.93673369,455.0617623675075,504.8955795845269,608.9327650332675,27.35531291348344,31.84378338885904,37.6703221892924,-17.780345949320292,-17.067944404709003,-0.7124015446112892,498.42301716390665,473.0499999999996,447.6769828360926,18.19899483929268,499.096984517878,389.903015482122,650.7365258970657
2020-01-13,453.0,459.0,445.0,450.0,0.9,123765,55759616.0,40.78,11.03482099,459.5926435512613,507.29948079205855,610.5702802597325,29.10716088853664,32.986442972300054,38.2937098388966,-17.161264714808908,-16.88984401855618,-0.2714206962527292,497.34014260203816,474.8999999999997,452.4598573979611,18.776660932547426,508.3299827976423,395.6700172023577,650.7365258970657
2020-01-14,450.0,450.0,443.0,443.0,-1.56,64306,28696608.0,40.78,10.86316822,464.38896532689193,509.6382351101017,612.1840519206344,21.263549120828973,28.83689834907692,36.52912465348294,-16.528746270544445,-16.821988844492996,0.2932425739485502,496.7859950965652,476.7999999999996,456.814004903434,19.085178813941575,503.7555364418248,389.24446355817526,650.7365258970657
2020-01-15,446.0,474.0,446.0,472.0,6.55,160108,74074776.0,41.61,11.34342706,475.0834479903379,512.3581630737793,613.8843941509925,35.884070308421336,37.85394155002668,41.21681373034927,-14.768277328657176,-16.895299487980132,2.127022159322955,496.2996969669136,479.7999999999996,463.3003030330856,17.983532015490642,513.9505960464719,406.0494039535281,650.7365258970657
2020-01-16,475.0,484.0,475.0,475.0,0.64,142355,68316816.0,41.61,11.41552511,476.6251719855069,514.0054350359744,615.3103679615552,38.3060184960619,39.02616402225318,41.74887146760085,-15.259194754413272,-17.427055027810873,2.1678602733976007,501.7534116218545,481.5999999999996,461.4465883781447,16.759480017211825,529.7784400516355,429.2215599483645,650.7365258970657
2020-01-19,484.0,489.0,475.0,477.0,0.42,131384,63023348.0,41.61,11.46359048,477.4377579782603,515.5974936088713,616.7205224134302,39.90194709049535,39.78891914842899,42.09665733802795,-15.969286526859603,-17.96902009616027,1.999733569300666,504.93627133311,482.99999999999966,461.06372866688935,17.621644463568696,534.864933390706,429.1350666092939,650.7365258970657
2020-01-20,484.0,492.0,470.0,479.0,0.42,125366,59848904.0,41.61,11.51165585,477.6566369673905,517.1729015112743,618.1247487693441,41.43648208486837,40.52438242331085,42.43602710060322,-16.846977676027677,-18.46895348848544,1.6219758124577588,509.5845333490475,484.6999999999997,459.8154666509518,18.02404940396522,535.0721482118956,426.9278517881044,650.7365258970657
2020-01-21,488.0,493.0,480.0,482.0,0.63,195430,94612008.0,41.61,11.58375391,476.9849554510858,518.7309791239794,619.5229874504431,43.6760530571939,41.59528390123361,42.934445287024936,-17.92582015840543,-18.87444744159988,0.9486272831944476,521.8531843317692,487.6999999999997,453.5468156682301,17.58227711551691,539.2468313465507,433.7531686534493,650.7365258970657
2020-01-22,490.0,490.0,477.0,478.0,-0.83,61558,29577488.0,41.61,11.48762317,474.4774331766287,520.2302027616929,620.9051280278345,39.82116337020359,39.61976135169518,42.0634378696779,-19.34753081542709,-19.111604262398487,-0.2359265530286052,533.937163390236,490.99999999999966,448.0628366097632,17.869196795018787,537.1075903850564,429.8924096149436,650.7365258970657
2020-01-23,485.0,485.0,470.0,472.0,-1.26,55322,26240792.0,41.61,11.34342706,472.7161497649431,521.9538845070681,622.3413604703253,33.77806785755663,36.634419512845696,40.76142613986914,-20.47345924216495,-19.052622624141332,-1.420836618023614,543.3313870506951,494.4499999999997,445.56861294930417,17.854663105576428,531.0639893167292,423.9360106832707,650.7365258970657
2020-01-26,472.0,475.0,466.0,467.0,-1.06,63904,29986306.0,41.61,11.22326364,473.0742246474146,523.9928185685811,623.8523289172632,28.45633478164829,34.113676408519176,39.676910705022415,-21.001848481497007,-18.697413469635432,-2.304435011861574,552.6849240324584,498.5499999999996,444.4150759675408,17.838514561751587,524.0155436852548,416.9844563147452,650.7365258970657
2020-01-27,465.0,474.0,464.0,471.0,0.86,57507,27049862.0,41.61,11.31939438,476.1113369711219,526.3190560611763,625.4287342330146,30.181073813524797,35.15248739690729,40.24273270153356,-20.861692950877227,-18.12130471667004,-2.740388234207188,571.8161657086057,504.99999999999966,438.1838342913936,18.820571735279543,525.4617152058386,412.53828479416137,650.7365258970657
2020-01-28,475.0,480.0,474.0,475.0,0.85,42456,20258112.0,41.61,11.41552511,478.6670054566828,528.5769767167345,626.9807818132458,31.89968779418355,36.175395487646966,40.80131526257093,-20.786633448873488,-17.436207658118242,-3.3504257907552457,586.4235677379512,511.1499999999997,435.87643226204807,19.689524150310604,536.0685724509318,417.9314275490682,650.7365258970657
2020-01-29,478.0,478.0,469.0,470.0,-1.05,31065,14690851.0,41.61,11.29536169,480.5005081850243,530.7637920929278,628.508226856595,27.299918597181232,33.944310508970126,39.79857623748237,-20.795751925241404,-16.598601210429432,-4.197150714811972,598.801148185435,517.1499999999996,435.4988518145643,20.76613794478956,535.7984138343687,411.20158616563134,650.7365258970657
2020-01-30,471.0,483.0,470.0,480.0,2.13,65696,31360788.0,41.61,11.53568854,485.7507622775364,533.243946872231,630.1012743626915,31.025394155595265,36.30093915878249,41.13641421638815,-19.99581584343838,-15.54931353172644,-4.446502311711939,612.1869808659972,524.1499999999996,436.1130191340021,21.85126438309951,542.0537931492986,410.9462068507015,650.7365258970657
2020-02-02,484.0,493.0,482.0,492.0,2.5,128887,62995688.0,41.61,11.82408075,488.6261434163046,535.4171691935466,631.6098298839246,36.310893534580025,39.34467293550974,42.79358447076732,-19.702140104941638,-14.437687953798456,-5.264452151143178,636.7246590629189,533.1499999999996,429.57534093708034,21.8347382034439,553.0042146103317,421.9957853896683,650.7365258970657
2020-02-03,495.0,496.0,487.0,488.0,-0.81,71812,35184108.0,41.61,11.72795001,486.9392151244569,537.1892985483852,633.0129437521048,32.925145125643525,37.7285597442701,42.04649889219218,-20.26254466991577,-13.121574916012662,-7.140969753903107,651.9172338554487,540.4999999999997,429.08276614455065,23.03859800382656,560.6157940114797,422.3842059885203,650.7365258970657
2020-02-04,488.0,489.0,481.0,481.0,-1.43,63839,31011132.0,41.61,11.55972122,486.40882268668537,539.1970250197478,634.4703602722265,26.87841402556503,34.910385164408744,40.7464818674442,-20.275824028556656,-11.336332477536883,-8.93949155101977,658.1050401188955,546.2499999999997,434.3949598811038,23.931775559807285,556.7953266794218,413.2046733205781,650.7365258970657
2020-02-05,500.0,500.0,480.0,482.0,0.21,45781,22094590.0,41.61,11.58375391,489.1132340300281,541.572413796064,636.0127759533543,27.18966752922716,35.12123146945847,40.87222109670143,-19.28512496953391,-9.101459589781944,-10.183665379751968,663.3310254626037,552.5999999999997,441.8689745373956,25.70197284423032,567.105918532691,412.894081467309,650.7365258970657
2020-02-06,483.0,485.0,479.0,481.0,-0.21,66736,32138168.0,41.61,11.55972122,492.6698510450421,544.0039408897809,637.5606430483629,26.43240820982107,34.75532359782799,40.69653719691773,-17.84193998918795,-6.555543244843952,-11.286396744343998,663.6199863555075,557.3499999999997,451.0800136444918,26.33552538247813,561.0065761474344,402.9934238525656,650.7365258970657
2020-02-09,481.0,490.0,478.0,483.0,0.42,71613,34623532.0,41.61,11.60778659,498.5047765675631,546.5755303138536,639.1341168478439,26.930341247433194,35.12320566101292,40.93003551038456,-15.638573850794614,-3.733944058757952,-11.904629792036662,662.5556714817641,562.0499999999996,461.5443285182352,28.59502820275348,569.7850846082604,398.2149153917396,650.7365258970657
2020-02-10,483.0,489.0,482.0,488.0,1.04,73372,35573328.0,41.61,11.72795001,506.2571648513447,549.1704499185007,640.7033039518423,28.10695945089244,36.00799846886768,41.50151611407704,-12.80244363268821,-0.7577866107487856,-12.044657021939424,659.5574328513525,564.1999999999996,468.8425671486467,30.43892022528164,576.816760675845,394.1832393241551,650.7365258970657
2020-02-11,497.0,505.0,490.0,503.0,3.07,228218,113879472.0,41.61,12.08844028,515.385747277017,551.6672029763987,642.2380105242225,31.81354959815892,38.72557567304121,43.24027894617881,-9.50538370146603,2.2533776447360707,-11.7587613462021,656.8681492142396,568.1499999999996,479.4318507857597,31.48768913920182,591.9630674176054,403.03693258239457,650.7365258970657
2020-02-12,505.0,510.0,504.0,508.0,0.99,123088,62453848.0,41.61,12.2086037,521.5786209155254,553.653619424415,643.6373875144158,33.10717658794785,39.65185174450978,43.82787213086564,-6.686148899048362,5.193067981286596,-11.879216880334958,654.5583130927572,570.4999999999997,486.4416869072422,32.9863212657798,605.9589637973394,408.0410362026606,650.7365258970657
2020-02-13,507.0,509.0,500.0,503.0,-0.98,99381,50136348.0,41.61,12.08844028,528.3679313732881,555.5170324621462,645.0005773386813,30.59868818966408,38.281044319401865,43.08539475637308,-3.4996179490673285,8.162872201370336,-11.662490150437664,653.6728492311713,570.9999999999997,488.327150768828,35.87369029531089,612.1210708859327,396.8789291140673,650.7365258970657
2020-02-16,503.0,511.0,502.0,511.0,1.59,78765,39781844.0,41.61,12.28070175,541.0518970599322,557.6605848075399,646.427718819472,32.3225634060866,39.61807434879833,43.978271937907074,1.127548724531266,11.078494738979751,-9.950946014448483,651.8661435506009,571.9499999999996,492.0338564493983,38.63743366145654,622.4123009843696,390.5876990156304,650.7365258970657
2020-02-17,513.0,545.0,513.0,539.0,5.48,164128,87533288.0,41.61,12.95361692,556.0778455898984,559.5650984731537,647.7888014206727,39.19190117155509,44.691030578701216,47.269695142842735,6.2025498428403125,13.566231242591872,-7.363681399751559,652.1830827973157,571.7999999999996,491.4169172026835,38.81937073495171,645.4581122048551,412.5418877951449,650.7365258970657
2020-02-18,544.0,558.0,540.0,548.0,1.67,194043,106515664.0,41.61,13.16991108,564.6167683848477,560.4044902475682,648.8821562088202,41.72552938284222,46.466900926481394,48.38715351032469,9.738968727040742,15.407151592529765,-5.668182865489021,654.8439927203356,569.9499999999996,485.0560072796636,39.243745261057455,666.7312357831723,431.26876421682766,650.7365258970657
2020-02-19,550.0,553.0,543.0,547.0,-0.18,109712,59966376.0,41.61,13.14587839,572.9251525772714,560.9107959719588,649.8960472259943,41.35106401328533,46.24652189825473,48.25667722367946,13.19470383048133,16.82419730890202,-3.629493478420688,656.5347389446656,567.9999999999997,479.46526105533377,41.60416140117495,672.8124842035248,423.1875157964752,650.7365258970657
2020-02-20,548.0,554.0,548.0,554.0,1.28,106954,58865288.0,41.61,13.31410719,585.8877288659072,561.478583562651,650.9301783538937,43.073276567454805,47.51803159502253,49.09063038405122,17.515373670429426,17.73157067850719,-0.2161970080777635,659.0501602562739,565.4499999999996,471.8498397437253,45.00462377908328,686.0138713372498,415.98612866275016,650.7365258970657
2020-02-23,556.0,602.0,556.0,596.0,7.58,159238,92857400.0,41.61,14.32347993,601.8315932988608,561.7838318713307,651.9043510006665,55.37305450049899,56.11361633133782,54.517406639371856,22.062623194575167,17.78561993052663,4.277003264048538,662.2278361990329,561.8499999999997,461.4721638009664,44.67180419898143,713.0154125969443,444.9845874030557,650.7365258970657
2020-02-24,607.0,619.0,590.0,594.0,-0.34,174260,104420808.0,41.61,14.27541456,604.7473899482911,560.3872535803646,652.4662037745425,54.82705028739269,55.75975711730579,54.286391335305375,23.269292613472658,16.716369114514496,6.552923498958162,662.4088238529216,555.4499999999996,448.4911761470775,44.52422688775714,738.0726806632714,470.9273193367286,650.7365258970657
2020-02-25,588.0,598.0,575.0,595.0,0.17,153538,90755856.0,41.61,14.29944725,610.1210849224367,559.01530474691,653.0538038124776,55.12681410266202,55.96928207913502,54.41906595535452,24.67461550648784,15.078138239774956,9.596477266712885,660.9203651981156,549.1999999999996,437.4796348018836,46.24914098639682,725.2474229591905,447.7525770408095,650.7365258970657
2020-02-26,603.0,615.0,595.0,610.0,2.52,166838,101202808.0,41.61,14.65993752,617.681627383655,557.5465416753553,653.6372591271759,59.46151389623561,59.06041715107393,56.40410988178501,26.007596864387324,12.679018923096734,13.32857794129059,655.907320946485,544.7499999999997,433.5926790535143,47.49904554044091,747.4971366213227,462.50286337867726,650.7365258970657
2020-02-27,605.0,663.0,587.0,660.0,8.2,330732,205946512.0,41.61,15.86157174,621.5224410754826,555.4055841927168,654.0758245455395,77.52296980028473,71.23843744165856,63.858026092904375,25.8034007522607,9.346874437774089,16.456526314486613,647.7856001521168,540.4999999999997,433.2143998478825,45.55449504493434,761.6634851348031,488.336514865197,650.7365258970657
2020-03-01,670.0,680.0,636.0,639.0,-3.18,334054,218894992.0,41.61,15.35688536,602.2836616132238,551.136424363848,654.0162850937359,74.64805599863334,68.7232748573877,61.82386057484853,20.076540976386127,5.2327428591524345,14.843798117233693,626.4281389762172,531.7499999999997,437.07186102378216,42.17166116103816,784.5149834831145,531.4850165168855,650.7365258970657
2020-03-02,639.0,639.0,600.0,603.0,-5.63,236109,146152144.0,41.61,14.49170872,583.9254924198357,547.5501559705357,654.1672025318638,68.51073030653805,63.66534028700374,57.92682721928899,14.613144811886173,1.5217933298440114,13.09135148204216,606.7016990116115,524.2999999999996,441.8983009883878,38.30184573448684,734.4055372034605,504.59446279653946,650.7365258970657
2020-03-03,591.0,621.0,579.0,608.0,0.83,305633,183699664.0,41.61,14.61187215,574.3882386297535,545.2868970305575,654.6814457733901,70.62139465724802,65.02143908458577,58.7261316976528,11.092764328296994,-1.7510445406665287,12.843808868963524,593.7402036438799,519.0999999999997,444.45979635611945,38.22427303831872,714.6728191149562,485.32718088504384,650.7365258970657
2020-03-04,608.0,610.0,577.0,577.0,-5.1,220724,130103504.0,41.61,13.86685893,557.5823579446302,542.7271785420088,655.1506060324192,64.61324929549626,60.13250450143365,55.03305052630165,5.92903848446781,-4.961996757907409,10.89103524237522,576.7383082598177,514.1999999999996,451.6616917401815,37.58252559813191,706.2475767943957,480.75242320560426,650.7365258970657
2020-03-05,588.0,589.0,560.0,575.0,-0.35,168687,96806016.0,41.61,13.81879356,547.8735369169452,541.328287870254,655.9360392588757,64.19330736146703,59.79586378485793,54.78246261259325,2.408369665842656,-7.684755568501213,10.09312523434387,566.1640171333936,510.5999999999996,455.0359828666057,37.86947288681323,688.1084186604397,460.89158133956033,650.7365258970657
2020-03-10,564.0,564.0,526.0,526.0,-8.52,149878,82055112.0,41.61,12.64119202,534.3103053754178,539.9539322731215,656.7494667891157,51.71427635218039,50.236199799071066,47.961805243410105,-1.916678457796479,-10.20803687708718,8.291358419290702,554.0604022483343,506.9499999999997,459.839597751665,35.07719209645914,650.2315762893775,439.7684237106226,650.7365258970657
2020-03-11,520.0,569.0,520.0,567.0,7.79,265635,146653792.0,41.61,13.62653208,538.4654580631267,540.5234805291673,658.063531781971,69.8096396077529,61.62030269150278,54.57432027449305,-2.420042739855376,-12.280876481909855,9.86083374205448,552.4761265378398,506.1499999999997,459.8238734621594,34.41910232939905,647.7573069881971,441.2426930118028,650.7365258970657
2020-03-12,564.0,569.0,545.0,550.0,-3.0,210135,116385680.0,41.61,13.21797645,524.19818709469,539.4428062650517,658.9787431566642,65.33969931498817,57.95160581943543,51.936643693455466,-7.201863438194323,-14.746084917423476,7.544221479229154,541.0026737012215,503.5999999999996,466.1973262987777,32.79900258822117,655.3970077646635,458.6029922353365,650.7365258970657
2020-03-15,545.0,547.0,518.0,518.0,-5.82,215664,114696264.0,41.61,12.44893055,511.297280642035,539.0119003983191,660.0740069069825,53.92559998218224,49.516836266353245,46.30223118371845,-11.46954202497318,-16.632140287230765,5.1625982622575854,536.4894427932626,502.74999999999966,469.01055720673673,30.77666954246797,624.8300086274039,440.1699913725961,650.7365258970657
2020-03-16,518.0,531.0,511.0,522.0,0.77,246391,128164968.0,41.61,12.54506128,507.94592096305246,539.8695289860055,661.5018863733843,55.9736983687736,50.69724801054092,46.96287977161348,-13.491640264462262,-17.922789852795162,4.4311495883329,544.307034554207,504.49999999999966,464.6929654457923,30.974077269408856,613.9222318082266,428.07776819177343,650.7365258970657
2020-03-17,522.0,522.0,501.0,508.0,-2.68,197047,100701960.0,41.61,12.2086037,500.9188814445787,540.5988975160466,662.903915382162,50.074488072106746,46.556705828405306,44.29218669318585,-16.283603613563514,-19.030577249878387,2.7469736363148733,555.4629488396241,506.8999999999997,458.3370511603752,31.860085854898728,607.0802575646962,415.9197424353038,650.7365258970657
2020-03-18,511.0,518.0,491.0,502.0,-1.18,166700,83345064.0,41.61,12.06440759,497.378322166868,541.9294647615995,664.4607386523345,47.38896289127465,44.70879663827788,43.11364042867083,-18.18485714476452,-19.717320658957107,1.5324635141925853,584.2734555310773,512.8499999999997,441.4265444689221,33.066762060998585,603.7002861829958,405.29971381700426,650.7365258970657
2020-03-19,498.0,515.0,482.0,509.0,1.39,192055,96542560.0,41.61,12.23263639,495.067483250302,543.5592388335016,666.0935098950715,50.18862942044788,46.448691460354944,44.15999175835095,-19.73613191157364,-20.100436537505253,0.3643046259316165,597.1303962064735,517.4999999999997,437.8696037935258,33.74084673444287,599.7225402033287,397.2774597966714,650.7365258970657
2020-03-22,500.0,510.0,488.0,496.0,-2.55,22489,11139985.0,41.61,11.92021149,488.10122487545306,544.9698200103792,667.6723391402481,44.80573522659987,42.59629887390763,41.63456299760588,-22.141778877041645,-20.19151269398816,-1.9502661830534864,606.4397554088671,521.3999999999996,436.3602445911321,33.823163038269854,600.4694891148096,397.5305108851904,650.7365258970657
2020-05-12,487.0,487.0,482.0,482.0,-2.82,95,45840.0,34.68,13.89850058,484.1518373131796,546.9685881740681,669.3976892823612,38.437227454310616,38.14667279230359,38.77171935661036,-23.56656058384561,-19.703946148224787,-3.862614435620827,613.4576120777244,525.5999999999997,437.7423879222749,34.47018115363317,587.9105434608995,381.0894565391005,650.7365258970657
2020-05-13,473.0,473.0,468.0,468.0,-2.9,60,28130.0,34.68,13.49480969,485.22775596976936,549.6203672832138,671.2810831444955,31.401557408081665,33.349297781509044,35.74611225680921,-23.616859262946832,-18.73829253931958,-4.878566723627252,618.8524320932413,530.4499999999996,442.0475679067578,36.18909017070352,579.0672705121106,361.9327294878895,650.7365258970657
2020-06-29,459.0,459.0,422.0,469.0,-4.27,75742,32927742.0,34.68,13.52364475,493.84163395465407,552.951810845794,673.3241091057467,31.631077506633336,33.52174432457748,35.8676487137287,-21.912086169538497,-17.518650858412766,-4.393435311125732,624.4081428048752,536.7499999999997,449.0918571951241,39.65454463411502,559.463633902345,321.53636609765493,650.7365258970657
2020-06-30,462.0,510.0,462.0,506.0,7.89,10579,5219061.0,34.68,14.5905421,506.2624509319811,556.3784153701121,675.3776177399753,41.64127827512179,40.76375219850713,40.79427904061496,-19.51927271330408,-16.420292030631334,-3.0989806826727424,627.2555438750178,542.6999999999996,458.1444561249814,34.72727181568335,590.1818154470501,381.81818455295,650.7365258970657
2020-07-01,514.0,534.0,514.0,525.0,3.75,33967,17874578.0,34.68,15.1384083,506.39367639797166,558.4346772219534,677.0799053554525,48.67214077263006,45.44528905668289,43.75719733622321,-19.94852866242593,-15.645546859963147,-4.30298180246278,630.6838062738029,546.3999999999996,462.11619372619634,31.585857572981503,618.7575727189445,429.2424272810555,650.7365258970657
2020-07-02,530.0,530.0,473.0,485.0,-7.62,44886,21832356.0,34.68,13.98500577,497.0905145969575,559.7993579248903,678.6083466153063,24.963154273878157,29.651288524393333,34.080897359404524,-22.14080038421525,-14.569801409347454,-7.5709989748678,632.9311366795678,548.6499999999996,464.3688633204314,29.650952858868333,590.452858576605,412.54714142339503,650.7365258970657
2020-07-05,480.0,502.0,472.0,490.0,1.03,64804,31600816.0,34.68,14.12918108,503.1357718954363,562.8523929422328,680.5541591441034,26.313667072597536,30.682323660972997,34.799344260584,-20.544161012619497,-12.677051665630504,-7.867109346988993,632.3478445270853,552.8999999999996,473.45215547291406,26.61216984318704,566.8365095295611,407.1634904704389,650.7365258970657
2020-07-06,491.0,500.0,480.0,499.0,1.84,35198,17367168.0,34.68,14.38869666,509.7036578431544,565.8259600010994,682.4692763214312,28.80723247556562,32.57558210187169,36.11491432191929,-18.716535327235533,-10.710274328883257,-8.006260998352278,630.0432306156349,555.9999999999997,481.95676938436446,26.235744270207825,568.7072328106235,411.2927671893765,650.7365258970657
2020-07-07,499.0,517.0,499.0,510.0,2.2,72828,37111024.0,34.68,14.70588235,515.0554867647317,568.5535502052259,684.3131886462696,32.113387054822844,35.02865594037785,37.79122818371387,-17.027943484040293,-8.708709079295186,-8.319234404745107,628.1328261548259,558.8499999999997,489.5671738451735,25.817493633564247,585.4524809006928,430.5475190993072,650.7365258970657
2020-07-08,503.0,515.0,500.0,505.0,-0.98,35217,17868522.0,34.68,14.56170704,517.5832301470974,570.943491029929,686.0650799894482,28.81234464702032,32.895803794163605,36.505184970093005,-15.745007080775965,-6.628900478108911,-9.116106602667053,626.595798344837,560.8499999999997,495.1042016551624,26.68610403729361,587.5583121118808,427.4416878881192,650.7365258970657
2020-07-09,502.0,509.0,496.0,502.0,-0.59,69253,34828596.0,34.68,14.47520185,523.8748452206462,573.635062092375,687.8848295370809,26.91702749136575,31.645626012038345,35.73999873663027,-13.36940451397993,-4.349873827442147,-9.019530686537784,623.9360320336018,562.9999999999997,502.0639679663975,27.984560041437344,586.4536801243121,418.546319875688,650.7365258970657
2020-07-12,511.0,515.0,506.0,510.0,1.59,88061,44875952.0,34.68,14.70588235,534.8122678309693,576.5589421777781,689.7530187786596,28.730168530188337,33.17612041381222,36.87771199509093,-9.837353172157009,-2.094991155807701,-7.742362016349308,619.9833537456602,565.5499999999996,511.116646254339,29.53840004604149,599.1152001381245,421.88479986187554,650.7365258970657
2020-07-13,510.0,518.0,509.0,516.0,1.18,91574,47152176.0,34.68,14.87889273,547.2184017464539,579.2756336952384,691.5595817814601,30.081014103767806,34.33249902585482,37.74276862209121,-6.000627958817063,-0.1594006517203743,-5.8412273070966885,616.9075539245932,568.7499999999997,520.5924460754061,31.70933338449055,608.6280001534717,418.3719998465284,650.7365258970657
2020-07-14,541.0,541.0,518.0,533.0,3.29,90120,47642408.0,34.68,15.36908881,562.8276026196808,581.8583126215747,693.3239996888115,34.121575969377446,37.798792818894384,40.31503862724799,-1.6271986434803694,1.300906175053798,-2.928104818534168,613.1840005284182,571.5499999999996,529.915999471581,32.56592598276728,627.1977779483018,431.8022220516982,650.7365258970657
2020-07-15,540.0,555.0,539.0,553.0,3.75,189465,104025576.0,34.68,15.94579008,577.7414039295211,583.8525294632716,694.935296168096,39.697860723093264,42.48464200861258,43.67695963989668,2.247646753818117,2.03293237968734,0.2147143741307768,611.290317058895,573.5999999999997,535.9096829411044,32.29547331418586,643.8864199425576,450.1135800574424,650.7365258970657
2020-07-16,563.0,571.0,557.0,570.0,3.07,100312,56821672.0,32.12,17.74595268,590.1121058942816,585.1118163801398,696.3617815567201,45.29009704323633,47.092468007229385,46.86606663216566,5.12430183540539,1.9792537861546455,3.1450480492507444,611.2998630134442,574.7999999999996,538.300136986555,32.43941479353985,661.3182443806195,466.68175561938045,650.7365258970657
2020-07-19,581.0,627.0,581.0,627.0,10.0,1111,688541.0,32.12,19.52054795,600.1681588414224,585.7286252119823,697.6317492105564,78.06588111673501,71.10229056516545,61.264825489046295,6.990515385570802,1.1929917738419595,5.797523611728843,611.2464186517583,574.5999999999997,537.9535813482411,28.266016437266494,688.7980493117994,519.2019506882006,650.7365258970657
2020-07-20,658.0,671.0,584.0,595.0,-5.1,288033,174873312.0,32.12,18.52428394,586.7522382621336,584.0440793022673,698.3416160367932,65.66692419183954,60.64143538091243,53.5782177555911,3.467165911264601,-0.2563891290902513,3.723555040354853,599.323908619428,571.5499999999996,543.7760913805712,26.295573819184995,706.386721457555,548.613278542445,650.7365258970657
2020-07-21,600.0,604.0,580.0,587.0,-1.34,193137,114425616.0,32.12,18.27521793,582.6283573932004,583.5968988656251,699.3802252431931,60.7344589893687,57.03050291504527,51.25679338413158,2.177841078077222,-1.1872778891789646,3.3651189672561865,595.7597257861775,570.0499999999996,544.3402742138218,19.55063757687221,650.6519127306167,533.3480872693833,650.7365258970657
2020-07-22,587.0,600.0,578.0,580.0,-1.19,121795,71304520.0,32.12,18.05728518,580.4425360898007,583.4579967785078,700.5096747431247,55.7950146080332,53.569457981659184,49.11950388056495,1.3150615116733206,-2.028557630993012,3.343619142666332,593.7803073267471,568.3999999999996,543.0196926732522,19.056263974302457,646.1687919229074,531.8312080770926,650.7365258970657
2020-07-23,580.0,582.0,569.0,579.0,-0.17,102536,58964872.0,32.12,18.02615193,580.6638041347011,583.5991395041611,701.7208272531059,55.0774175224719,53.06800145053968,48.811686405419486,0.9074401522025256,-2.8644624166595944,3.77190256886212,592.4471555271269,567.3999999999996,542.3528444728723,18.729182193669395,631.6875465810082,519.3124534189918,650.7365258970657
2020-07-26,585.0,598.0,580.0,594.0,2.59,146673,86186248.0,32.12,18.49315068,581.4957062020516,583.7868594839229,702.9542024013783,70.29173231956639,62.46458483578885,53.4698341999251,0.4757861239005478,-3.8074380588751247,4.2832241827756725,591.1875478560092,566.6999999999996,542.2124521439899,18.032424659632664,643.097273978898,534.902726021102,650.7365258970657
2020-07-27,600.0,605.0,586.0,588.0,-1.01,101036,60092796.0,32.12,18.30635118,575.2435593030773,583.3699966057156,704.0492195109399,67.05608228487436,59.82218285944074,51.699850991552346,-1.6093546340252942,-4.878244104569043,3.268889470543749,587.0831709528882,565.6999999999996,544.316829047111,18.03602739959185,649.6080821987755,541.3919178012245,650.7365258970657
2020-07-28,585.0,592.0,579.0,580.0,-1.36,96294,56270044.0,32.12,18.05728518,568.8653389546159,583.1810168753367,705.2155433251202,62.17328033667072,55.98596851676346,49.22772177594359,-3.636434588555744,-5.69546647220498,2.059031883649236,584.5309032214102,565.0999999999997,545.6690967785892,17.262252666213165,637.2867579986395,533.7132420013605,650.7365258970657
2020-07-29,577.0,579.0,570.0,570.0,-1.72,155181,88824144.0,32.12,17.74595268,563.2980084319239,583.3108542988198,706.4739909967294,54.715677930293005,50.50008886673868,45.905268255582726,-5.356286681959318,-6.210224443117289,0.8539377611579706,586.9579025187377,565.5999999999997,544.2420974812617,16.735836295792403,624.7075088873772,524.2924911126228,650.7365258970657
2020-07-30,570.0,577.0,565.0,570.0,0.0,89310,50944684.0,32.12,17.74595268,559.9470126478859,583.8541544742818,707.845588896194,54.715677930293005,50.50008886673868,45.905268255582726,-6.455351911256685,-6.423708883406781,-0.0316430278499035,589.9392832654952,566.4999999999997,543.0607167345041,17.59537366199156,623.7861209859747,518.2138790140253,650.7365258970657
2020-08-02,566.0,566.0,552.0,552.0,-3.16,125621,69926352.0,32.12,17.18555417,554.9205189718289,584.4196301671096,709.2309716991708,37.07071205831474,38.62795248436193,39.31796987677594,-7.7642627761234735,-6.415798126444305,-1.348464649679168,591.294380792263,567.0499999999996,542.8056192077362,16.772637402212844,609.3179122066385,508.6820877933615,650.7365258970657
2020-08-03,550.0,560.0,544.0,556.0,0.72,93087,51551768.0,32.12,17.31008717,556.3807784577433,585.742880378012,710.8111824700168,40.16187498338779,40.63923356974463,40.36662708415832,-7.489247003264381,-6.078681964024513,-1.4105650392398683,593.9031997952288,568.8999999999996,543.8968002047704,17.08070822468094,603.2421246740428,500.7578753259572,650.7365258970657
2020-08-05,549.0,553.0,542.0,550.0,-1.08,89373,48883304.0,32.12,17.12328767,556.571167686615,586.9568754954819,712.3670737511225,32.67683296981303,35.99756469342702,37.98484065453065,-7.436565096767708,-5.726040704214546,-1.7105243925531628,598.5198016010363,571.0499999999996,543.5801983989629,17.200786916312154,599.1023607489365,495.89763925106354,650.7365258970657
2020-08-06,545.0,551.0,537.0,548.0,-0.36,73572,39961020.0,32.12,17.06102117,559.8567515299225,588.4653193932567,713.9989036380684,30.0855835023711,34.410093961912494,37.18196597596168,-6.650246516522543,-5.298409606076254,-1.3518369104462886,600.8760765882383,573.2999999999996,545.7239234117609,17.889763240346838,597.6692897210405,490.3307102789595,650.7365258970657
2020-08-09,548.0,555.0,538.0,553.0,0.91,49047,26824170.0,32.12,17.21668742,565.7851272948836,590.1169650827774,715.6672343278983,32.89957273934574,36.51244620712148,38.37431039425972,-5.34625085204209,-4.9604503784646825,-0.3858004735774072,600.9834577111483,575.2999999999996,549.616542288851,18.09973693371871,600.7992108011562,492.2007891988439,650.7365258970657
2020-08-10,556.0,576.0,550.0,574.0,3.8,128478,72588920.0,32.12,17.87048568,572.1776909423254,591.6319432494214,717.3020809040581,50.55166729108405,47.93409368733328,44.07281174712689,-4.113205464257362,-4.8640002600703305,0.7507947958129684,600.0584379787841,576.4999999999997,552.9415620212152,16.11081881524301,611.332456445729,514.667543554271,650.7365258970657
2020-08-11,576.0,582.0,570.0,572.0,-0.35,74503,42842248.0,32.12,17.80821918,571.2665364134881,592.3516144024591,718.7423028226918,48.19876280377773,46.45276690797534,43.30304033818614,-4.617744544368293,-5.051698959023573,0.4339544146552798,600.3031314266324,576.7499999999997,553.1968685733669,15.012020905825564,621.0360627174767,530.9639372825233,650.7365258970657
2020-08-12,580.0,580.0,564.0,574.0,0.35,67657,38750468.0,32.12,17.87048568,570.8998046202322,593.182292541335,720.2170998359852,50.32741520299989,47.71329392256273,43.882876248992034,-4.990916322337284,-5.160187562687392,0.169271240350108,600.4520787991218,576.9999999999997,553.5479212008776,15.34668989536174,618.0400696860852,525.9599303139148,650.7365258970657
2020-08-13,570.0,583.0,570.0,577.0,0.52,120252,69327182.0,32.12,17.96388543,569.3497069303484,593.9652432573079,721.6866184273016,53.47639378856226,49.58750904871706,44.745656297849614,-5.598260426983757,-5.20250537277492,-0.3957550542088368,600.5170877779473,577.0999999999997,553.6829122220521,15.274099883735266,622.3222996512058,530.6777003487942,650.7365258970657
2020-08-16,575.0,575.0,560.0,566.0,-1.91,71817,40710911.0,32.12,17.62141968,565.5245603955226,594.6577021657694,723.1407552959176,41.55829892158173,41.80432094998901,40.63736893518615,-6.597477659794549,-5.10356660922271,-1.493911050571839,601.4109218637151,577.5999999999997,553.7890781362843,15.082333204150297,612.7469996124508,522.2530003875492,650.7365258970657
2020-08-17,569.0,569.0,562.0,566.0,0.0,37723,21324794.0,32.12,17.62141968,565.286840593284,595.8274042949845,724.7200593692435,41.55829892158173,41.804320949989,40.63736893518615,-6.656878889166933,-4.730088846579751,-1.9267900425871824,602.4301604724338,578.7499999999997,555.0698395275655,15.091481337944774,610.7744440138343,520.2255559861657,650.7365258970657
2020-08-18,566.0,570.0,562.0,565.0,-0.18,43780,24778667.0,32.12,17.59028643,564.930260889926,597.0448493682492,726.3152358453162,40.462768677434,41.09140890353724,40.26525909566633,-6.635869128996092,-4.248391335932955,-2.387477793063137,602.4564805665027,579.4999999999997,556.5435194334966,15.990534819938636,613.9716044598159,518.0283955401841,650.7365258970657
2020-08-19,555.0,563.0,553.0,554.0,-1.95,59039,32937891.0,32.12,17.24782067,564.8953913348889,598.352802403688,727.936494497028,27.101026079033343,32.6660744558264,36.03085316484872,-6.410713120501896,-3.6515218876671702,-2.759191232834725,602.1781709885169,580.1999999999996,558.2218290114823,15.989483133265152,605.9684493997954,510.0315506002045,650.7365258970657
2020-08-20,554.0,564.0,554.0,560.0,1.08,15745,8802927.0,32.12,17.43462017,570.3430870023334,600.1631208691447,729.68459996936,30.4100306510492,35.217234120412954,37.41983701036978,-4.910085442452896,-2.9617240794584894,-1.9483613629944068,600.7616630392996,581.9999999999997,563.2383369606997,16.654981259183504,608.9649437775505,509.0350562224495,650.7365258970657
2020-08-23,558.0,571.0,557.0,565.0,0.89,23761,13355996.0,32.12,17.59028643,575.5146305035,601.8024319250281,731.3899728333736,33.43391439851573,37.48241189409913,38.61058262581318,-3.534228508761771,-2.474633738709888,-1.0595947700518833,599.8775919594992,583.5999999999997,567.3224080405001,17.283312510203892,615.8499375306117,512.1500624693883,650.7365258970657
2020-08-24,570.0,579.0,568.0,574.0,1.59,99698,57114758.0,32.12,17.87048568,580.77194575525,603.3045720036007,733.0622338668749,39.75964536882192,41.997407722306,40.85720177911086,-2.2358186987232784,-2.2097350461969167,-0.0260836525263616,598.7942845476397,584.7999999999996,570.8057154523595,17.314791678004323,625.444375034013,521.555624965987,650.7365258970657
2020-08-25,574.0,581.0,573.0,576.0,0.35,94522,54560311.0,32.12,17.93275218,584.1579186328751,604.5006769833395,734.6608492826224,41.30327440020902,43.06790703888549,41.370742799706726,-1.4624182692017484,-2.2032141330653263,0.7407958638635779,598.5363902490803,584.9499999999996,571.3636097509188,18.01643519778258,631.0493055933478,522.9506944066522,650.7365258970657
2020-08-26,579.0,600.0,577.0,590.0,2.43,176951,104096076.0,32.12,18.36861768,588.2368779493125,605.6639699214351,736.2554306824477,54.45903232125953,51.62053941714812,45.18749591618253,-0.6576429097876826,-2.388413099031221,1.7307701892435383,598.3987827160531,585.0499999999996,571.7012172839461,18.12937244198065,642.888117325942,534.111882674058,650.7365258970657
2020-08-27,600.0,600.0,586.0,588.0,-0.34,140837,83147088.0,32.12,18.30635118,587.3553169239688,606.303315632514,737.7253345084019,52.53941843002027,50.31160377392144,44.485097498213015,-1.0463457359931,-2.8211056463421054,1.7747599103490057,597.8940285202075,584.4999999999997,571.1059714797918,17.58819160220072,645.7645748066021,540.2354251933979,650.7365258970657
2020-08-30,584.0,587.0,579.0,581.0,-1.19,44108,25697993.0,32.12,18.08841843,587.0329753859531,607.0503897399635,739.2301117396422,45.376183554263214,45.52124782766217,41.987245839172616,-1.3236159507355296,-3.264795623929357,1.9411796731938276,597.5298175713544,584.0999999999997,570.6701824286449,17.431324002445244,635.2939720073357,530.7060279926643,650.7365258970657
2020-08-31,590.0,600.0,581.0,589.0,1.38,169903,99948299.0,32.12,18.33748443,590.0494630789298,608.1136709538396,740.8203641189351,53.59344790273898,50.70934457555497,44.16758415558512,-0.9455337019051058,-3.750090542227814,2.804556840322708,597.5499077487666,583.9999999999997,570.4500922512327,18.25702666938361,645.2710800081509,535.7289199918491,650.7365258970657
2020-09-02,598.0,604.0,592.0,599.0,1.7,192770,115280845.0,32.12,18.64881694,590.5741946183946,608.8938207886902,742.3461969241505,67.09356951907837,58.44026932882112,47.10275982635599,-1.263755505006543,-4.451229752308491,3.187474247301948,597.3506183610627,583.1999999999996,569.0493816389364,18.174474077092896,652.5234222312787,543.4765777687213,650.7365258970657
2020-09-03,611.0,611.0,588.0,595.0,-0.67,68906,41055799.0,32.12,18.52428394,586.3612919275919,609.2976502086367,743.7868622198706,63.85640477676152,55.94563007901642,45.71753181637762,-2.6697221627105137,-5.248098314133977,2.5783761514234635,594.9240237732354,581.7999999999996,568.6759762267639,18.86052675232544,656.0815802569763,542.9184197430237,650.7365258970657
2020-09-06,624.0,624.0,582.0,588.0,-1.18,114541,68001260.0,32.12,18.30635118,582.0419378913878,609.8812277681728,745.282207568814,57.32612774082636,51.18406160383081,43.2195073442227,-4.018141828904049,-5.892692351989843,1.8745505230857933,592.6790410565308,580.9999999999997,569.3209589434686,18.4005852803616,658.2017558410848,547.7982441589152,650.7365258970657
2020-09-07,591.0,592.0,576.0,577.0,-1.87,72833,42301810.0,32.12,17.96388543,579.0629068370816,610.7743391056492,746.8629332730231,42.92092809641013,42.04349319584816,38.9835674139611,-4.96804268533424,-6.361329982761292,1.3932872974270518,591.8320968656751,580.5999999999997,569.3679031343243,15.22287253373511,629.6686176012054,538.3313823987946,650.7365258970657
2020-09-08,575.0,582.0,570.0,579.0,0.35,49349,28420867.0,32.12,18.02615193,580.0943602556224,612.1528835589411,748.570098431546,45.39763880555333,43.41599833759009,39.49788697569371,-4.988199157573149,-6.709651807118054,1.7214526495449052,591.8320968656751,580.5999999999997,569.3679031343243,15.136525037483455,621.4095751124504,530.5904248875496,650.7365258970657
2020-09-09,577.0,582.0,571.0,577.0,-0.35,62944,36211349.0,32.12,17.96388543,580.6415403834336,613.5060624797142,750.2743205263354,42.44552746317776,41.64714168847191,38.7217668755796,-5.14500688530245,-7.14001496950428,1.9950080842018296,591.9305872044496,580.3499999999997,568.7694127955498,15.48502781942606,622.9550834582782,530.0449165417218,650.7365258970657
2020-09-10,580.0,586.0,576.0,576.0,-0.17,48020,27784179.0,32.12,17.93275218,582.4623105751504,614.9961058462331,752.0157709838865,41.02849097645933,40.787740529284974,38.34211262553245,-5.066677739454349,-7.638766990554737,2.572089251100389,591.9781712129402,580.2499999999997,568.5218287870591,15.983364243806731,628.9500927314202,533.0499072685798,650.7365258970657
2020-09-13,576.0,587.0,574.0,587.0,1.91,93975,54454975.0,32.12,18.27521793,585.6934658627255,616.5877836358753,753.7847737073427,54.03722979832677,48.0100082561495,41.02627005423952,-4.791185953452441,-8.281789303329834,3.490603349877393,592.1149906367044,580.0999999999997,568.085009363295,16.537071382007483,630.1112141460225,530.8887858539775,650.7365258970657
2020-09-14,594.0,595.0,584.0,589.0,0.34,70052,41300654.0,32.12,18.33748443,585.0401987940883,617.7954482740744,755.4610025888235,56.955815942752885,49.48948975625855,41.53377691183356,-5.489868278178051,-9.154440140799183,3.664571862621132,591.307065404235,579.4499999999996,567.5929345957642,16.707857091119426,639.6235712733583,539.3764287266417,650.7365258970657
2020-09-15,587.0,590.0,580.0,581.0,-1.36,46177,26935587.0,32.12,18.08841843,583.0602981911323,618.9707726934244,757.1339774892136,46.72499722626743,42.96079218084619,38.618015175524505,-6.5054247249634045,-10.070583106454466,3.565158381491061,590.0272390016761,578.9999999999997,567.9727609983232,17.008730101243806,636.0261903037314,533.9738096962686,650.7365258970657
2020-09-16,581.0,582.0,575.0,579.0,-0.34,43649,25294614.0,32.12,18.02615193,584.0904472866985,620.5206001502988,758.9041682177484,43.75419650268877,41.196362675607794,37.87443364212671,-6.892474230133644,-10.96187270182723,4.069398471693587,589.8890854942636,578.8999999999996,567.9109145057357,17.676366779159785,631.5291003374793,525.4708996625207,650.7365258970657
2020-09-17,580.0,593.0,577.0,590.0,1.9,115847,67976260.0,32.12,18.36861768,586.6356709300477,622.2153185237804,760.7122503103891,60.15327705163948,48.92577649816992,40.46249296946485,-7.082599609748968,-11.979222319750628,4.89662271000166,589.8890854942636,578.8999999999996,567.9109145057357,17.973740865733095,638.9212225971993,531.0787774028007,650.7365258970657
2020-09-20,598.0,604.0,591.0,592.0,0.34,81497,48543911.0,32.12,18.43088418,584.9535063950715,623.5302294839347,762.4279513185337,64.0319323249406,50.52628384212894,40.950920678667714,-8.342249099952483,-13.203377997251042,4.86112889729856,588.0385830591678,578.2999999999996,568.5614169408315,18.193045406370103,652.0791362191103,542.9208637808897,650.7365258970657
2020-09-21,610.0,610.0,584.0,589.0,-0.51,54931,32330319.0,32.12,18.33748443,581.4302595926073,624.8171776261361,764.1407950503783,60.648803216647615,48.164422138878976,39.90634779319823,-10.0323144623585,-14.41866022157568,4.386345759217182,585.1255990186195,577.2999999999996,569.4744009813797,18.54782822930012,652.6434846879004,541.3565153120996,650.7365258970657
2020-09-22,590.0,590.0,576.0,577.0,-2.04,72466,42030248.0,32.12,17.96388543,577.645389388911,626.2791032435293,765.9010040458595,40.87569229984509,36.991887523909305,35.52672644787072,-11.738073314558733,-15.515246661379976,3.777173346821243,582.3956123463948,576.6999999999996,571.0043876536043,16.942031365889015,633.826094097667,532.173905902333,650.7365258970657
2020-09-23,573.0,581.0,572.0,578.0,0.17,33384,19300947.0,32.12,17.99501868,577.9680840833664,628.290495212653,767.7995065990842,42.45592708578448,37.61932261809935,35.73507604363705,-12.522688092246083,-16.459539998085287,3.9368519058392017,582.8966657402419,576.8999999999996,570.9033342597573,17.268923739876683,628.30677121963,524.69322878037,650.7365258970657
2020-09-24,606.0,606.0,576.0,579.0,0.17,37060,21411162.0,32.12,18.02615193,577.9521261250496,630.3431684866389,769.7070393287232,43.966803229317705,38.22130410042261,35.93740377054122,-13.443811854425348,-17.443752974545088,3.99994112011974,591.9010072888444,578.2499999999997,564.5989927111549,18.187693044307427,645.5630791329223,536.4369208670777,650.7365258970657
2020-09-27,607.0,607.0,575.0,580.0,0.17,48614,28176460.0,32.12,18.05728518,577.4281891875745,632.4388080167058,771.6236929903184,45.40302942563705,38.79779778302563,36.133805645316,-14.525772556633342,-18.443738254575024,3.917965697941682,597.5107906284858,579.5499999999996,561.5892093715134,16.875214493674918,641.6256434810248,540.3743565189752,650.7365258970657
2020-09-28,584.0,584.0,578.0,579.0,-0.17,46486,26926505.0,32.12,18.02615193,576.1422837813618,634.5791675275917,773.5495592515276,43.77031169992264,37.92844308193019,35.79696404037297,-15.797282070264146,-19.423229679060444,3.6259476087962983,605.6767378368742,581.3999999999996,557.1232621631251,15.194682770749909,626.5840483122497,535.4159516877503,650.7365258970657
2020-09-29,579.0,579.0,570.0,573.0,-1.04,58385,33567560.0,32.12,17.83935243,574.7134256720427,636.8477049776975,775.5048312038043,33.10028349549123,32.593920035623,33.78541399838344,-17.08859374663996,-20.32971658125952,3.24112283461956,612.9354201258957,583.4499999999996,553.9645798741035,15.660758634166564,621.4822759024997,527.5177240975003,650.7365258970657
2020-09-30,601.0,601.0,569.0,571.0,-0.35,60813,34712402.0,32.12,17.77708593,575.570138508064,639.4537337522974,777.5400556380134,29.11479350245824,30.751854112257544,33.11482703072956,-17.877306559081376,-21.139997289914408,3.2626907308330324,619.3777538075692,585.8999999999996,552.4222461924301,16.400842926851738,634.2025287805552,535.7974712194448,650.7365258970657
2020-10-01,575.0,582.0,571.0,579.0,1.4,73645,42485200.0,32.12,18.02615193,577.855207762096,642.2477637013707,779.6158350916618,36.93922274499784,34.22590651466752,34.45475621624603,-18.42032099882897,-21.955669972622665,3.5353489737936954,623.7514084227664,588.2499999999997,552.7485915772329,14.667603252057486,620.5028097561725,532.4971902438275,650.7365258970657
2020-10-04,579.0,588.0,579.0,580.0,0.17,66773,38908296.0,32.12,18.05728518,577.2828116431441,644.8293050769369,781.6320746403217,38.076195321786486,34.6806618106903,34.62287013380538,-19.660018396487544,-22.839507216071087,3.179488819583544,627.8844257296437,590.2499999999997,552.6155742703556,15.07511472450832,628.725344173525,538.274655826475,650.7365258970657
2020-10-05,589.0,589.0,577.0,577.0,-0.52,54309,31460298.0,32.12,17.96388543,575.9242174647162,647.4753991617098,783.6585276517822,32.53908472218103,32.17004215719314,33.69107821172421,-21.058177352822668,-23.63437942096697,2.5762020681443047,631.5120846559983,592.1999999999996,552.8879153440009,15.527905249453688,629.5837157483611,536.4162842516389,650.7365258970657
2020-10-06,580.0,580.0,574.0,574.0,-0.52,42913,24711183.0,32.12,17.87048568,575.3863261970744,650.3519460662694,785.7354977789357,26.71411925115417,29.659545573589384,32.77122286893512,-22.23098129559503,-24.278429938003047,2.0474486424080176,634.4439050105861,594.2499999999997,554.0560949894132,15.586561388281874,623.7596841648456,530.2403158351544,650.7365258970657
2020-10-07,576.0,577.0,572.0,575.0,0.17,66003,37901911.0,32.12,17.90161893,576.0794892956116,653.4683520281579,787.8634927314879,27.415516041137323,30.003262269071307,32.917347145793954,-23.09909132734299,-24.79029209860505,1.6912007712620607,636.9450244158663,596.4999999999997,556.054975584133,16.651734875868748,624.4552046276062,524.5447953723938,650.7365258970657
2020-10-08,582.0,589.0,571.0,573.0,-0.35,52226,30106899.0,32.12,17.83935243,576.6192339434173,656.6711419068582,790.002824316729,23.86162601478896,28.463661371220194,32.3380848753751,-23.972946803103696,-25.21309229142057,1.2401454883168697,638.8657929177116,598.6499999999996,558.4342070822877,17.94637208429861,633.8391162528958,526.1608837471042,650.7365258970657
2020-10-11,575.0,582.0,571.0,574.0,0.17,73636,42495821.0,32.12,17.87048568,578.4288509151258,660.0862905561178,792.1837572244348,24.392428207688933,28.757334565437127,32.47267846094064,-24.53597038412022,-25.523128663499783,0.987158279379564,640.2868783713269,600.9499999999996,561.6131216286723,17.940413426998457,630.3212402809954,522.6787597190046,650.7365258970657
2020-10-12,580.0,587.0,575.0,580.0,1.05,87414,50811628.0,32.12,18.05728518,580.6432763726888,663.6000167012654,794.3765588045799,27.67589883904505,30.511213409658765,33.270285686888506,-24.999524549212424,-25.76991823334468,0.7703936841322516,645.4949875440483,604.3499999999997,563.2050124559511,18.71157047444273,637.1347114233282,524.8652885766718,650.7365258970657
2020-10-13,585.0,591.0,578.0,579.0,-0.17,49233,28571498.0,32.12,18.02615193,580.9649145590332,667.0122622809089,796.5310970840229,26.204244859903152,29.849075544435745,33.007004183378385,-25.838467871941475,-25.962516654377737,0.1240487824362617,650.5359279299661,607.5499999999996,564.5640720700331,19.457300527158587,642.8719015814758,526.1280984185242,650.7365258970657
2020-10-14,587.0,587.0,575.0,579.0,0.0,32158,18576483.0,32.12,18.02615193,581.9473718385499,670.6045995168644,798.7173392657719,26.204244859903152,29.849075544435745,33.00700418337838,-26.43161418026932,-25.9935288499868,-0.4380853302825187,660.9053275780415,612.0999999999997,563.2946724219579,20.17477836350954,641.5243350905287,520.4756649094713,650.7365258970657
2020-10-15,607.0,607.0,577.0,578.0,-0.17,40608,23500343.0,32.12,17.99501868,583.4210577578249,674.3435627624507,800.9255537307546,24.9984092814594,29.267935686929015,32.7625176214127,-26.80422471664008,-25.884007517416173,-0.920217199223906,669.095304842285,616.6499999999996,564.2046951577142,21.083087070566155,655.2492612116985,528.7507387883015,650.7365258970657
2020-10-18,585.0,585.0,572.0,572.0,-1.04,28061,16125361.0,42.14,13.57380161,586.1315866367373,678.2759530792854,803.1660115571943,17.838205970470298,25.845367427968245,31.31878745324153,-26.788113441729596,-25.653953217610194,-1.1341602241193982,680.8631283317441,622.2999999999996,563.7368716682552,19.53676341174017,637.1102902352205,519.8897097647795,650.7365258970657
2020-10-19,575.0,579.0,574.0,577.0,0.87,17751,10218697.0,42.14,13.69245373,593.1973799551059,682.6137470825215,805.4892880552566,19.19565673411885,26.850737792614964,31.866174485853985,-25.766995218963984,-25.370413161580345,-0.3965820573836396,688.2877788435154,628.0499999999996,567.8122211564838,20.26307045748908,637.2892113724672,515.7107886275328,650.7365258970657
2020-10-20,580.0,582.0,575.0,581.0,0.69,35260,20398867.0,42.14,13.78737542,601.296069932659,686.9245122695633,807.7856628095808,20.29383943014043,27.64972436099533,32.29973502236141,-24.59797530235824,-25.271267647234435,0.6732923448761987,696.6134877544432,634.0499999999996,571.486512245556,21.736744952765644,643.7102348582969,513.2897651417031,650.7365258970657
2020-10-21,610.0,634.0,602.0,605.0,4.13,399513,242957807.0,42.14,14.35690555,611.4441048989884,691.2479617499536,810.0649157021394,29.204801879282567,33.144671835709346,35.04626291099838,-23.15536478621993,-25.439590733453485,2.2842259472335518,694.3475498178406,636.6999999999996,579.0524501821586,20.818605503072934,680.4558165092188,555.5441834907812,650.7365258970657
2020-10-22,615.0,615.0,600.0,605.0,0.0,162894,98569835.0,42.14,14.35690555,614.6661573484826,694.7682867193395,812.125869628794,29.204801879282567,33.144671835709346,35.04626291099838,-23.420900239640105,-26.010647220261877,2.589746980621769,693.7829671405347,637.6499999999996,581.5170328594646,19.57622833674771,666.2286850102431,548.7713149897569,650.7365258970657
2020-10-28,610.0,618.0,605.0,617.0,1.98,139393,85420572.0,42.14,14.64167062,619.4992360227238,698.4322984221697,814.2075366602392,35.33424755997587,36.25057785727562,36.47548116282048,-23.419152396701637,-26.658083965417315,3.2389315687156817,695.2394018931692,640.3999999999996,585.5605981068301,19.86247592971968,671.087427789159,551.912572210841,650.7365258970657
2020-10-29,625.0,629.0,617.0,620.0,0.49,190125,118199396.0,42.14,14.71286189,620.7488540340858,701.7560657047072,816.1895219533069,37.06284212078741,37.056692037569086,36.83601054926042,-24.29809747867182,-27.46781685759624,3.169719378924416,695.7289884727595,641.8999999999996,588.0710115272398,20.402751033021865,684.2082530990656,561.7917469009344,650.7365258970657
2020-11-01,620.0,629.0,613.0,622.0,0.32,173339,107746680.0,42.14,14.76032273,621.1232810511286,705.0930479783688,818.1612759427874,38.16938612266828,37.573932311702265,37.07051344783963,-25.37197869269676,-28.26024670232734,2.8882680096305826,695.6017890470767,642.4999999999997,589.3982109529226,21.33639003669096,685.0091701100729,556.9908298899271,650.7365258970657
2020-11-02,618.0,624.0,617.0,618.0,-0.64,109064,67605201.0,42.14,14.66540104,620.684921576693,708.4846009570776,820.1327460527651,34.70364279975862,35.91265050980329,36.29180995603652,-26.57723102488569,-28.982313704734985,2.405082679849293,696.4731818950393,644.0499999999996,591.62681810496,21.92932226298996,686.2879667889699,554.7120332110301,650.7365258970657
2020-11-03,618.0,623.0,615.0,619.0,0.16,134689,83448967.0,42.14,14.68913147,622.0273823650394,712.1778499757339,822.1642309377175,35.141365384091905,36.13589020045722,36.39991090244126,-27.32172064124484,-29.583584374697303,2.2618637334524685,696.396155584923,645.3499999999997,594.3038444150764,23.58813584776662,689.7644075432999,548.2355924567001,650.7365258970657
2020-11-04,620.0,621.0,615.0,619.0,0.0,61952,38399020.0,42.14,14.68913147,623.5410735475591,715.9810275257639,824.2060825049308,35.141365384091905,36.13589020045722,36.39991090244127,-27.976371451343425,-30.149050308060424,2.172678856716999,696.2115238618054,645.5499999999996,594.8884761381938,25.32015094196291,693.9604528258888,542.0395471741112,650.7365258970657
2020-11-05,620.0,621.0,616.0,618.0,-0.16,86880,53670034.0,42.14,14.66540104,625.8116103213387,719.9394368125298,826.2684551934226,34.48848064543144,35.79174202338436,36.22483962785116,-28.40501490057693,-30.692220022239677,2.287205121662744,695.7994702292601,646.2499999999997,596.7005297707392,27.46683437995879,700.9005031398764,536.0994968601236,650.7365258970657
2020-11-08,620.0,622.0,617.0,619.0,0.16,78936,48795948.0,42.14,14.68913147,629.7174154820079,724.1002301518167,828.3616054968741,34.799862803690715,35.971739062660816,36.32082035851313,-28.437137777226557,-31.26402130265536,2.826883525428805,695.4035639722917,646.6499999999996,597.8964360277075,29.96314931106532,709.3894479331959,529.6105520668041,650.7365258970657
2020-11-09,622.0,623.0,617.0,618.0,-0.16,66336,41074321.0,42.14,14.66540104,635.0761232230119,728.3900354641357,830.4657422355361,34.27237174684535,35.67133737769386,36.15843294969526,-28.166325335754323,-31.97074218401256,3.804416848258239,695.9350682481706,646.2999999999996,596.6649317518286,32.73683256785036,718.210497703551,521.789502296449,650.7365258970657
2020-11-10,620.0,624.0,617.0,619.0,0.16,95856,59488516.0,42.14,14.68913147,643.6141848345179,732.8957511973657,832.6010763283556,34.52062371644986,35.82742251118101,36.24716902532656,-27.309159996482435,-32.92184639607712,5.612686399594686,696.0702316016325,646.1999999999996,596.3297683983667,35.70759174205595,727.6227752261678,513.3772247738322,650.7365258970657
2020-11-11,620.0,645.0,620.0,642.0,3.72,246848,156590427.0,42.14,15.23493118,655.9212772517768,737.5445573686868,834.7478208140677,40.52141398322194,39.52068114569256,38.32379456028327,-25.919699363499262,-34.32501799597579,8.40531863247653,696.0444096143673,647.7499999999997,599.455590385632,36.89732415783995,743.1919724735199,521.8080275264801,650.7365258970657
2020-11-12,650.0,650.0,635.0,644.0,0.31,212901,137176113.0,42.14,15.28239203,662.8819158776652,741.44433522047,836.6849848423498,41.07328667915364,39.85239688577787,38.50795994349816,-26.111046710295227,-36.426347654094926,10.3153009437997,697.924431524549,648.9999999999997,600.0755684754503,38.219249064266606,757.1577471927998,527.8422528072002,650.7365258970657
2020-11-18,649.0,675.0,644.0,670.0,4.04,274516,181227572.0,42.14,15.89938301,672.3228738164977,745.421655025387,838.6215173533282,48.74464058226184,44.34554026718159,40.96472801121211,-26.179114826237765,-39.00517289004485,12.826058063807082,700.2654188792242,650.3999999999996,600.5345811207751,38.57694340474067,775.230830214222,543.769169785778,650.7365258970657
2020-11-19,675.0,683.0,664.0,670.0,0.0,232275,156080501.0,42.14,15.89938301,673.4843107247465,748.5000899243825,840.3162059699446,48.74464058226184,44.3455402671816,40.96472801121211,-28.53248009675008,-42.21168740599662,13.679207309246545,700.1386533258344,650.3499999999997,600.561346674165,39.418826005267405,791.7564780158023,555.2435219841977,650.7365258970657
2020-11-22,674.0,694.0,671.0,691.0,3.13,259501,178025620.0,42.14,16.39772188,675.2264660871198,751.7041752274184,842.0279266329591,55.34093370237563,48.12418251655061,43.00713640421511,-31.121212058796573,-45.63148923330826,14.510277174511684,703.4279223855951,651.3499999999997,599.2720776144042,40.79869556140822,804.8960866842247,560.1039133157753,650.7365258970657
2020-11-23,695.0,699.0,686.0,687.0,-0.58,214571,147975808.0,42.14,16.30280019,667.3396991306796,754.1818966652722,843.5457952423355,54.29371553928925,47.33039938755355,42.48276080756188,-36.11088504222619,-49.25905852693618,13.148173484709991,707.0545535452246,652.1499999999996,597.2454464547747,42.7763284015647,820.8289852046942,564.1710147953058,650.7365258970657
2020-11-24,720.0,720.0,687.0,697.0,1.46,538774,373386505.0,42.14,16.54010441,657.5095486960195,756.9240148965079,845.1191198176354,57.27845413770694,49.07356997253365,43.44203643635824,-41.54700023137127,-52.54610189811368,10.999101666742405,732.8609572174535,656.6499999999996,580.4390427825458,46.08480933507188,841.7544280052157,565.2455719947843,650.7365258970657
2020-11-25,610.0,640.0,605.0,634.0,8.91,309672,192996761.0,42.14,15.0450878,637.7643230440292,759.369893055549,846.6077541876618,38.27668681936556,35.08798335008181,34.49648620761628,-48.89932179669654,-55.29587731479928,6.396555518102737,778.6288745234978,664.4999999999997,550.3711254765016,41.64978815007987,747.4493644502396,497.5506355497604,650.7365258970657
2020-11-26,648.0,650.0,623.0,624.0,-1.58,235735,149333909.0,42.14,14.80778358,639.6464845660438,764.4870315476122,848.7445155362816,34.14382923904872,32.34967658818035,32.87876409092741,-51.15774936848709,-56.89501619432496,5.737266825837871,814.6672251464804,675.3999999999996,536.1327748535189,42.38865350008874,763.6659605002662,509.33403949973376,650.7365258970657
2020-11-29,638.0,678.0,626.0,660.0,5.77,311229,200999777.0,42.14,15.66207879,647.4697268490656,770.221196100576,851.0032543858924,43.4546357539178,37.66048626249252,35.946899299374934,-52.27802966021261,-58.32933290078443,6.051303240571819,837.3768421590876,685.5499999999996,533.7231578409117,42.98739277787638,780.9621783336291,523.0378216663709,650.7365258970657
2020-11-30,680.0,692.0,644.0,647.0,-1.97,193860,128146664.0,42.14,15.35358329,641.2045902735985,774.7200204312118,852.922885083238,38.03035153117394,34.028861739364814,33.80552372107324,-56.61296152841192,-59.842158710927386,3.2291971825154704,853.6532066927696,693.0499999999996,532.4467933072297,41.9859919754182,793.9579759262546,542.0420240737454,650.7365258970657
2020-12-01,646.0,655.0,630.0,632.0,-2.32,170189,108430082.0,42.14,14.99762696,638.3068854103977,779.9330824896285,854.992461817743,31.26796452302925,29.63703838357742,31.259974396486083,-59.99881330886387,-60.64945800655625,0.6506446976923783,876.9562156766522,703.3999999999996,529.8437843233471,39.98443552824244,762.4533065847273,522.5466934152727,650.7365258970657
2020-12-02,635.0,688.0,630.0,653.0,3.32,199988,129755038.0,42.14,15.49596583,641.4603281155967,785.9711674892052,857.233592087268,36.1813556515638,32.44493523894787,32.96368071427929,-61.92040866051184,-60.812119180979344,-1.108289479532495,894.1863278232724,713.8999999999996,533.6136721767268,41.64937280915827,783.9481184274748,534.0518815725252,650.7365258970657
2020-12-03,660.0,660.0,637.0,644.0,-1.38,141764,91700630.0,42.14,15.28239203,635.690492173395,791.3985620806013,859.2861910027179,32.11777893934892,29.79805669511613,31.426022168079754,-65.61058441973512,-60.53504681109622,-5.075537608638896,914.9182150097646,724.7499999999997,534.5817849902347,39.83263645462031,767.9979093638609,529.0020906361391,650.7365258970657
2020-12-06,632.0,644.0,623.0,623.0,-3.26,158242,100157792.0,42.14,14.78405316,631.5357382600924,797.4148299206258,861.4498713143031,21.788890193789843,23.285595985761244,27.71182436902373,-68.44989116085674,-59.2661624089365,-9.183728751920237,934.7381369491884,736.6499999999996,538.5618630508108,40.14737383846701,753.942121515401,513.057878484599,650.7365258970657
2020-12-07,623.0,636.0,620.0,633.0,1.61,148276,93158756.0,42.14,15.02135738,635.8036073901386,804.5338025704473,863.8463524330398,23.28882844433653,24.281619647453407,28.41540101166724,-68.9400624390031,-56.970230220956445,-11.969832218046657,953.342557773814,750.4499999999996,547.5574422261852,42.274859820518905,754.8245794615567,501.1754205384433,650.7365258970657
2020-12-08,664.0,664.0,625.0,626.0,-1.11,128039,80747408.0,42.14,14.85524442,637.2054110852079,811.5351822672002,866.1664162765879,19.85597768677529,22.116196336702277,27.172865555221264,-69.5811165076334,-53.97777216644478,-15.603344341188617,967.710939501536,763.3999999999996,559.0890604984634,45.19428868946545,780.0828660683964,508.9171339316037,650.7365258970657
2020-12-09,625.0,626.0,611.0,612.0,-2.24,127221,78568575.0,42.14,14.52301851,642.8081166278118,819.1080468495348,868.5801491034883,12.928938927955066,17.74766941321425,24.66211333045168,-68.67451836966518,-50.07693608114762,-18.59758228851756,976.6684372756174,776.2499999999997,575.8315627243819,44.4380985438505,751.8142956315514,485.1857043684485,650.7365258970657
2020-12-10,612.0,621.0,608.0,616.0,0.65,104431,64388391.0,42.14,14.6179402,658.2121749417178,827.5614365168628,871.1588440693525,13.21911274475449,18.01576385881037,24.89754799171618,-65.09301284273602,-45.42754050901823,-19.665472333717787,981.7377280663192,790.2499999999997,598.76227193368,47.70899838205611,757.6269951461684,471.3730048538317,650.7365258970657
2020-12-13,620.0,652.0,620.0,650.0,5.52,236248,151067309.0,42.14,15.42477456,679.3182624125767,836.1965971910205,873.7232545625119,15.918490196397848,20.454530485604945,27.000881882908068,-59.98217469247038,-40.51117242558878,-19.4710022668816,985.1700210736468,804.8499999999997,624.5299789263527,48.3433315356179,781.0299946068537,490.9700053931463,650.7365258970657
2020-12-14,663.0,673.0,648.0,667.0,2.62,337934,223504525.0,42.14,15.82819174,693.9773936188651,843.796458300858,875.9717294827382,17.50740483174885,21.82630625806541,28.142047205860564,-56.04823691242257,-35.64342185886838,-20.404815053554188,991.7215015539996,818.6999999999996,645.6784984459995,48.492590595131,805.977771785393,515.022228214607,650.7365258970657
2020-12-15,680.0,680.0,667.0,672.0,0.75,284988,191974002.0,42.14,15.94684385,707.4660904282977,851.0126402723216,878.0719478694994,17.97651267790335,22.23353510371685,28.481932509227224,-51.94276379079906,-30.542218095479832,-21.40054569531923,994.1139871299406,831.0999999999997,668.0860128700588,51.10287843903444,826.8086353171034,520.1913646828966,650.7365258970657
2020-12-16,700.0,700.0,665.0,669.0,-0.45,170003,113945815.0,42.14,15.87565259,725.1991356424465,858.3192786507838,880.1430227224591,16.787356297186577,21.416660610196335,27.98092211182011,-46.456246987697,-25.192081671650023,-21.264165316046977,993.120272508438,843.3999999999996,693.6797274915612,55.33653159892716,848.5095947967815,516.4904052032185,650.7365258970657
2020-12-17,665.0,699.0,665.0,690.0,3.14,349388,238611164.0,42.14,16.37399146,753.2987034636698,866.0465961467341,882.2650631518305,18.45186692327057,22.98608866851141,29.363227600800823,-38.47227467555308,-19.87604034263828,-18.596234332914804,984.7157462332848,855.5499999999996,726.3842537667144,57.596146221030175,854.7884386630906,509.2115613369095,650.7365258970657
2020-12-20,690.0,749.0,671.0,707.0,2.46,674434,479739945.0,42.14,16.77740864,784.9480551955047,873.2321714996621,884.1973753443112,19.869515708446063,24.32609548828633,30.535554360900445,-29.860407838226703,-15.226981759409576,-14.63342607881713,971.7899238338276,866.0999999999997,760.4100761661718,59.32905135670019,887.9871540701006,532.0128459298994,650.7365258970657
2020-12-21,707.0,777.0,699.0,777.0,9.9,605883,448081210.0,42.14,18.43853821,823.9220827932571,880.017158091485,885.9782534884752,27.64286007738193,31.30361086986889,36.2578029874119,-20.16511005184691,-11.568625239705293,-8.596484812141616,953.7042980137048,876.0499999999996,798.3957019862944,54.14339039633355,900.4301711890007,575.5698288109993,650.7365258970657
2020-12-22,815.0,854.0,814.0,854.0,9.91,555811,468134172.0,42.14,20.26578073,847.3831241898857,884.2219400544028,887.0735123175051,44.76763937687807,44.27535819642864,45.20305601953199,-14.624346549204349,-9.419504036669888,-5.204842512534459,945.6936217269206,882.1999999999996,818.7063782730786,42.93710044037062,962.8113013211118,705.1886986788882,650.7365258970657
2020-12-23,896.0,920.0,825.0,852.0,-0.23,381481,330372542.0,42.14,20.21831989,844.0746862848285,885.4554886280519,887.4059094262237,43.96618473295823,43.7127989271326,44.8638700118091,-15.179599728752123,-8.118293408536273,-7.06130632021585,946.154421064756,883.9499999999996,821.7455789352431,43.263444933745134,1002.2903348012354,742.7096651987646,650.7365258970657
2020-12-24,863.0,863.0,813.0,827.0,-2.93,390680,322553517.0,42.14,19.62505933,840.1120294272429,886.8210187761356,887.7617477119144,33.19534509732701,36.24172784858503,40.43983310123176,-15.463874154592986,-6.352966828482311,-9.110907326110675,946.155272722908,885.6999999999996,825.2447272770911,37.514938815272366,950.5448164458172,725.4551835541829,650.7365258970657
2020-12-27,827.0,836.0,805.0,810.0,-2.06,329040,268546584.0,42.14,19.22164215,846.6680441408643,889.2626930118962,888.37241854319,24.41317465808865,30.40931064080573,37.14764882642686,-13.056328070417749,-4.075239996954641,-8.981088073463107,942.749422896288,888.5999999999997,834.4505771037113,35.79437646141374,927.8831293842412,713.1168706157588,650.7365258970657
2020-12-28,809.0,854.0,801.0,854.0,5.43,359860,300668927.0,42.14,20.26578073,865.0020662112963,892.4979049715654,889.1600810411114,34.99820613868915,38.978917260979486,43.06184698416089,-8.062604478318917,-1.829967978588864,-6.232636499730053,934.3179581090284,893.4499999999996,852.5820418909707,34.32708495712638,930.4812548713792,724.5187451286208,650.7365258970657
2020-12-29,854.0,863.0,840.0,842.0,-1.41,176925,150659167.0,42.14,19.98101566,870.5030993169445,894.0692480316293,889.5134486897658,27.36337178520615,34.28933614404821,40.58523049802307,-6.051523028355291,-0.2718088536563507,-5.77971417469894,932.4426423142434,895.7499999999997,859.057357685756,32.25231661902931,948.256949857088,754.7430501429121,650.7365258970657
2020-12-30,842.0,881.0,835.0,870.0,3.33,370286,322365443.0,42.14,20.64546749,884.7546489754167,896.1945234614917,889.9909707871504,36.17636582659011,41.1395812621013,44.96641638915878,-2.174811460898354,1.1731196900183845,-3.3479311509167387,925.5770966197176,898.2999999999996,871.0229033802816,32.50257402114367,955.5077220634312,760.4922779365689,650.7365258970657
2020-12-31,875.0,898.0,870.0,882.0,1.38,304296,270011444.0,42.14,20.93023256,892.1319734631251,897.2636876844098,890.1918850664183,41.23576059132373,44.69281054545514,47.056369430132925,-0.0459932571858416,2.0101024777475693,-2.056095734933411,924.8595039862277,898.5499999999996,872.2404960137717,30.89174891238186,976.6752467371456,791.3247532628544,650.7365258970657
2021-01-03,895.0,908.0,892.0,899.0,1.93,304366,273796779.0,42.14,21.33364974,897.1979601946877,897.886695344998,890.2742155695984,50.05019762744942,50.42160177318009,50.23151339630608,1.4500036974753812,2.524126411480922,-1.074122714005541,927.9424580839494,897.4499999999996,866.9575419160498,31.10194323597984,993.3058297079396,806.6941702920604,650.7365258970657
2021-01-04,908.0,913.0,885.0,892.0,-0.78,234042,210570290.0,42.14,21.16753678,896.2969402920314,897.8412543386713,890.1865192436646,45.8105272579729,47.86650962919366,48.86768150358231,1.6074397567343794,2.792657089982308,-1.185217333247928,930.5481533606608,895.3499999999997,860.1518466393386,32.77993692886649,997.3398107865996,800.6601892134005,650.7365258970657
2021-01-05,890.0,899.0,880.0,883.0,-1.01,184653,163977774.0,42.14,20.95396298,898.4454104380471,898.0796728831069,890.1682933064151,39.98923464244682,44.44853044564881,47.07764762738946,2.497731748636056,3.0889614232942897,-0.5912296746582335,930.4672762256796,895.1499999999996,859.8327237743196,33.08881880985165,988.766456429555,790.233543570445,650.7365258970657
2021-01-06,898.0,899.0,882.0,892.0,1.02,110605,98268937.0,42.14,21.16753678,906.1681156570706,898.6951697354787,890.2403364552233,44.210873493810325,47.329932157148335,48.71483440404573,4.5141010655922855,3.236768841958848,1.2773322236334377,930.4886987610562,895.0999999999997,859.7113012389432,34.654243122057395,994.4627293661722,786.5372706338278,650.7365258970657
2021-01-07,893.0,916.0,890.0,908.0,1.79,250027,226100607.0,42.14,21.54722354,913.252173485606,898.9684419695798,890.2226513944718,53.063174296515214,53.00185423952167,51.78856694024373,6.105698251007766,2.917435786050489,3.188262464957277,930.5951376049376,894.3499999999997,858.1048623950617,35.615825691174884,1009.8474770735248,796.1525229264753,650.7365258970657
2021-01-10,910.0,935.0,910.0,927.0,2.09,194033,179425191.0,42.14,21.99810157,915.8782602284092,898.59980694793,890.0439845743157,67.28379870395409,61.07208720596793,55.80243253634107,6.419253956741613,2.12037016981117,4.298883786930444,929.3611699623,892.6499999999996,855.9388300376994,35.46202854574987,1028.8860856372496,816.1139143627504,650.7365258970657
2021-01-11,945.0,963.0,912.0,915.0,-1.29,176512,163009521.0,42.14,21.7133365,910.3173903426136,897.4406153947843,889.6725673338566,61.48983230733701,57.255084835724325,53.62306828382161,4.791548636325729,1.045649223078559,3.7458994132471695,923.9154941166362,890.7499999999997,857.5845058833631,36.62447616194429,1047.3734284858328,827.6265715141672,650.7365258970657
2021-01-12,930.0,950.0,907.0,918.0,0.33,135414,123833420.0,42.14,21.78452776,907.9760855139205,896.7239058190612,889.4180202718853,64.00890671703084,58.588699914719285,54.26525982990184,3.866127683557352,0.1091743697667664,3.756953313790585,920.6499599999898,889.3999999999996,858.1500400000094,35.02719573549366,1033.581587206481,823.418412793519,650.7365258970657
2021-01-13,925.0,936.0,907.0,912.0,-0.65,174132,159386980.0,42.14,21.64214523,902.9641282708808,895.855493811676,889.1307641942159,61.181741363660166,56.71635627042237,53.18888600318421,2.323264901172138,-0.8300639586808799,3.153328859853018,916.1119693087544,887.6999999999996,859.2880306912449,34.14132859499296,1023.9239857849788,819.0760142150211,650.7365258970657
2021-01-17,925.0,925.0,896.0,901.0,-1.21,254035,229024879.0,35.73,25.21690456,898.446192406321,895.1965343754179,888.9009226283287,55.483119998952034,53.10698458007136,51.166094896894734,0.9311270967289148,-1.6183961736441344,2.549523270373049,912.7070258248395,886.5499999999996,860.3929741751597,34.04592066110328,1012.6377619833098,808.3622380166902,650.7365258970657
2021-01-18,902.0,935.0,896.0,906.0,0.55,223189,202442747.0,35.73,25.35684299,897.1692886094814,894.9596582274758,888.7793238607742,58.98156320545951,55.0443575538379,52.14942684821177,0.2607093594689331,-2.2557769912373966,2.5164863507063298,910.9412094282508,885.3499999999997,859.7587905717485,34.60657851233698,1019.319735537011,811.680264462989,650.7365258970657
2021-01-19,951.0,951.0,895.0,900.0,-0.66,223860,202001414.0,35.73,25.18891688,892.7539329142222,894.5090320326789,888.6062517387719,56.02382209618939,53.139488247228286,51.06604724126913,-1.107870506771519,-2.884898578913979,1.77702807214246,913.6265215993848,885.8999999999996,858.1734784006145,34.11842056926331,1025.35526170779,820.64473829221,650.7365258970657
2021-01-20,905.0,905.0,885.0,889.0,-1.22,205128,182867884.0,35.73,24.88105234,889.1308993713334,894.2849108911555,888.4917417059958,50.16814655058396,49.49648704000977,49.03520366736319,-2.227652510492703,-3.3291555969495943,1.101503086456891,918.936457089326,887.0999999999997,855.2635429106733,31.02046729918145,988.0614018975444,801.9385981024557,650.7365258970657
2021-01-21,890.0,901.0,885.0,887.0,-0.22,181625,161635844.0,35.73,24.82507697,889.1963490570001,894.5006215397741,888.4866335824379,49.0721745862909,48.82480392579694,48.66332397452302,-2.5044993223624488,-3.604531368563817,1.1000320462013682,924.2829536538454,888.7999999999996,853.3170463461538,32.24496366575717,989.7348909972716,796.2651090027285,650.7365258970657
2021-01-24,899.0,905.0,880.0,885.0,-0.23,234231,208206323.0,35.73,24.7691016,890.2945235855002,894.8067693577241,888.5015746234674,48.05669914178805,48.18490041016976,48.30117767338059,-2.617791081187306,-3.879539380114159,1.261748298926853,940.5766609926188,892.5999999999997,844.6233390073805,34.04995962861908,994.6498788858572,790.3501211141428,650.7365258970657
2021-01-25,929.0,929.0,880.0,907.0,2.49,330776,297641533.0,35.73,25.38483067,892.9417853782503,895.2070456580393,888.5367663282259,59.695094306632846,55.24025149576346,52.18893028623043,-2.520679237633658,-4.194976454845873,1.6742972172122146,951.0541627176764,896.0999999999997,841.1458372823229,34.833288476243425,1008.9998654287302,800.0001345712698,650.7365258970657
2021-01-26,909.0,915.0,897.0,900.0,-0.77,154147,139252770.0,35.73,25.18891688,885.9126780673755,894.7257005828573,888.3512061908211,56.73138947991491,53.21633504398827,50.98381953592048,-4.600064786586927,-4.613550759148926,0.0134859725619991,952.24595309014,896.6499999999996,841.0540469098594,33.25920941804824,1005.7776282541448,806.2223717458553,650.7365258970657
2021-01-27,902.0,902.0,888.0,893.0,-0.78,158020,141476515.0,35.73,24.99300308,878.8690171010633,894.5104230556269,888.2341328862062,53.705493647651856,51.16591265535874,49.76834111232337,-6.474479581264177,-4.6169222522894255,-1.8575573289747516,954.8487488888128,897.8999999999996,840.9512511111866,34.51023268672027,998.5306980601608,791.4693019398392,650.7365258970657
2021-01-28,892.0,895.0,868.0,875.0,-2.02,325484,286009671.0,35.73,24.48922474,871.8035256515949,894.5720729762647,888.1862347242585,44.89756572458778,45.45810838164478,46.492939337406106,-8.06001294347027,-4.152532920045738,-3.9074800234245313,956.9453204341644,899.2499999999997,841.554679565835,35.344702985244744,987.5341089557344,775.4658910442657,650.7365258970657
2021-01-31,875.0,880.0,858.0,860.0,-1.71,356920,308720078.0,35.73,24.06940946,870.2052884773924,895.3709330977449,888.3187596963616,35.85786778680357,40.03459331940151,43.54814289544765,-8.133766246599066,-3.175662914189606,-4.95810333240946,957.3958295022758,900.7499999999995,844.1041704977235,35.383003316938606,975.1490099508158,762.8509900491842,650.7365258970657
2021-02-01,877.0,877.0,855.0,857.0,-0.35,206175,177559080.0,35.73,23.9854464,875.3079327160887,896.8146446527549,888.6033703465763,33.93097064198109,38.90637840254172,42.94525413226132,-6.582320226278512,-1.9361370810872407,-4.646183145191271,956.0697332465392,901.8999999999996,847.73026675346,36.75889257437623,976.2766777231288,755.7233222768713,650.7365258970657
2021-02-02,899.0,899.0,861.0,888.0,3.62,188825,165623996.0,35.73,24.85306465,884.4618990741329,898.439732189602,888.9209921591047,46.86162083081695,47.47742765100472,48.03411296014001,-4.200913557050626,-0.7745912947894227,-3.4263222622612037,954.0336282933368,903.6499999999996,853.2663717066624,37.17654730486248,991.5296419145876,768.4703580854125,650.7365258970657
2021-02-03,850.0,915.0,850.0,882.0,-0.68,157512,139831827.0,35.73,24.68513854,882.6928486111995,898.8658437075449,888.9302483617088,43.13324613586053,45.3121743272103,46.8642008616804,-4.256632120224481,0.0819892707758782,-4.338621391000359,954.2475489607186,903.2499999999995,852.2524510392807,37.08505256095831,993.7551576828748,771.2448423171251,650.7365258970657
2021-02-04,882.0,882.0,870.0,877.0,-0.57,139753,122179919.0,35.73,24.54520011,883.0392729167992,899.5542454915263,888.9998990990124,40.01568344993252,43.51012184711884,45.8896483832864,-3.654925528199556,1.166644618525968,-4.821570146725524,954.9004545434848,902.6499999999996,850.3995454565146,33.98339173439812,977.9501752031944,774.0498247968056,650.7365258970657
2021-02-07,877.0,880.0,869.0,874.0,-0.34,124789,109051358.0,35.73,24.46123706,886.0589093751988,900.47482694016,889.1205011000075,38.20900581896456,42.45364207195901,45.31190726915826,-2.324675652150177,2.372037155207349,-4.6967128073575255,954.5830617115894,903.4499999999996,852.3169382884098,36.42599081599791,983.7779724479938,765.2220275520062,650.7365258970657
2021-02-08,880.0,899.0,874.0,889.0,1.72,230184,204897108.0,35.73,24.88105234,892.0883640627982,901.555432121391,889.2724659351834,44.1142731418352,46.49046561763891,47.75958775455454,-0.2875250735977488,3.54621535704673,-3.833740430644479,954.3501972382865,903.6499999999996,852.9498027617129,38.25110090666434,1001.253302719993,771.746697280007,650.7365258970657
2021-02-09,900.0,905.0,880.0,888.0,-0.11,256674,229162568.0,35.73,24.85306465,893.6325460941973,902.0678987385908,889.2752042862908,43.59770596004106,46.17362268730168,47.57835654511055,0.7895293022795613,4.50465046470785,-3.715121162428289,955.2209996100592,902.6499999999996,850.07900038994,39.72344545184927,1011.6703363555478,773.3296636444522,650.7365258970657
2021-02-10,888.0,895.0,878.0,884.0,-0.45,108250,95773858.0,35.73,24.74111391,896.448819141296,902.6420986871044,889.2880204097711,41.681054980006245,44.9631878118396,46.87058573808407,2.254576461275292,5.433430755314922,-3.1788542940396303,956.181401226778,901.5499999999996,846.9185987732212,41.35938383538807,1010.5781515061642,762.4218484938358,650.7365258970657
2021-02-11,888.0,920.0,880.0,889.0,0.57,230138,206767415.0,35.73,24.88105234,902.673228711944,903.4030006743332,889.3411663435377,43.3165828401868,46.16826584093402,47.64247965173137,4.498988268411267,6.22814432882483,-1.7291560604135627,957.5611561182728,900.2999999999996,843.0388438817265,44.06598203932008,1032.1979461179603,767.8020538820398,650.7365258970657
2021-02-14,900.0,900.0,875.0,877.0,-1.35,171612,152198279.0,35.73,24.54520011,909.509843067916,903.9908782528776,889.3445951510104,38.13811722832451,42.74870824894866,45.57748802989294,6.789143145615299,6.66043334392822,0.1287098016870782,959.0331035112464,898.5999999999997,838.1668964887529,44.184424488133416,1020.0532734644004,754.9467265355997,650.7365258970657
2021-02-15,890.0,921.0,886.0,917.0,4.56,448841,406903392.0,35.73,25.66470753,925.7647646018742,905.0925467529948,889.468661433935,52.29338327718772,53.211006236305735,52.1606093430083,10.83528056131047,6.62825589350645,4.207024667804019,959.8301900770336,897.7499999999997,835.6698099229658,44.427138320148245,1036.7814149604446,770.2185850395553,650.7365258970657
2021-02-16,930.0,940.0,911.0,924.0,0.76,363939,336765156.0,35.73,25.86062133,930.1471469028112,904.6065282531172,889.1919645639243,55.49757363631318,55.4148648697838,53.45779395172266,11.76929187281496,5.576499726555445,6.192792146259516,958.1365858735091,895.1499999999996,832.1634141264901,45.14126480016471,1060.9237944004942,790.0762055995059,650.7365258970657
2021-02-17,930.0,935.0,911.0,923.0,-0.11,205348,189119982.0,35.73,25.83263364,933.220720354217,903.814957977734,888.8421350620542,55.14859644388884,55.16855473721501,53.29851329777829,12.077512974076058,4.028301689990567,8.04921128408549,954.847592248827,892.5499999999996,830.2524077511722,46.93473866684968,1063.804216000549,782.1957839994509,650.7365258970657
2021-02-18,923.0,983.0,923.0,963.0,4.33,587795,560108357.0,35.73,26.95214106,938.3310805313256,903.0318950380498,888.4988399370498,76.46973606971024,69.41146381860509,61.36251137482645,12.397060445517354,2.0159988689691937,10.38106157654816,951.7672957237162,891.0499999999996,830.332704276283,46.371931852055205,1092.1157955561655,813.8842044438344,650.7365258970657
2021-02-21,1000.0,1000.0,944.0,955.0,-0.83,320881,306677360.0,35.73,26.72823957,925.9966207969882,900.5842172845008,887.7500845595326,74.73311473639018,67.8710070277275,60.206536788198974,8.551871066222247,-0.579266525167847,9.131137591390097,937.981264926526,886.9499999999996,835.918735073473,44.85770205783912,1106.573106173517,837.4268938264827,650.7365258970657
2021-02-22,951.0,951.0,914.0,918.0,-3.87,410509,382475253.0,35.73,25.69269521,911.4949311954824,898.3631649287662,887.0742060123922,63.7274733901574,59.00446078152,54.110692411550254,4.33416577023138,-2.862050923015371,7.19621669324675,923.5097330688318,883.0499999999996,842.5902669311674,40.73078006426569,1054.692340192797,810.307659807203,650.7365258970657
2021-02-23,920.0,925.0,893.0,925.0,0.76,361039,328050381.0,35.73,25.88860901,908.2423967932236,897.5616614564709,886.7633940125168,68.76446853048863,62.01078802864928,55.65924879748126,2.655070417599632,-4.661105096327058,7.31617551392669,918.2585790901736,881.0999999999997,843.9414209098258,41.14531118251743,1032.4359335475524,785.5640664524477,650.7365258970657
2021-02-24,940.0,955.0,915.0,920.0,-0.54,220278,204754832.0,35.73,25.74867058,899.8635951898353,896.4417292710208,886.3791065151552,67.11412772025308,60.68208106538802,54.77168925645845,-0.2394123112881061,-6.490148974808731,6.250736663520625,909.8154268263866,878.4499999999996,847.0845731736126,42.161456869463805,1061.4843706083914,808.5156293916086,650.7365258970657
2021-02-25,966.0,966.0,900.0,905.0,-1.63,224463,204046702.0,35.73,25.3288553,889.7953927847531,895.4801672004502,886.0412080881719,61.72080702635442,56.43767909553359,52.00484754858513,-3.421251542540631,-8.052833140688888,4.631581598148257,901.0257882758672,876.0499999999996,851.0742117241319,41.29050763273756,1056.8715228982128,809.1284771017873,650.7365258970657
2021-02-28,900.0,900.0,878.0,883.0,-2.43,277409,246009545.0,35.73,24.71312622,882.1930891771295,895.0916025963869,885.8506674659425,51.31057454955934,48.9293336139931,47.48116996484272,-5.905399047993228,-9.210728540225952,3.3053294922327243,895.5792351136903,874.3999999999996,853.220764886309,36.65611959193062,998.968358775792,779.0316412242081,650.7365258970657
2021-03-01,927.0,927.0,861.0,892.0,1.02,202862,180548802.0,35.73,24.96501539,881.7896337656944,895.5851373962395,885.8793173902233,56.94170269603534,52.3573766134036,49.30627351791732,-6.750177877891019,-10.037060913284131,3.2868830353931138,899.7589819163537,875.3999999999996,851.0410180836456,38.28457732436736,1008.853731973102,779.1462680268979,650.7365258970657
2021-03-02,909.0,909.0,862.0,880.0,-1.35,203295,177935664.0,35.73,24.62916317,876.6844506485415,895.7314695348615,885.8178029921351,50.50376256962914,47.83222280356665,46.68301144555983,-8.646602088009558,-10.858781672132412,2.212179584122854,903.2739746350225,876.1499999999996,849.0260253649768,35.20508591596373,991.1152577478912,779.8847422521088,650.7365258970657
2021-03-03,866.0,876.0,853.0,870.0,-1.14,247185,213430515.0,35.73,24.34928631,875.0266759728123,896.3735703322028,885.8762733739655,44.3391442615929,43.69387087557758,44.3804848868824,-9.71954204946246,-11.411826568163129,1.6922845187006654,911.64009569366,878.1999999999996,844.7599043063393,33.89453990662636,966.1836197198792,762.8163802801209,650.7365258970657
2021-03-04,913.0,913.0,870.0,893.0,2.64,177944,158489261.0,35.73,24.99300308,877.5400139592185,897.45004259066,886.0358339103873,59.48607470969806,52.60654482989669,49.05838986678128,-9.929446624997468,-11.834897697838294,1.905451072840826,917.0300423150336,880.3999999999996,843.7699576849658,33.21615545180707,991.1484663554212,791.8515336445788,650.7365258970657
2021-03-07,910.0,910.0,875.0,878.0,-1.68,101323,89260873.0,35.73,24.5731878,869.8100209388277,897.6316769821156,885.9658422913961,49.481498849821534,45.92700290829706,45.45910456496711,-12.394751059589453,-12.3112604660485,-0.0834905935409526,921.48101806383,881.6499999999996,841.8189819361694,32.129061613118964,988.8871848393568,796.1128151606431,650.7365258970657
2021-03-09,880.0,880.0,866.0,869.0,-1.03,80802,70327704.0,35.73,24.32129863,865.7150314082417,898.4329699201611,886.0459010078926,41.81892185348834,41.31923446457216,43.14526785876888,-13.83381597705636,-12.290387817663262,-1.5434281593930983,926.881774830176,883.7499999999997,840.6182251698234,31.1434017923544,966.4302053770632,779.5697946229368,650.7365258970657
2021-03-10,912.0,912.0,861.0,866.0,-0.35,54313,47028820.0,35.73,24.23733557,864.0725471123625,899.6343156311881,886.2172165959116,39.0811166040012,39.72955838257352,42.3628058658522,-14.553003330229783,-11.904530777814989,-2.6484725524147983,931.2271029492384,886.1999999999996,841.1728970507609,33.04822421372711,985.6446726411814,787.3553273588186,650.7365258970657
2021-03-14,875.0,875.0,843.0,859.0,-0.81,135716,116011509.0,35.73,24.04142177,863.1088206685438,901.0071448406244,886.4204047024032,32.49245227870905,35.97136416487773,40.52945072065227,-14.953813321658686,-11.242412639711286,-3.7114006819473992,941.9805142333524,890.3499999999997,838.719485766647,30.83136023747457,951.4940807124236,766.5059192875763,650.7365258970657
2021-03-15,901.0,901.0,840.0,855.0,-0.47,147770,125772248.0,35.73,23.92947103,865.1632310028157,902.721722181058,886.6959866592113,28.568299900595477,33.78038229692997,39.473304821345,-14.535155335131094,-10.314562469224436,-4.220592865906658,956.0228741828028,895.8999999999996,835.7771258171965,30.701511374971744,962.6045341249152,778.3954658750847,650.7365258970657
2021-03-16,842.0,867.0,842.0,860.0,0.58,102391,87796892.0,35.73,24.06940946,870.2448465042236,904.6695475762032,887.014539288952,30.54086990380403,35.177573166944775,40.33283668555129,-13.382102336543085,-9.25941425274777,-4.122688083795314,969.2383645913458,902.0999999999996,834.9616354086536,27.335012638857496,936.5050379165724,772.4949620834275,650.7365258970657
2021-03-17,865.0,874.0,854.0,865.0,0.58,66842,57867774.0,35.73,24.20934789,875.3672697563353,906.4927944160482,887.2860421963787,32.5379020377201,36.582588041138,41.19395579031707,-12.224829566177393,-8.228742231798941,-3.9960873343784495,976.45079479313,907.2499999999995,838.0492052068694,27.59445848761944,946.7833754628584,781.2166245371417,650.7365258970657
2021-03-18,861.0,879.0,860.0,872.0,0.81,84339,73674975.0,35.73,24.40526168,880.5509046345029,908.1863778616012,887.5100225199604,35.420137129751815,38.58608708420192,42.41093042316332,-11.079003891038838,-7.229720398204328,-3.849283492834509,979.9197781666056,911.3999999999996,842.8802218333936,28.438287208466043,954.8148616253982,784.1851383746018,650.7365258970657
2021-03-21,878.0,894.0,870.0,893.0,2.41,116839,103370221.0,35.73,24.99300308,884.8263569517544,909.6633728763604,887.6659021432766,46.37452323534168,45.53272998510431,46.35492587882536,-10.168091790901483,-6.267399524995701,-3.900692265905784,981.8957524736194,914.7999999999996,847.7042475263798,27.93143023162894,965.7942906948869,798.2057093051131,650.7365258970657
2021-03-22,909.0,909.0,876.0,881.0,-1.34,69309,61288960.0,35.73,24.65715085,880.7395354276316,910.3435105447834,887.612293119591,36.380578306982656,39.78017188756471,43.47114695247862,-10.995719011585834,-5.292226458519255,-5.703492553066579,982.5825278217204,916.1999999999996,849.8174721782789,28.36825581292105,977.6047674387632,807.3952325612369,650.7365258970657
2021-03-23,872.0,880.0,872.0,877.0,-0.45,48299,42370753.0,35.73,24.54520011,880.6093031414474,911.5412048527336,887.678748326823,32.6622239325575,37.74503580274083,42.48171015606053,-10.670316387636376,-3.8663533202526095,-6.803963067383766,982.6607910213878,918.2499999999995,853.8392089786115,27.853617569912277,959.5608527097368,792.4391472902632,650.7365258970657
2021-03-24,880.0,886.0,877.0,879.0,0.23,60092,52898335.0,35.73,24.60117548,882.4139547121711,912.9510499487636,887.7860724306101,33.53329743594639,38.34671842540831,42.84164614339298,-9.692506981975043,-2.1653625534066685,-7.527144428568375,981.6048541783022,919.7999999999996,857.9951458216971,30.059575077680307,971.678725233041,791.321274766959,650.7365258970657
2021-03-25,890.0,890.0,870.0,872.0,-0.8,50778,44507443.0,35.73,24.40526168,884.1209320682566,914.3368070895294,887.8743746660937,27.51954592905984,34.97810961938528,41.16675986887268,-8.507121057193217,-0.2835764462645749,-8.223544610928641,980.7806721328534,920.4499999999996,860.1193278671458,31.843972308533672,975.5319169256012,784.4680830743989,650.7365258970657
2021-03-29,871.0,880.0,867.0,872.0,0.0,36653,31975515.0,35.73,24.40526168,890.1813981023848,916.0648400319592,888.0339161200243,27.519545929059845,34.97810961938528,41.166759868872674,-6.157670352367063,1.7723097064675857,-7.929980058834649,978.7547775748956,922.4999999999995,866.2452224251036,33.15996923170408,972.9799076951124,774.0200923048877,650.7365258970657
2021-03-30,875.0,875.0,870.0,872.0,0.0,100427,87598993.0,35.73,24.40526168,899.2720971535772,917.8634049312228,888.1950610056526,27.519545929059845,34.978109619385286,41.16675986887268,-3.069350793081753,3.754804721176248,-6.824155514258001,976.3639029210442,923.8499999999996,871.3360970789552,35.399965813004535,978.6998974390136,766.3001025609864,650.7365258970657
2021-03-31,900.0,910.0,875.0,903.0,3.56,154542,139026138.0,35.73,25.27287993,912.9081457303658,919.7353806427012,888.3578254378702,38.29686205053515,43.38279629028056,46.5061735750316,0.9171130923053852,5.460843599740748,-4.543730507435363,973.658830298936,925.0999999999996,876.5411697010634,35.66662868111615,999.4998860433484,785.5001139566516,650.7365258970657
2021-04-01,910.0,910.0,899.0,907.0,0.44,168392,152513129.0,35.73,25.38483067,917.8622185955488,920.418457403628,888.2106679045825,40.09796034549938,44.66880265647147,47.26555714750239,2.8355871701295428,6.596776226599589,-3.7611890564700463,973.6196812450934,925.1499999999996,876.6803187549059,35.740698534573504,1011.7220956037204,797.2779043962795,650.7365258970657
2021-04-04,920.0,929.0,912.0,921.0,1.54,206169,189858846.0,35.73,25.77665827,923.2933278933232,920.9661495425516,888.0218303960858,46.97045691020074,49.43101147824829,50.00928152753722,4.835740088805096,7.5370734907171,-2.701333401912004,973.9954358942224,924.6999999999996,875.4045641057768,37.26744281619278,1032.3023284485785,808.6976715514216,650.7365258970657
2021-04-05,954.0,954.0,914.0,914.0,-0.76,163192,150161129.0,35.73,25.58074447,924.4399918399848,920.9647678912272,887.6903915055941,42.597877750242375,46.79758759416951,48.576436887142194,5.892869958259325,8.2124068411951,-2.3195368829357754,974.7107408790946,923.1499999999996,871.5892591209047,39.51938090688087,1052.5581427206423,815.4418572793574,650.7365258970657
2021-04-06,959.0,959.0,901.0,918.0,0.44,111261,102128590.0,35.73,25.69269521,929.6599877599772,921.2490441316852,887.425973329771,44.45995745663278,48.12744972773158,49.35241835245786,7.869164883151598,8.792291061929044,-0.923126178777446,975.61300957948,921.7999999999996,867.9869904205192,39.46597878542319,1048.3979363562696,811.6020636437304,650.7365258970657
2021-04-07,936.0,936.0,912.0,920.0,0.22,132663,122144915.0,35.73,25.74867058,935.4899816399655,921.3816581778764,887.1186966798189,45.3408386436043,48.77092140473964,49.73376352640592,9.869902552622762,9.023072606623405,0.8468299459993567,976.2271362823532,920.1999999999996,864.1728637176459,37.40664309491465,1036.219929284744,811.780070715256,650.7365258970657
2021-04-08,938.0,938.0,907.0,918.0,-0.22,99242,91263678.0,35.73,25.69269521,943.2349724599484,921.4380523892185,886.7882313198171,44.36095286806293,48.12690930314471,49.358106963513855,12.076372777255187,8.811365120123565,3.2650076571316227,976.6079032434689,918.3999999999996,860.1920967565304,38.89627010546072,1039.1888103163822,805.8111896836178,650.7365258970657
2021-04-12,921.0,949.0,915.0,949.0,3.38,267210,250718476.0,35.73,26.56031346,955.8524586899229,921.578381058166,886.4745452024283,58.912052702682494,58.75840885226207,55.53362772927802,14.92061116902596,7.995113205840658,6.925497963185302,976.4359924497828,917.0999999999996,857.7640075502167,38.551411228289695,1047.654233684869,816.345766315131,650.7365258970657
2021-04-13,960.0,971.0,948.0,970.0,2.21,254036,243579795.0,35.73,27.14805486,959.278688034884,920.4591313054382,885.8461486717995,73.41202766335361,68.24094489137039,60.45240933063067,15.177502917518382,6.263738715044333,8.913764202474049,972.6516266896812,914.2499999999995,855.848373310318,36.72379025365521,1069.6713707609656,849.3286292390344,650.7365258970657
2021-04-15,979.0,998.0,970.0,979.0,0.93,331555,326280944.0,34.87,28.07570978,953.9180320523262,918.4370550321908,885.0003813217673,81.00758167879282,72.92439434405374,62.73870007948401,13.146444706793886,4.035297664425822,9.111147042368064,963.660806566002,910.0999999999996,856.5391934339974,37.359766948505786,1096.0793008455173,871.9206991544827,650.7365258970657
2021-04-18,1027.0,1027.0,960.0,963.0,-1.63,272250,263897730.0,34.87,27.61686263,941.3770480784892,915.9650980947292,884.0556615360565,77.29538140428033,69.46489714958606,60.16770098039223,9.446491213006652,1.7575109038338057,7.688980309172846,949.5017083950132,905.5999999999996,861.6982916049861,37.62196327611754,1106.3658898283527,880.6341101716474,650.7365258970657
2021-04-19,960.0,963.0,935.0,948.0,-1.56,201971,191837906.0,34.87,27.18669343,930.565572117734,914.0453061802284,883.2622510992329,72.87767559490553,65.64341946222191,57.530368232434434,6.2156925178381925,-0.1647341734594061,6.380426691297599,937.7249199287442,902.5999999999996,867.4750800712552,33.0244036401306,1048.0732109203918,849.9267890796082,650.7365258970657
2021-04-20,943.0,959.0,930.0,940.0,-0.84,120526,113834379.0,34.87,26.95726986,921.848358176601,912.6594003100336,882.6116204570142,70.12163497069967,63.3733275009532,56.0401292426153,3.5288812011999653,-1.759840846283806,5.288722047483772,928.9857169770912,900.5499999999996,872.1142830229081,33.58267071125622,1045.2480121337687,843.7519878662313,650.7365258970657
2021-04-21,943.0,943.0,920.0,921.0,-2.02,130573,121185556.0,34.87,26.41238887,912.7725372649014,911.5434574655452,882.0348528234164,61.96159949291796,57.12579491810473,52.2173185597491,0.8627492123098364,-3.082021358154749,3.9447705704645855,920.914248800286,898.7999999999996,876.6857511997132,33.09185634584024,1030.7755690375209,832.2244309624792,650.7365258970657
2021-04-22,934.0,934.0,907.0,922.0,0.11,121770,112193022.0,34.87,26.44106682,908.6588058973522,911.157476137608,881.6432433040537,62.763529478279565,57.60601533001307,52.447765532022174,-0.6182083329616717,-4.068214000770896,3.450005667809224,917.8896958247484,897.9999999999997,878.110304175251,34.21317371760027,1023.1395211528009,817.8604788471991,650.7365258970657
2021-04-25,925.0,925.0,900.0,908.0,-1.52,226128,205630372.0,34.87,26.03957557,901.9882088460282,910.7149241432248,881.2376477593708,55.61482621266045,52.40466508504902,49.4494187384193,-2.601274751356073,-4.930715417723201,2.3294406663671285,914.2481670569452,897.1999999999996,880.1518329430539,35.014637464000295,1017.543912392001,807.456087607999,650.7365258970657
2021-04-26,953.0,953.0,874.0,892.0,-1.76,181784,163235297.0,34.87,25.58072842,898.9823132690423,910.8257373735604,880.9686793951433,44.86118280470579,45.27998568562908,45.69248027053199,-3.669097347177967,-5.513075584314983,1.843978237137016,926.9027074489358,899.1999999999996,871.4972925510634,35.23848607111144,1019.2154582133344,807.7845417866657,650.7365258970657
2021-04-27,848.0,916.0,848.0,913.0,2.35,127941,116258142.0,34.87,26.1829653,902.4734699035632,911.5941348173792,880.8578118513759,62.53825042882583,55.38416885924862,50.41337416233648,-3.349567680795303,-5.974070143599237,2.624502462803933,930.0885412043768,900.7499999999995,871.4114587956226,30.376095634568262,973.1282869037047,790.8717130962953,650.7365258970657
2021-04-28,930.0,930.0,896.0,899.0,-1.53,125316,113313943.0,34.87,25.78147405,897.2102048553451,911.5367525650272,880.5347747845556,51.12592069736374,48.23309644692178,46.90234166818568,-5.031192467618894,-6.63019575930022,1.599003291681326,929.7163184486068,900.5999999999997,871.4836815513925,26.19566181618696,991.5869854485608,834.4130145514391,650.7365258970657
2021-04-29,943.0,943.0,895.0,897.0,-0.22,82739,74459623.0,34.87,25.72411815,896.3153072830175,912.0484567513548,880.3491946316366,49.15917465694841,47.10853005171289,46.38167869099652,-5.678921668726616,-7.029946582220551,1.3510249134939345,930.0677904545604,900.8999999999996,871.7322095454388,25.32851312909662,994.98553938729,843.0144606127101,650.7365258970657
2021-05-02,900.0,909.0,895.0,904.0,0.78,110099,99232668.0,34.87,25.92486378,895.9729609245263,912.6626794759,880.181849854065,56.194404499673134,50.68713730776441,47.96189650650594,-6.219420806595394,-7.367702810594034,1.1482820039986397,930.6260158078562,901.3999999999996,872.173984192143,22.809459032329578,970.4283770969888,833.5716229030113,650.7365258970657
2021-05-03,910.0,914.0,897.0,898.0,-0.66,100965,91164993.0,34.87,25.7527961,891.9594413867895,913.0162582300184,879.9424714606386,50.83342215955544,47.51370740762962,46.46094864663727,-7.531557221742787,-7.654773311593694,0.1232160898509064,930.50342445676,901.2999999999996,872.0965755432392,23.788287813699533,976.8648634410986,834.1351365589014,650.7365258970657
2021-05-04,900.0,900.0,890.0,890.0,-0.89,73877,66004723.0,34.87,25.52337253,888.9391620801844,913.6291667292028,879.7609887617505,42.49224341208736,42.969820811360485,44.40854804987626,-8.485861413851012,-7.68557733405642,-0.8002840797945918,930.7849276168486,901.5999999999996,872.4150723831508,23.764764237443924,966.2942927123318,823.7057072876682,650.7365258970657
2021-05-05,869.0,900.0,869.0,887.0,-0.34,72643,64604836.0,34.87,25.43733869,888.4087431202765,914.5936225140684,879.6580841261901,39.04522229401701,41.19715651057611,43.6306240173564,-8.765924416667872,-7.485506314107772,-1.2804181025601,930.8116701012112,902.0999999999996,873.3883298987882,24.960849152715472,959.3825474581464,809.6174525418536,650.7365258970657
2021-05-06,890.0,891.0,882.0,886.0,-0.11,60231,53348096.0,34.87,25.40866074,889.1131146804148,915.719892820765,879.5842960269558,37.943089586492974,40.62592430284253,43.37706941817332,-8.690427748747993,-7.165401788467747,-1.5250259602802458,932.2805780591544,903.6499999999996,875.0194219408447,24.28983239190608,959.3694971757184,813.6305028242817,650.7365258970657
2021-05-09,886.0,893.0,877.0,884.0,-0.23,65133,57681275.0,34.87,25.35130485,890.6696720206222,916.9329496705922,879.5198165900408,35.88206516349251,39.53507901293214,42.88379471952993,-8.365842143530244,-6.784145298397686,-1.5816968451325586,935.04761082411,905.7499999999995,876.4523891758894,25.988702657673414,962.9661079730204,807.0338920269797,650.7365258970657
2021-05-10,880.0,895.0,880.0,892.0,0.9,44848,39881086.0,34.87,25.58072842,894.0045080309334,918.2771516979632,879.4747896210965,40.686606394951895,42.43055751712358,44.3680127329717,-7.626231539873743,-6.388721087114546,-1.237510452759197,934.4997731388324,906.9499999999996,879.4002268611667,27.09855850852602,968.795675525578,806.2043244744219,650.7365258970657
2021-05-11,892.0,901.0,891.0,892.0,0.0,68098,60953762.0,34.87,25.58072842,895.0067620464,919.3496885019616,879.3489081097508,40.68660639495189,42.43055751712357,44.3680127329717,-7.385837910626719,-6.079343473924747,-1.3064944367019722,935.0741527257874,908.1499999999996,881.2258472742119,28.44284278725113,981.3285283617532,810.6714716382467,650.7365258970657
2021-05-12,936.0,936.0,885.0,887.0,-0.56,53176,47311457.0,34.87,25.43733869,896.5101430696001,920.4660023183684,879.2217614575875,36.48696370545066,40.06502618630344,43.23640244948562,-6.971577854233146,-5.752719864749254,-1.218857989483892,935.2259504157388,909.2499999999995,883.2740495842606,30.047603096945704,1000.6428092908372,820.3571907091629,650.7365258970657
2021-05-13,925.0,925.0,887.0,889.0,0.23,40349,35862308.0,34.87,25.49469458,901.2652146044,921.8319615966692,879.143588205905,37.42923951296686,40.68597632856743,43.57677823313534,-5.8323357043746,-5.448005367378281,-0.3843303369963191,934.1821958875678,910.2499999999995,886.3178041124315,27.719558996606334,989.158676989819,822.841323010181,650.7365258970657
2021-05-16,900.0,904.0,895.0,903.0,1.57,72541,65268190.0,34.87,25.89618583,907.3978219066,923.1720416618392,879.0445287908889,44.595190970273165,45.24387248508192,46.01088109271167,-4.497050841037094,-5.3519227831292016,0.8548719420921076,933.13420787888,910.8999999999996,888.6657921211192,26.57728777400704,979.2318633220212,819.7681366779789,650.7365258970657
2021-05-17,909.0,913.0,900.0,907.0,0.44,82122,74465621.0,34.87,26.01089762,909.5967328599004,923.995390301098,878.8037702862747,46.87436611257628,46.62976708544712,46.726781927949325,-4.152784694143975,-5.565640768652228,1.4128560745082537,933.1942475378112,911.2499999999995,889.3057524621881,28.19698641556338,991.09095924669,821.9090407533099,650.7365258970657
2021-05-18,890.0,908.0,890.0,905.0,-0.22,78733,71038099.0,34.87,25.95354173,910.8950992898504,924.6890797011428,878.520391093172,45.639585176736944,45.85979379628863,46.32591688013212,-4.060244489285537,-5.918854787279292,1.8586102979937549,933.188829370031,911.1499999999996,889.1111706299682,29.885540461737087,988.6566213852112,809.3433786147888,650.7365258970657
2021-05-19,919.0,919.0,900.0,905.0,0.0,91053,82870378.0,34.87,25.95354173,913.8426489347758,925.492715607312,878.2542643704903,45.63958517673695,45.85979379628864,46.32591688013213,-3.679435071603848,-6.383507361777731,2.704072290173883,933.3223103180997,910.8999999999996,888.4776896818996,31.20615606859677,1003.1184682057904,815.8815317942096,650.7365258970657
2021-05-20,906.0,918.0,905.0,906.0,0.11,58888,53585386.0,34.87,25.98221967,918.2639734021636,926.329152979039,877.9854630073796,46.06254457107565,46.14681829150393,46.48710544728549,-3.1398647229030985,-7.059525434321202,3.919660711418104,933.3988986517218,910.6999999999996,888.0011013482774,32.56239563177419,1009.1871868953226,813.8128131046774,650.7365258970657
2021-05-23,906.0,948.0,895.0,948.0,4.64,160448,145256184.0,34.87,27.18669343,924.3959601032454,927.1589143251224,877.7039098717754,70.43010835927169,61.04809991102833,54.07308936100203,-2.5073241727737923,-8.039440612175728,5.532116439401936,933.9621308126528,910.0499999999996,886.1378691873465,31.40266181308243,1015.7079854392472,827.2920145607527,650.7365258970657
2021-05-24,940.0,950.0,918.0,923.0,-2.64,194943,181575354.0,34.87,26.46974477,912.5939401548682,926.308257766964,876.9974165036525,58.936428312108845,52.58561241359955,49.35006415929547,-5.939865882641243,-9.42246972202621,3.482603839384968,926.4936538001772,906.7999999999996,887.106346199822,29.00295757009159,1021.0088727102748,846.9911272897252,650.7365258970657
2021-05-25,925.0,925.0,906.0,910.0,-1.41,115162,105172902.0,34.87,26.09693146,907.3909102323024,926.443288696228,876.5350789810761,49.943006755306165,47.028769580145024,46.60915660287744,-7.689184706760784,-10.293120681872452,2.603935975111668,924.1417104461495,905.8999999999996,887.6582895538497,27.781063966768432,998.8431919003052,832.1568080996947,650.7365258970657
2021-05-27,895.0,912.0,893.0,905.0,-0.55,137867,124546859.0,34.87,25.95354173,906.0863653484536,927.1144433368904,876.1987481165644,45.89158786740319,44.71473784826284,45.52061362391061,-8.486472591993333,-10.944104675650369,2.457632083657036,924.0181311678672,905.0499999999996,886.0818688321319,28.6456266297427,988.436879889228,816.5631201107719,650.7365258970657
2021-05-30,950.0,950.0,890.0,907.0,0.22,121910,110808732.0,34.87,26.01089762,906.6295480226802,928.0170736771717,875.9092882986404,47.25135366361396,45.45223405610596,45.87980974015556,-8.871571345988286,-11.558512696564629,2.686941350576342,923.97420966132,904.5999999999996,885.2257903386793,29.71736292193633,1009.152088765809,830.847911234191,650.7365258970657
2021-05-31,913.0,929.0,902.0,902.0,-0.55,169234,154299294.0,34.87,25.86750789,906.4443220340204,928.8749134190969,875.596818834305,43.53334336609827,43.28055106109489,44.83509519983128,-9.437692717873006,-12.230248034208714,2.792555316335708,925.034744181538,905.0499999999996,885.0652558184613,26.35262546881815,994.5578764064544,836.4421235935456,650.7365258970657
2021-06-01,900.0,907.0,895.0,904.0,0.22,118739,106971145.0,34.87,25.92486378,908.6664830510304,929.9718486606928,875.3314602296247,44.65239862181264,43.93016844594517,45.16992097245855,-9.513903011182263,-12.92838686329264,3.414483852110376,930.4915951546216,906.6999999999996,882.9084048453776,26.2806949653535,979.8420848960604,822.1579151039396,650.7365258970657
2021-06-02,905.0,905.0,896.0,900.0,-0.44,86849,78267565.0,34.87,25.81015199,910.9997245765456,931.0319241162312,875.0433342017817,42.001943705640585,42.32242342274778,44.37230642602028,-9.67642737811616,-13.782007826320235,4.105580448204076,931.2739463869036,907.2499999999995,883.2260536130957,27.86743885039278,984.1023165511784,816.8976834488217,650.7365258970657
2021-06-03,905.0,935.0,905.0,918.0,2.0,246324,226675641.0,34.87,26.32635503,916.4995868648184,932.2985332638324,874.7925134399906,51.95365346869176,48.08362324362729,47.34779070470794,-9.33584680823003,-14.808402938371255,5.472556130141225,932.0083318870932,907.9999999999995,883.991668112906,28.51937650043642,1005.5581295013092,834.4418704986907,650.7365258970657
2021-06-06,925.0,950.0,921.0,928.0,1.09,250508,234188122.0,34.87,26.6131345,915.7493802972276,932.8821468664378,874.35826734391,58.83797243404872,51.71527377501304,49.10393702706073,-10.598075290910288,-16.176541970906563,5.578466679996275,931.2658844848308,907.6499999999996,884.0341155151684,28.354862778262685,1020.564588334788,850.435411665212,650.7365258970657
2021-06-07,945.0,945.0,904.0,908.0,-2.16,257985,236395807.0,34.87,26.03957557,909.6240704458412,933.0814181671088,873.819154452894,46.15321594390306,43.83760330847671,45.20154861389869,-13.07316582275439,-17.57115864090563,4.497992818151239,929.4055611028114,907.1499999999996,884.8944388971879,26.838736420291877,1005.0162092608756,843.9837907391244,650.7365258970657
2021-06-08,920.0,928.0,902.0,916.0,0.88,214151,195694484.0,34.87,26.26899914,910.4361056687618,934.1051495208684,873.4756283669935,51.83252070117224,46.66547038909174,46.5727765708046,-14.00576259870445,-18.69565684544344,4.689894246738991,929.5378890880432,907.2499999999995,884.9621109119561,25.26526268921319,990.7957880676396,839.2042119323604,650.7365258970657
2021-06-09,925.0,932.0,913.0,914.0,-0.22,147331,135524828.0,34.87,26.21164325,907.6541585031426,934.8441352155976,873.0482477475663,50.478342352610994,45.85464238141416,46.180941156147874,-15.806920482208623,-19.868130407128188,4.061209924919563,929.5378890880432,907.2499999999995,884.9621109119561,25.18362521023688,998.0508756307106,846.9491243692894,650.7365258970657
2021-06-10,900.0,920.0,900.0,907.0,-0.77,151038,136763715.0,34.87,26.01089762,904.481237754714,935.6949162448057,872.6366723480444,45.731733830136776,43.04033820272324,44.82121166265159,-17.672297701049047,-20.88343288835808,3.211135187309033,929.7756549514404,907.3499999999996,884.9243450485588,25.204028011374312,985.612084034123,834.387915965877,650.7365258970657
2021-06-13,912.0,912.0,897.0,902.0,-0.55,203447,183443473.0,34.87,25.86750789,903.2218566320712,936.8661373160222,872.2913122711403,42.21514397742,41.00657346943243,43.848415993778126,-19.08341847562656,-21.68621668518534,2.602798209558781,932.1503668735144,908.2999999999996,884.4496331264849,25.78225334597146,981.8467600379144,827.1532399620856,650.7365258970657
2021-06-14,910.0,935.0,901.0,910.0,0.89,203503,186173923.0,34.87,26.09693146,903.8327849481068,938.289244961574,871.9927324949709,46.50065158955354,43.303748579407056,45.06885826247704,-20.09785381371455,-22.33691623757504,2.239062423860485,945.2076914325849,911.3999999999996,877.5923085674144,26.980281495523844,998.9408444865716,837.0591555134284,650.7365258970657
2021-06-15,920.0,921.0,901.0,905.0,-0.55,153136,139272494.0,34.87,25.95354173,900.74917742216,939.4439080212302,871.6107499069807,43.30307468369295,41.39853155376373,44.13593239232193,-21.91485522612913,-22.89668184354016,0.9818266174110236,952.6774293662576,913.6999999999996,874.7225706337417,26.200312772804278,989.6009383184128,832.3990616815872,650.7365258970657
2021-06-16,906.0,922.0,899.0,900.0,-0.55,84534,76497524.0,34.87,25.81015199,898.6237661332399,940.8497818180152,871.275179554287,40.121896308514685,39.51105558648316,43.21001661355941,-23.40615731650371,-23.142138497892915,-0.2640188186107934,963.588278092446,917.0999999999996,870.6117219075535,26.77812530311586,990.8343759093476,830.1656240906524,650.7365258970657
2021-06-17,900.0,907.0,898.0,901.0,0.11,139278,125408845.0,34.87,25.83882994,897.9356491998598,942.5171198514034,870.986487891516,40.52613809740881,39.74881759362959,43.34796252990368,-24.460056969069,-23.076133793240217,-1.3839231758287838,972.97398680071,920.8499999999996,868.7260131992895,27.197917003462067,984.0937510103862,820.9062489896138,650.7365258970657
2021-06-20,901.0,910.0,890.0,893.0,-0.89,135627,121627138.0,34.87,25.60940637,896.4034737997897,944.2116961718688,870.6848445537423,35.9361648483816,36.92942251794696,41.92405455025113,-25.551251696974987,-22.73015299928302,-2.8210986976919656,985.6813924730952,925.4999999999995,865.3186075269042,28.664352226068964,985.9930566782068,814.0069433217931,650.7365258970657
2021-06-21,894.0,898.0,882.0,883.0,-1.12,145331,128703294.0,34.87,25.3226269,898.1052106996846,946.3019694850065,870.4605716346845,29.927331466868218,33.30702786365868,40.11794395843504,-25.75781294318267,-22.02487832486003,-3.732934618322641,1017.8063916317094,934.0999999999996,850.39360836829,28.849280251187736,976.5478407535632,803.4521592464368,650.7365258970657
2021-06-22,885.0,907.0,881.0,905.0,2.49,176117,157474375.0,34.87,25.95354173,905.6578160495268,948.8857233415372,870.3345472290029,36.649614557314976,37.73438123881541,42.93818096323827,-24.62861929098688,-21.09164467027937,-3.5369746207075075,1035.3763918597472,942.1999999999996,849.0236081402519,29.499200279097487,982.4976008372925,805.5023991627075,650.7365258970657
2021-06-23,905.0,905.0,892.0,893.0,-1.33,120895,108290298.0,34.87,25.60940637,905.9867240742904,950.6769773554774,869.9861507187416,28.90711908152995,33.23968256639052,40.75740625319889,-25.06912311249721,-20.20740101510249,-4.861722097394718,1047.7432470993754,948.5299999999996,849.3167529006237,29.88800031010832,988.164000930325,808.835999069675,650.7365258970657
2021-06-24,893.0,907.0,890.0,896.0,0.34,144591,129767398.0,34.87,25.69544021,912.4800861114356,953.0311396965174,869.7548557510908,29.714135335637582,33.80618763024287,41.1347045230816,-24.04490619940668,-18.99197049075381,-5.052935708652871,1057.9946786354424,955.5799999999996,853.1653213645568,31.76444478900924,993.7933343670276,803.2066656329723,650.7365258970657
2021-06-27,940.0,940.0,882.0,916.0,2.23,212905,194071091.0,34.87,26.26899914,920.7201291671532,955.3589413167832,869.4910854571318,35.60444146160517,37.793580463235045,43.72524575150029,-22.693343431070844,-17.728736563590594,-4.964606867480249,1074.987733334223,964.4299999999996,853.872266665776,32.40493865445471,1008.214815963364,813.7851840366359,650.7365258970657
2021-06-28,921.0,952.0,915.0,935.0,2.07,536806,502517613.0,34.87,26.81388013,923.08019375073,956.9654287174684,869.0236591803191,42.76277107614596,42.18257269212967,46.38963661218557,-22.674536502306523,-16.48758484672053,-6.186951655585993,1085.8887186910397,971.2799999999996,856.6712813089596,29.56104294939413,1022.1831288481824,844.8168711518176,650.7365258970657
2021-06-29,945.0,945.0,914.0,915.0,-2.14,137194,126569590.0,34.87,26.24032119,917.120290626095,957.8619768283854,868.3605803781113,29.50051791996896,34.77929625669328,42.87190202499932,-24.255266036831927,-14.94084693282403,-9.314419104007897,1095.9684537544676,977.2299999999996,858.4915462455315,28.73449216599348,1015.7034764979804,843.2965235020196,650.7365258970657
2021-06-30,910.0,918.0,903.0,915.0,0.0,85224,77500440.0,34.87,26.24032119,918.1804359391424,959.6114452703604,867.8918424924642,29.50051791996896,34.77929625669328,42.87190202499932,-23.883684227635968,-12.612242156822056,-11.271442070813912,1101.910242964346,983.5799999999996,865.2497570356531,28.48276907332609,995.9483072199782,825.0516927800218,650.7365258970657
2021-07-01,915.0,918.0,908.0,911.0,-0.44,116472,106188661.0,34.87,26.12560941,919.7706539087136,961.432320587518,867.4183936732929,26.821041823804187,33.3066155792296,42.17250927308219,-23.062011675132908,-9.794381639118578,-13.26763003601433,1105.666909645172,989.6299999999997,873.5930903548272,29.98085452591788,1002.9425635777536,823.0574364222464,650.7365258970657
2021-07-04,911.0,925.0,910.0,918.0,0.77,132415,121094668.0,34.87,26.32635503,924.1559808630705,963.4907826523146,866.9803875795571,28.506398553655853,34.5752661075516,43.05810509199699,-21.27053853829977,-6.477474130114995,-14.79306440818478,1106.9796296165548,995.5749999999996,884.1703703834443,32.20094947324209,1014.1028484197262,820.8971515802738,650.7365258970657
2021-07-05,920.0,920.0,910.0,910.0,-0.87,91023,83011752.0,34.87,26.09693146,927.2339712946056,965.3475492911846,866.4676276557336,23.631448457307734,31.819258025093585,41.71526556268845,-19.387304992184795,-2.7792080280688003,-16.608096964115994,1107.163094907109,1000.9749999999996,894.78690509289,34.112166081380096,1017.3364982441404,812.6635017558597,650.7365258970657
2021-07-06,913.0,920.0,910.0,916.0,0.66,69482,63552091.0,34.87,26.26899914,935.8509569419084,967.6066329357228,866.0301163758918,24.75684896695873,32.780951472420206,42.43580396561406,-15.887071557075274,1.372816212960199,-17.259887770035473,1104.966745945429,1006.8599999999996,908.7532540545702,36.79129564597788,1025.3738869379335,804.6261130620663,650.7365258970657
2021-07-07,925.0,925.0,914.0,916.0,0.0,113264,104038872.0,34.87,26.26899914,945.7764354128624,969.7130261167728,865.5279064902223,24.75684896695873,32.78095147242021,42.43580396561406,-11.799325295432595,5.687788155469067,-17.487113450901663,1101.3645141527998,1012.3449999999996,923.3254858471996,39.76810627330876,1038.8043188199265,800.1956811800737,650.7365258970657
2021-07-08,920.0,935.0,914.0,926.0,1.09,181363,167964515.0,34.87,26.55577861,960.6646531192936,971.905394529702,865.0206492690186,26.41331844341068,34.26939523959096,43.592351897489415,-6.410248062638743,10.059566518194485,-16.469814580833226,1095.2032180508338,1017.8449999999996,940.4867819491656,42.85345141478751,1053.0603542443623,795.9396457556375,650.7365258970657
2021-07-11,935.0,975.0,930.0,964.0,4.1,419084,399611595.0,34.87,27.64554058,977.9969796789404,973.7790841023432,864.4077914727274,34.125980051040216,40.80746243374547,48.40490338798485,-0.4567676955070965,14.17702016340279,-14.633787858909889,1087.8586187560093,1022.9449999999996,958.03138124399,42.05939046087501,1078.6781713826251,826.321828617375,650.7365258970657
2021-07-12,970.0,981.0,952.0,956.0,-0.83,361409,349159930.0,34.87,27.41611701,984.9954695184108,974.1782303922346,863.4068647538603,30.318360592652244,38.514278338334215,47.227430399275306,3.279591139566492,17.83546712813026,-14.55587598856377,1084.760191786882,1025.6449999999998,966.5298082131176,41.73265606763889,1091.6979682029166,841.3020317970834,650.7365258970657
2021-07-13,960.0,977.0,954.0,973.0,1.78,205796,199519891.0,34.87,27.9036421,999.4932042776162,974.9201989796728,862.4762804800298,34.034242193020674,41.70218044511861,49.53349607791189,8.81538599975761,21.474436125271204,-12.659050125513597,1080.5231024875832,1030.1949999999997,979.8668975124162,43.14739563070988,1094.9421868921297,836.0578131078703,650.7365258970657
2021-07-14,975.0,980.0,959.0,975.0,0.21,127034,122843689.0,34.87,27.96099799,1012.7398064164244,974.9985744482308,861.3654893290753,34.47612092674646,42.0827054987369,49.808178152977696,14.021940370404993,24.639198656649604,-10.617258286244612,1076.0927112312193,1033.1449999999998,990.1972887687804,45.3859951452332,1105.6579854356996,833.3420145643004,650.7365258970657
2021-07-15,980.0,999.0,970.0,994.0,1.95,334226,331144206.0,34.87,28.50587898,1031.6097096246365,974.9985162624442,860.2234339454479,38.72143189216064,45.76664501886497,52.461351661288326,20.259805179916498,27.29351322821076,-7.033708048294262,1069.7650742499895,1036.0949999999998,1002.42492575001,46.53999460581467,1124.119983817444,844.880016182556,650.7365258970657
2021-07-18,1007.0,1070.0,1001.0,1065.0,7.14,342114,353582977.8,28.81,36.96633114,1050.4145644369548,974.222945497646,858.8789458443972,65.52058853632487,65.73389598052063,64.85448037969817,25.992355461439388,29.051940240284324,-3.059584778844936,1067.968458527869,1036.5949999999998,1005.2215414721304,41.155549562016304,1158.966648686049,912.0333513139512,650.7365258970657
2021-07-19,1080.0,1083.0,1036.0,1045.0,-1.88,335938,354166044.7,28.81,36.27212773,1043.1218466554324,970.5177595995908,856.8073774609238,58.29291193797873,61.31976441410581,62.45606645502298,25.70201265041692,29.81683643499556,-4.11482378457864,1067.9007946859515,1032.7449999999997,997.5892053140478,38.06172173557367,1173.685165206721,945.314834793279,650.7365258970657
2021-07-20,1060.0,1060.0,1030.0,1031.6,-1.28,226606,234969913.7,28.81,35.80701145,1042.1827699831483,967.4776681546762,854.9159943198275,52.34335519034653,57.94968683524077,60.73247748816567,26.993945823978606,30.845542381140216,-3.85159655716161,1072.3647397030534,1029.1449999999998,985.9252602969462,36.57969081730406,1154.7390724519123,935.2609275480878,650.7365258970657
2021-07-22,1032.0,1045.0,1011.0,1034.0,0.23,349971,360448446.4,28.81,35.89031586,1047.474154974723,964.8604301201732,853.1402756697755,53.559728924035134,58.80173209951453,61.21568572422803,29.61464677170295,31.80844152043062,-2.1937947487276688,1072.9934533451,1027.3149999999998,981.6365466548998,37.31076757478229,1139.9323027243468,916.0676972756532,650.7365258970657
2021-07-25,1040.0,1085.0,1040.0,1073.0,3.77,316583,338045351.1,28.81,37.2440125,1054.2112324620846,962.038406859772,851.322589998115,80.62159166169809,75.56709619649139,69.8904062825529,32.284492028300974,32.35689020761254,-0.0723981793115626,1076.1750863557138,1024.0649999999998,971.954913644286,34.56751952753588,1166.2025585826077,958.7974414173924,650.7365258970657
2021-07-26,1080.0,1085.0,1046.0,1053.0,-1.86,316542,334165575.0,28.81,36.54980909,1044.816848693127,957.5093622418036,849.0946763297543,74.82276345067667,71.72870455558991,67.63231756359761,31.25168372631072,32.37498975244043,-1.1233060261297112,1074.137885808008,1017.9649999999998,961.7921141919916,33.408355030595416,1165.7250650917863,965.2749349082136,650.7365258970657
2021-07-27,1032.0,1071.0,1012.0,1054.0,0.09,474075,491550755.1,28.81,36.58451926,1040.7252730396906,953.6117851904488,847.0453765943749,75.83129171923665,72.25573028192387,67.87665938278674,31.515238457569808,32.655816258972855,-1.1405778014030474,1075.544115919803,1012.3149999999998,949.0858840801966,32.787061145106016,1139.861183435318,943.138816564682,650.7365258970657
2021-07-28,1060.0,1072.0,1041.0,1042.0,-1.14,99689,104483617.1,28.81,36.16799722,1034.0879095595358,949.5143070349568,844.9654306304993,71.77295070638317,69.78169746764411,66.48164492133324,31.29140848244845,32.94096070932362,-1.6495522268751728,1074.6564339243623,1006.4599999999998,938.2635660756372,29.87451238345113,1146.1235371503533,966.8764628496466,650.7365258970657
2021-07-29,1022.0,1054.0,1022.0,1036.0,-0.58,124985,129674876.8,28.81,35.9597362,1030.1318643393038,945.7393807914856,842.9851837021627,69.49647733065527,68.47657622323882,65.76808501586522,31.772390463548845,33.353348766042416,-1.5809583024935705,1076.151566813195,1000.36,924.5684331868048,29.193902648279032,1125.581707944837,950.418292055163,650.7365258970657
2021-08-01,1045.0,1048.0,1026.2,1029.9,-0.59,113061,116551286.2,28.81,35.74800417,1027.1977965089557,942.0552738850156,841.0453363021844,67.09853703810214,67.13663185603137,65.04173247317925,32.535063603592675,33.74858834166581,-1.2135247380731329,1076.9225041962743,994.26,911.5974958037252,28.88211405364337,1123.74634216093,950.4536578390698,650.7365258970657
2021-08-02,1040.0,1040.0,1020.0,1026.0,-0.38,113315,116624601.5,28.81,35.6126345,1025.8466947634336,938.4697748599144,839.1472994811008,65.55990430309652,66.2858550826551,64.58045176807929,33.6563654862872,34.051969526184095,-0.3956040398968952,1076.645151223248,988.3649999999998,900.0848487767514,29.64679339293708,1118.9403801788112,941.0596198211888,650.7365258970657
2021-08-03,1027.0,1035.0,1023.0,1027.7,0.17,84712,87034798.3,28.81,35.67164179,1025.7700421451505,934.8971126092986,837.2693828929712,66.76975373549051,66.987793246354,64.93902403100736,34.99509820948947,34.15087053615832,0.8442276733311473,1075.818476667089,982.3399999999998,888.8615233329106,30.71865932548564,1121.1559779764568,936.8440220235432,650.7365258970657
2021-08-04,1048.0,1048.0,1024.0,1025.7,-0.19,119270,122494607.0,28.81,35.60222145,1024.8050632177258,931.109239654576,835.3555073441569,66.11584333178286,66.60142419556907,64.7177737140101,36.02169745678418,33.939813617825536,2.081883838958646,1074.3045739605766,975.6049999999998,876.9054260394229,32.79851036165071,1134.3955310849522,937.6044689150478,650.7365258970657
2021-08-05,1026.0,1035.0,1025.0,1026.0,0.03,87494,89952537.9,28.81,35.6126345,1024.3575948265886,927.2483922935384,833.4424973677162,66.28977150915955,66.71017348308361,64.77663649630958,37.011695805778,33.419342658085874,3.5923531476921298,1068.6505414778662,970.7699999999998,872.8894585221333,33.77612262405634,1131.328367872169,928.671632127831,650.7365258970657
2021-08-08,1039.0,1039.0,1026.0,1028.0,0.19,66300,68170084.5,28.81,35.68205484,1023.536392239883,923.2177144279684,831.5072460849797,67.339533210142,67.39136814337706,65.15590868429136,37.706396304955206,32.52125437116284,5.185141933792366,1063.014920438894,964.8199999999996,866.6250795611053,36.41791402672927,1141.7537420801875,923.2462579198124,650.7365258970657
2021-08-09,1035.0,1035.0,1017.0,1018.0,-0.97,102873,105236548.7,28.81,35.33495314,1021.3045883598244,918.9408864454366,829.5324445380951,64.86678695283189,65.7684718315123,64.14831983133189,37.84099372310561,31.22496888771475,6.616024835390864,1056.363565980669,958.1699999999996,859.9764340193306,38.13101558525474,1140.3930467557643,911.6069532442358,650.7365258970657
2021-08-10,1020.0,1067.9,1017.0,1047.0,2.85,147195,152817399.3,28.81,36.34154807,1022.9568825397369,914.8976573207606,827.6382982520458,80.59641106112765,75.94692288413673,69.7647376333819,38.480556337208895,29.570962678867037,8.909593658341862,1050.1415256187609,951.8199999999996,853.4984743812386,39.03446176139416,1159.5533852841825,925.3466147158176,650.7365258970657
2021-08-11,1051.0,1066.0,1027.5,1032.0,-1.43,89806,93133837.8,28.81,35.82089552,1010.9353238096052,909.505724966506,825.4336580334734,78.16164892028668,74.01545430473145,68.39051851108367,35.784426345214,27.343564264281568,8.440862080932433,1034.6385729273593,944.7699999999998,854.9014270726403,37.716068623771285,1159.8982058713138,933.6017941286862,650.7365258970657
2021-08-12,1032.0,1040.0,1028.0,1034.0,0.19,143592,148639893.1,28.81,35.89031586,1000.4029857144078,904.505958638608,823.3576143956188,79.34159349356126,74.75870068330478,68.7907231241271,33.349956044955434,25.23334874404846,8.116607300906974,1020.1887696695592,939.5199999999998,858.8512303304403,37.62896513752365,1146.886895412571,921.113104587429,650.7365258970657
2021-08-15,1013.4,1030.0,980.0,1004.0,-2.9,336814,338783637.5,28.81,34.84901076,983.6044785716116,899.220487562633,821.2406054950723,74.13551868281459,70.65417154819255,65.91886677229982,29.55396004651709,23.204196918821715,6.349763127695375,1002.1382320769128,933.7749999999996,865.4117679230864,37.80996126391516,1118.4298837917454,891.5701162082545,650.7365258970657
2021-08-16,1004.0,1004.0,986.0,988.0,-1.59,363653,360524556.3,28.81,34.29364804,973.4067178574176,894.9437727692712,819.4038276608519,70.62622646509159,68.08392259983594,64.23378105046287,27.333558462379187,21.61675613689787,5.716802325481318,989.9813442413806,929.1749999999996,868.3686557586186,36.455512515461294,1104.3665375463838,885.6334624536162,650.7365258970657
2021-08-17,988.5,991.0,970.1,973.0,-1.52,206972,202285744.2,28.81,33.77299549,966.1100767861265,891.1455594129148,817.7093937679962,66.88164512162706,65.44960308155152,62.56809796059174,25.731030499172107,20.187555555527545,5.543474943644565,980.5675732336382,924.6249999999995,868.6824267663611,37.06168057273477,1091.7350417182042,869.3649582817957,650.7365258970657
2021-08-18,988.0,998.5,960.0,995.0,2.26,223612,218317865.9,28.81,34.53661923,962.6651151791896,887.8045618379318,816.1486841576243,80.2127384783607,73.73856963975376,66.95875343854858,24.838625273418074,18.8016868196164,6.036938453801675,975.0133103205884,919.7299999999996,864.4466896794107,38.41297841414976,1094.488935242449,864.0110647575507,650.7365258970657
2021-08-19,1004.0,1004.0,966.0,969.0,-2.61,266456,259187103.7,28.81,33.63415481,946.4976727687844,883.4292378313168,814.3511834958919,74.97214308455273,69.49954804605359,64.10060029955287,21.09830259947876,17.292452206165983,3.805850393312774,961.035172168782,913.4799999999996,865.9248278312173,38.40330934905528,1100.209928047166,869.7900719528342,650.7365258970657
2021-08-24,985.0,986.0,950.0,951.0,-1.86,141517,135903157.3,28.81,33.00937175,935.2465091531764,879.9365536611664,812.796924033539,70.0987570635506,65.96814444882362,61.91081711313269,18.664679076021912,16.340989607837788,2.3236894681841243,950.6742875743704,909.5299999999996,868.3857124256285,36.78145483228365,1078.3443644968509,857.655635503149,650.7365258970657
2021-08-25,970.0,970.0,935.0,940.0,-1.16,158222,149460937.0,28.81,32.62755988,927.3697637297648,877.0360048310099,811.4079483956851,66.56191010194405,63.57495739140746,60.49719517480672,17.119731537703956,15.760067240791756,1.3596642969122,943.6344853609248,907.0799999999996,870.5255146390743,35.757172035870724,1059.771516107612,845.2284838923879,650.7365258970657
2021-08-26,957.0,958.0,933.0,936.9,-0.33,173201,162590883.2,28.81,32.51995835,921.0546455946472,874.4660458445205,810.1155659675011,65.54085783235175,62.89208125134188,60.09652913347598,16.018802402793312,15.420151166563706,0.5986512362296068,938.8438886701504,904.2799999999996,869.7161113298486,35.841302262078585,1053.0239067862358,837.9760932137642,650.7365258970657
2021-08-29,955.0,955.0,918.0,920.0,-1.8,136304,126170905.0,28.81,31.93335647,913.1319683919708,871.9177211851132,808.841350550089,59.55633534828178,59.00114687898353,57.859614828833415,14.69625209019398,15.270488357506304,-0.5742362673123242,935.1711957583298,900.9349999999996,866.6988042416692,35.60144695786509,1043.3043408735953,829.6956591264047,650.7365258970657
2021-08-31,938.0,938.0,903.0,914.0,-0.65,159777,145836118.5,28.81,31.72509545,909.697952587956,869.9551791926689,807.7241781938085,57.2112042356485,57.53317770478365,57.03878908941936,14.515160569891576,15.414047424334385,-0.8988868544428072,935.487142226244,897.8849999999995,860.2828577737552,35.00160773096121,1025.5048231928836,815.4951768071164,650.7365258970657
2021-09-01,920.0,927.0,905.1,912.0,-0.22,104201,95293840.6,28.81,31.65567511,907.5469288819342,868.1574314046145,806.6560794821885,56.46320823947233,57.05726312514668,56.76932901814635,14.683801421143698,15.638769137945086,-0.954967716801388,934.8590675222993,895.4349999999995,856.0109324776998,35.00178636773468,1021.055359103204,811.044640896796,650.7365258970657
2021-09-02,912.0,918.0,898.0,905.5,-0.71,127440,115410920.2,28.81,31.43005901,905.3203933229012,866.3679388088844,805.5973466126627,54.14761665595079,55.55408741224783,55.90645474773092,14.889102268797842,15.877511067145434,-0.9884087983475922,934.052793915224,892.9799999999996,851.907206084775,36.45754040859409,1017.3726212257824,798.6273787742177,650.7365258970657
2021-09-05,905.6,905.6,876.0,893.0,-1.38,130256,115898506.1,28.81,30.99618188,905.2305899843516,864.770711821492,804.5932998449508,49.561886350104814,52.59064821766374,54.219497858269975,15.596390226803123,16.124613266732332,-0.5282230399292089,934.980816592326,890.1599999999995,845.3391834076731,37.73060045399344,1003.9918013619804,777.6081986380196,650.7365258970657
2021-09-06,880.0,937.0,880.0,929.0,4.03,218544,198134536.8,28.81,32.245748,911.3458849765276,863.6184959774713,803.7047902956539,66.6178980809238,64.00290975335523,60.63310732738071,17.545017544449024,16.256669026714633,1.2883485177343914,936.0866845778984,888.0099999999995,839.9333154221006,36.03400050443716,1016.6020015133116,800.3979984866885,650.7365258970657
2021-09-07,939.0,939.0,895.0,907.0,-2.37,97523,88439398.2,28.81,31.48212426,902.5188274647916,860.9498631602253,802.4455419569167,58.94274108883192,58.94773979216357,57.6974527514465,16.11151979287058,15.934581897281037,0.1769378955895462,930.9841259908296,884.0599999999995,837.1358740091692,33.70444500493018,1018.1133350147906,815.8866649852094,650.7365258970657
2021-09-08,907.0,907.0,885.0,895.0,-1.32,104324,92806736.7,28.81,31.06560222,900.2782411971872,859.0702657381936,801.3947433836194,53.79163848117179,55.80416661584968,55.97848141440662,16.28750601114143,15.890347423383648,0.397158587757783,928.604037919755,881.6099999999994,834.6159620802439,32.560494449922416,993.6814833497672,798.3185166502327,650.7365258970657
2021-09-09,900.0,901.0,885.0,891.0,-0.45,93559,83509331.1,28.81,30.92676154,902.9173617957808,857.6037459724056,800.4539870357161,52.00757984805391,54.73121686390572,55.398516936905416,17.49703742411782,15.791057776444202,1.7059796476736189,927.8591711269725,879.3599999999994,830.8608288730265,33.733882722136016,994.201648166408,791.7983518335919,650.7365258970657
2021-09-12,900.0,907.0,880.2,906.0,1.68,130358,116607909.6,28.81,31.44741409,908.8760426936713,856.240633563116,799.5439768551705,59.68940766360784,59.78525769163211,58.1568036277352,19.193609701420428,15.364562864525798,3.82904683689463,927.887427499856,876.8099999999995,825.732572500143,35.148758580151124,999.0462757404534,788.1537242595466,650.7365258970657
2021-09-13,923.0,955.0,907.0,927.0,2.32,299759,277871504.6,28.81,32.17632766,910.3140640405068,854.2096390146718,798.4740670748205,73.13191882230049,67.94132938032934,62.32762008241495,19.552600357884103,14.40730115530214,5.1452992025819615,924.5631777658576,873.9599999999995,823.3568222341413,33.85417620016792,1032.5625286005038,829.4374713994962,650.7365258970657
2021-09-14,943.0,943.0,918.3,919.1,-0.85,168837,157326567.2,28.81,31.90211732,901.97109606076,851.2386038724135,797.1823491559744,70.9437655377674,66.33711899335343,61.32596295035289,17.58821969965595,13.120976354656651,4.4672433449993,916.9685373784382,869.1099999999994,821.2514626215607,32.28241800018658,1027.4972540005597,833.8027459994403,650.7365258970657
2021-09-15,920.0,924.0,903.0,912.0,-0.77,96697,88062455.2,28.81,31.65567511,893.4066440911398,848.4687509692467,795.9570461324164,68.92179037363846,64.87008743108608,60.41793981124391,15.629490645704209,12.004165518406827,3.6253251272973817,916.0602049944744,862.7049999999996,809.3497950055248,32.4249088890962,1010.7747266672886,816.2252733327114,650.7365258970657
2021-09-16,930.2,930.2,890.1,897.0,-1.64,161004,144001114.9,28.81,31.13502256,884.1099661367098,845.8756387639098,794.7907852895261,64.24988155020279,61.58590719004031,58.43883275888563,13.625011152904676,11.097834236582482,2.527176916322194,911.765039406166,857.2049999999996,802.644960593833,33.02767654344022,1009.2330296303207,811.0669703696794,650.7365258970657
2021-09-20,897.1,897.1,875.0,875.1,-2.44,171670,151067766.3,28.81,30.37486984,877.6649492050647,843.7889301420286,793.7635570009786,55.58485780973695,56.0106393321866,55.30672139604227,12.395657165325588,10.466040007501936,1.9296171578236527,908.1182179339548,852.7549999999995,797.3917820660442,30.575196159378017,977.775588478134,794.3244115218658,650.7365258970657
2021-09-21,858.0,887.0,850.0,870.0,-0.58,173627,151015955.1,28.81,30.19784797,878.947423807597,842.5109272906827,792.9461053125463,53.23872749187631,54.58531791032748,54.540828090480616,12.87607215331991,9.98363571804602,2.89243643527389,905.7127159266912,850.4999999999997,795.2872840733082,30.96132906597557,961.3839871979268,775.6160128020733,650.7365258970657
2021-09-22,887.0,899.0,881.0,890.0,2.3,72519,64485530.5,28.81,30.89205137,883.4211357113956,841.3889243229555,792.1716943106622,65.2540639389578,61.88732041600042,58.30216090688083,13.8212407794025,9.260526609227547,4.560714170174952,903.5985766238676,848.7999999999996,794.0014233761316,29.95703229552841,979.8710968865852,800.1289031134147,650.7365258970657
2021-09-23,907.8,915.0,887.0,902.0,1.35,218766,196539332.0,28.81,31.30857341,880.1317035670934,839.404798785117,791.188495258508,74.1832729315878,66.87125302932195,60.71390188994451,12.790219778083951,8.12034806668381,4.669871711400141,897.7557554929822,846.1499999999996,794.5442445070171,30.95225810614268,993.856774318428,808.143225681572,650.7365258970657
2021-09-26,920.0,920.0,882.0,884.0,-2.0,93082,82935286.8,28.81,30.68379035,869.1975553506401,836.849892613081,790.0748117937694,68.42183236293182,62.6857053355612,58.2255046191557,10.066404321447068,6.952880138833775,3.113524182613292,890.8407550165483,844.5499999999996,798.2592449834509,30.94695345126964,993.8408603538088,808.1591396461911,650.7365258970657
2021-09-27,884.0,890.0,866.0,870.0,-1.58,66203,57630425.7,28.81,30.19784797,861.7963330259602,834.9253984340231,789.1308400530032,62.66083756695223,58.93901788973616,56.15173756071991,8.276132166663842,6.174499093180452,2.1016330734833906,888.2824740184888,843.8999999999996,799.5175259815105,28.82994827918849,964.4898448375654,791.5101551624346,650.7365258970657
2021-09-28,865.0,880.0,851.0,859.0,-1.26,169341,145471114.6,28.81,29.8160361,857.6944995389402,833.493782043575,788.3180846766516,57.20853657011845,55.69321266377497,54.44600430016615,7.296168330316391,5.649090824809604,1.647077505506787,893.116974109067,845.0499999999996,796.9830258909323,28.588831421320545,951.2664942639616,779.7335057360384,650.7365258970657
2021-09-29,872.1,872.1,845.0,865.0,0.7,89368,76406583.0,28.81,30.02429712,857.0417493084104,832.4527119229047,787.6077136683767,61.56738753176866,58.01602973555814,55.57812416942674,7.0592520398465695,5.237321448432907,1.821930591413662,895.1648052766534,845.7999999999996,796.4351947233458,28.54314602368949,944.1794380710684,772.9205619289314,650.7365258970657
2021-09-30,865.0,872.1,848.0,862.9,-0.24,82748,70901318.7,28.81,29.95140576,853.0626239626156,831.124251185064,786.8299017454458,60.634250933447966,57.43912157499701,55.26558283636961,6.043271581249201,4.781838800579492,1.2614327806697083,895.7055731281883,845.9999999999997,796.294426871811,28.703495581877217,946.1604867456316,773.9395132543683,650.7365258970657
2021-10-03,850.1,860.0,844.0,849.1,-1.6,88933,75541858.0,28.81,29.47240541,848.1439359439233,829.827281845679,786.0653781448975,54.1285332586416,53.5438132050833,53.187797554509565,4.872427118366659,4.466480605412065,0.4059465129545936,896.6220001591499,846.3499999999997,796.0779998408494,29.21499509097469,939.644985272924,764.355014727076,650.7365258970657
2021-10-04,849.1,858.0,833.0,850.0,0.11,94801,80190532.4,28.81,29.50364457,847.665903915885,829.0406402883598,785.431864357409,54.652127262333984,53.84223675635324,53.34291845280456,4.712223064020236,4.364993977173417,0.3472290868468191,897.1321876694246,846.6949999999997,796.2578123305748,30.68332787886076,937.5499836365824,753.4500163634177,650.7365258970657
2021-10-05,850.0,854.9,842.0,850.0,0.0,39369,33449585.5,28.81,29.50364457,846.4988558738274,828.1851562184969,784.7829383710514,54.65212726233399,53.842236756353245,53.34291845280457,4.347566644632366,4.278186705461712,0.0693799391706537,896.6658659862499,846.1449999999998,795.6241340137497,31.314808754289736,942.3944262628692,754.5055737371308,650.7365258970657
2021-10-06,855.0,865.0,848.0,858.0,0.94,54341,46570040.5,28.81,29.78132593,844.7482838107411,827.2947544314968,784.127490515484,58.63570197384313,56.24485464844252,54.64856926718036,3.8188951181463153,4.260841720669049,-0.4419466025227336,896.2327991356052,844.8449999999997,793.4572008643942,33.01645417143304,955.5493625142992,757.4506374857009,650.7365258970657
2021-10-10,873.0,873.0,845.2,850.0,-0.93,55797,47629038.7,28.81,29.50364457,838.1224257161117,826.0414791021701,783.3850532342326,55.770005010457446,54.35344801499641,53.55728188532047,2.274024986258496,4.371328371299732,-2.0973033850412364,894.8957041558375,843.2199999999997,791.5442958441619,34.79606019048116,963.4881805714436,754.7118194285565,650.7365258970657
2021-10-11,850.0,850.0,833.5,840.0,-1.18,40240,33709578.6,28.81,29.15654287,832.1836385741675,825.0635802900138,782.7155562818128,52.08136259690114,51.942181825619926,52.1763504946308,1.0836776544850864,4.8956542175600415,-3.811976563074955,894.1378770531412,841.9649999999996,789.792122946858,34.99562243386795,946.736867301604,736.7631326983961,650.7365258970657
2021-10-17,845.0,850.0,830.5,849.0,1.07,34196,28794111.3,28.81,29.4689344,828.2754578612513,824.4539305059327,782.1398332293687,55.80449825018881,54.341146205528,53.55211741290699,0.5667808396835881,5.848648358328781,-5.281867518645193,897.032052373657,843.4649999999996,789.8979476263421,37.05069159318661,951.4020747795598,729.0979252204402,650.7365258970657
2021-10-18,849.0,849.0,816.0,830.0,-2.24,62559,51815862.8,39.65,20.9331652,817.9131867918769,823.4520501184197,781.467871754287,48.95719387997956,49.79576429280485,50.92988893976692,-1.017575179785695,7.169115237990079,-8.186690417775774,900.0409721759951,844.7649999999996,789.4890278240042,38.94521288131845,949.3356386439552,715.6643613560447,650.7365258970657
2021-10-19,818.0,819.0,785.0,791.0,-4.7,110546,88183538.7,39.65,19.94955864,811.8697801878153,823.1847868579471,780.9801116714156,28.842028524928065,38.03892301279081,44.78770772243297,-1.090443042020638,9.215787842434022,-10.30623088445466,900.9479891875868,845.9649999999996,790.9820108124122,36.82801431257606,912.4840429377282,691.5159570622718,650.7365258970657
2021-10-20,806.0,821.0,795.0,802.0,1.39,58775,47229004.6,39.65,20.22698613,822.304670281723,824.4984516276592,780.8794092761534,32.00408834107872,40.524403274467325,46.35893251383068,2.803321148974419,11.792345563547686,-8.989024414573267,897.4252550493419,848.4149999999996,799.4047449506573,37.14223812508451,919.4267143752536,696.5732856247464,650.7365258970657
2021-10-21,795.0,809.8,794.1,808.0,0.75,61630,49396317.2,39.65,20.37831021,832.4570054225845,825.4167557757269,780.6671420326977,33.80079526035068,41.91144201607723,47.22648327022687,6.612404590586607,14.039601667191002,-7.427197076604395,894.9579167591102,850.8149999999996,806.672083240889,38.380264583427234,917.0907937502816,686.8092062497184,650.7365258970657
2021-10-24,800.0,835.0,799.0,830.0,2.72,113978,93518834.0,39.65,20.9331652,844.6855081338769,826.1276437665729,780.392439942574,41.37055370909628,47.43987783476704,50.556784956981794,10.767090662017722,15.8964009363421,-5.129310274324379,892.4397324416486,852.2149999999996,811.9902675583505,38.65584953714138,932.967548611424,701.0324513885759,650.7365258970657
2021-10-25,832.0,841.0,820.0,836.0,0.72,70258,58460911.0,39.65,21.08448928,852.0282622008152,825.9695884101064,779.8938714997859,43.745562117489,49.07938245272565,51.507762937578285,13.67336865628772,17.178728504923196,-3.505359848635475,892.3814941140395,852.2649999999996,812.1485058859598,38.83983281904598,947.019498457138,713.980501542862,650.7365258970657
2021-10-26,819.3,841.5,790.0,837.0,0.12,299356,245515360.9,39.65,21.10970996,860.0423933012228,825.5601838554169,779.3299908113415,44.12080587960652,49.3432957680028,51.66324944700556,16.573041752155405,18.055068467082062,-1.4820267149266613,892.2781854678237,852.5649999999996,812.8518145321755,40.82203646560664,938.21610939682,693.2838906031801,650.7365258970657
2021-10-27,830.0,873.2,826.0,870.0,3.94,230090,196152010.9,39.65,21.94199243,871.5635899518342,825.0932525842094,778.7503927290435,58.9548896968119,59.077852204747614,57.12638450907406,19.93119844175885,18.42557514581373,1.5056232959451208,893.7272710489103,851.5649999999996,809.4027289510889,36.468929406229606,959.0067882186888,740.1932117813112,650.7365258970657
2021-10-28,870.0,876.0,855.0,871.0,0.11,199592,172354595.5,39.65,21.96721311,872.3453849277513,823.2603241182587,777.8333112489333,59.4936823688348,59.40763779405551,57.30266014732841,20.567519184608955,18.049169321827453,2.518349862781502,894.8888945411593,848.0649999999996,801.2411054588399,35.276588229144,971.329764687432,759.670235312568,650.7365258970657
2021-10-31,871.0,902.1,856.0,893.0,2.53,222689,197009125.6,39.65,22.5220681,873.0180773916269,821.311765919004,776.8969626182693,72.44015212979629,67.05429406539074,61.29742974030236,20.978713744615906,17.419581856132076,3.559131888483826,893.3870280741027,845.0149999999996,796.6429719258966,34.973986921271106,983.9719607638132,774.1280392361866,650.7365258970657
2021-11-01,910.0,910.0,870.0,874.0,-2.13,133727,118720635.4,39.65,22.04287516,863.0271160874403,818.3857155483511,775.7300979209655,66.91277261652533,63.26210686818827,58.92324080232759,18.958402601285,16.529798884011118,2.428603717273884,886.7026995087788,840.6049999999996,794.5073004912203,33.73776324585678,991.2132897375704,788.7867102624297,650.7365258970657
2021-11-02,890.0,890.0,865.0,869.0,-0.57,62963,54933045.2,39.65,21.91677175,857.5406741311605,816.1157447544063,774.742460714141,65.28409612922084,62.19887648662797,58.27663071179256,18.038537795051184,15.922647954692646,2.1158898403585376,885.1051014343384,836.3049999999996,787.5048985656608,32.93084805095198,976.292544152856,778.707455847144,650.7365258970657
2021-11-03,886.0,886.0,866.0,869.9,0.1,62379,54281106.6,39.65,21.93947037,851.8110111967407,813.9572037239739,773.7951487615193,65.80234192046026,62.50121215978864,58.43558323515423,17.11116798353021,15.393675494603013,1.7174924889271956,886.5701052464659,831.1049999999996,775.6398947535332,33.81205338994665,977.43616016984,774.5638398301601,650.7365258970657
2021-11-08,860.0,880.0,856.0,856.0,-1.6,53173,46062799.0,39.65,21.5889029,842.766516795111,811.6738242841361,772.829270859625,61.619636921371466,59.691296459429296,56.683856747358064,15.586980798882903,14.964302372371217,0.6226784265116905,882.5989575747301,826.9599999999995,771.3210424252688,34.2356148777185,970.7068446331556,765.2931553668445,650.7365258970657
2021-11-09,860.0,860.0,830.0,839.0,-1.99,100951,84606433.9,39.65,21.16015132,836.1497751926664,809.8645926222641,771.9933841345961,55.73369862782586,55.94199531704177,54.42889313886753,14.830116707949514,14.808632765743292,0.0214839422062222,882.3703797350898,822.4599999999995,762.5496202649091,33.48401653079833,945.452049592395,744.547950407605,650.7365258970657
2021-11-11,825.1,841.5,824.0,824.0,-1.79,60792,50322602.8,39.65,20.78184111,834.7246627889996,808.675392321132,771.3199508093156,49.68132646401578,52.30736299464221,52.32666998240014,15.379281207042482,14.803261780191736,0.5760194268507455,885.2861732166756,817.9599999999996,750.6338267833236,33.20446281199814,932.3633884359944,733.1366115640055,650.7365258970657
2021-11-14,825.0,835.0,813.1,825.5,0.18,40711,33613694.6,39.65,20.81967213,840.0869941834994,808.0498981301578,770.7905030787559,50.29255492050093,52.71115105798925,52.5594314733596,17.383788895600446,14.65925692347905,2.724531972121396,888.6902914432916,813.8899999999996,739.0897085567077,34.949403124442384,928.8982093733272,719.2017906266728,650.7365258970657
2021-11-15,817.0,833.0,817.0,824.9,-0.07,46501,38379665.7,39.65,20.80453972,847.3804912752491,807.3376490742459,770.2406588885926,50.07415964710865,52.57517209598534,52.478258471842686,19.536687234151145,13.9781239304487,5.558563303702444,892.8138481159931,808.8649999999996,724.916151884006,36.399336804935984,934.198010414808,715.801989585192,650.7365258970657
2021-11-16,825.0,870.0,820.0,870.0,5.47,104559,88602632.6,39.65,21.94199243,858.6207369128737,806.620818424215,769.6913187769202,70.88223863779648,65.77675590639906,59.87040254736294,22.0614892992229,12.58848310452309,9.473006194699808,897.1777063794531,803.0699999999996,708.9622936205461,34.55481867215109,948.6644560164532,741.3355439835467,650.7365258970657
2021-11-17,880.0,897.0,862.0,875.0,0.57,143618,125718149.7,39.65,22.06809584,852.9311053693104,804.0339130537749,768.683191327442,73.90884305994017,67.52217835816758,60.78163266545865,20.37116045428934,10.22023155584814,10.1509288984412,889.2718132742689,796.5449999999996,703.8181867257304,32.28313185794566,976.349395573837,782.650604426163,650.7365258970657
2021-11-18,874.0,874.0,845.9,854.0,-2.4,86241,73799771.5,39.65,21.53846154,841.8966580539657,801.1373380763779,767.6146806875169,68.96090769933171,63.77310607141656,58.21756075328872,17.408287485602614,7.682499331237839,9.725788154364777,878.8150531201,789.3949999999996,699.9749468798993,31.092368731050737,953.2271061931524,766.6728938068478,650.7365258970657
2021-11-21,870.0,870.0,836.0,840.0,-1.64,51751,43475291.1,39.65,21.18537201,835.8449870809485,798.979678406026,766.7464865235723,65.03112476472025,60.98511547098119,56.39291867889109,15.511554533051935,5.251052292646645,10.260502240405293,870.7500565222269,783.3949999999996,696.0399434777723,30.769298590056376,945.3078957701692,760.6921042298309,650.7365258970657
2021-11-22,855.0,860.0,832.1,850.0,1.19,38185,32333813.5,39.65,21.43757881,833.7674806214227,797.3053795654556,766.0102703077289,70.71565470730293,64.26550495473441,58.13374478826567,14.290465498588333,2.6859267325453224,11.60453876604301,864.6999878160705,777.4949999999997,690.2900121839289,30.410331766729307,937.280995300188,754.819004699812,650.7365258970657
2021-11-23,850.0,856.0,825.0,836.0,-1.65,64274,53372258.0,39.65,21.08448928,825.651220932134,795.1545787313926,765.1661524213744,67.14128582329947,61.57882752681656,56.32158295829807,11.505868723711616,-0.2152079589654305,11.721076682677046,854.2642854521267,771.5549999999996,688.8457145478725,30.689257518588125,932.5677725557643,748.4322274442357,650.7365258970657
2021-11-24,836.0,836.0,821.7,831.0,-0.6,96252,79467348.9,39.65,20.95838588,820.476831398201,793.4874186796127,764.4542544557601,65.81674067017758,60.59635234319551,55.6636125417279,9.209807113251372,-3.145477129634692,12.355284242886064,844.9186119581929,767.3549999999997,689.7913880418065,30.654730576209023,920.8141917286272,736.885808271373,650.7365258970657
2021-11-25,825.0,843.0,825.0,842.0,1.32,81644,68455000.1,39.65,21.23581337,815.2152470973016,791.9562929114336,763.7854529930039,71.44899821438798,63.93627413391649,57.49275056318138,6.654327645162084,-6.234298190356208,12.888625835518292,835.682575779943,763.8049999999996,691.9274242200562,31.805256195787813,929.4157685873636,738.5842314126365,650.7365258970657
2021-11-28,835.0,835.0,813.0,817.0,-2.97,66398,54348808.4,39.65,20.60529634,801.8228706459523,789.9136926221043,762.9993771436874,65.48149082500353,59.18918083513308,54.20978499235698,2.1758163583258465,-9.45645464923578,11.632271007561627,822.6414926150976,760.1999999999996,697.7585073849016,32.45028466198646,921.3508539859594,726.6491460140406,650.7365258970657
2021-11-29,824.0,825.0,797.0,800.0,-2.08,73172,59002359.8,39.65,20.17654477,794.2343059689285,788.8081290556596,762.4566573159858,60.489937419245486,55.48968937928791,51.77856887740175,-1.026586285720782,-12.364522401126187,11.337936115405403,813.5841125994039,756.5499999999996,699.5158874005954,32.16698295776273,907.5009488732882,714.4990511267118,650.7365258970657
2021-11-30,813.8,813.8,790.0,810.0,1.25,94516,75387304.7,39.65,20.42875158,791.3514589533928,788.3513179967069,762.0793372890108,65.43771752843584,58.38036890713408,53.379025225275946,-3.368175314511632,-15.19900642997754,11.830831115465909,807.3544525062754,753.4499999999996,699.5455474937238,32.629981064180804,899.7899431925424,704.0100568074575,650.7365258970657
2021-12-01,800.0,822.0,800.0,804.8,-0.64,25231,20342583.8,39.65,20.29760404,782.0271884300893,787.4676983231031,761.5977225883979,64.07965887002543,57.30645737393982,52.648385709673285,-7.32608457941194,-18.15671420884401,10.830629629432076,797.4188318794701,749.9499999999996,702.4811681205291,33.61109007131201,911.833270213936,710.166729786064,650.7365258970657
2021-12-02,805.0,805.0,780.0,788.0,-2.09,114952,90738112.7,39.65,19.8738966,770.640782645134,786.7602574383319,761.1635288455677,59.51078835609146,53.724301161783806,50.22917428943637,-11.741800265456844,-20.864371616202032,9.122571350745186,789.5284614168959,748.1599999999996,706.7915385831034,33.56787785701335,893.2036335710401,691.7963664289599,650.7365258970657
2021-12-05,785.0,785.0,758.6,765.0,-2.92,73387,56446886.2,39.65,19.29382093,761.961173967701,786.7096557011209,760.8938155676337,52.09584953564762,48.19902296252529,46.646637868862975,-15.496523919056584,-23.14501445388833,7.648490534831744,788.5881380326596,747.9599999999997,707.3318619673398,32.85319761890372,870.3595928567111,673.2404071432888,650.7365258970657
2021-12-06,760.0,787.0,745.0,787.0,2.88,68582,52360864.2,39.65,19.84867591,760.4417609515515,787.5957640970851,760.8525473823838,61.70358327582783,53.91692102551254,49.94805521913751,-17.721694489010247,-25.057137087596267,7.33544259858602,797.958332607821,750.0999999999997,702.2416673921783,33.34799735433747,866.0439920630124,665.9560079369876,650.7365258970657
2021-12-07,790.0,795.2,765.0,766.0,-2.67,48358,37532023.9,39.65,19.31904161,747.1626414273272,787.6200809990069,760.589758913865,54.59921845897884,48.50188379024457,46.47677047279312,-22.544051187547325,-26.89099773724277,4.346946549695446,799.7002032516233,750.4999999999997,701.299796748376,32.38666372704164,877.259991181125,682.9400088188751,650.7365258970657
2021-12-08,760.0,760.0,742.0,749.0,-2.22,45768,34233274.4,39.65,18.89029004,737.7439621409909,788.5025332846806,760.5353846315923,47.60509533707704,43.51236963502751,43.42765164404894,-26.233036629134062,-27.977734374666632,1.7446977455325694,816.1646437192779,754.0999999999997,692.0353562807214,30.851848585601807,843.5555457568055,658.4444542431945,650.7365258970657
2021-12-09,746.0,756.0,740.0,742.6,-0.85,50635,37739128.1,39.65,18.72887768,732.1159432114864,790.1148815820145,760.6513181454776,44.75719908260692,41.532069545664726,42.238400616961854,-28.82904296906281,-28.41390881104977,-0.4151341580130392,839.1323776894005,760.0049999999997,680.8776223105988,32.27983176177978,844.8394952853394,651.1605047146606,650.7365258970657
2021-12-12,748.0,748.0,722.0,725.0,-2.37,53496,38970096.6,39.65,18.28499369,726.8739148172295,792.0542645037294,760.8327384283467,36.29262765700921,35.783318234383295,38.84442010990546,-31.07152316338545,-28.310125271546514,-2.761397891838936,855.6665781128761,765.8749999999997,676.0834218871232,32.422035290866425,832.2661058725993,637.7338941274007,650.7365258970657
2021-12-13,712.0,722.0,701.0,709.0,-2.21,70526,50097353.6,39.65,17.8814628,727.8108722258443,794.7911732589837,761.1928664527522,27.289788663608288,29.970898251902376,35.53884712942483,-31.689793910853385,-27.61977579858678,-4.070018112266602,870.210926454103,772.8499999999997,675.4890735458964,31.69115032318492,806.5734509695548,616.4265490304452,650.7365258970657
2021-12-14,723.0,739.5,716.0,739.5,4.3,18561,13500800.4,39.65,18.65069357,737.2163083387665,798.2928538001667,761.7174178743879,35.881709078320235,35.68879305021745,39.44005670742259,-30.388898844372875,-26.602271270520127,-3.786627573852748,881.4605081368761,780.6999999999996,679.9394918631231,30.93461147020547,820.5538344106164,634.9461655893836,650.7365258970657
2021-12-15,754.0,767.0,725.0,732.0,-1.01,69145,50800581.5,39.65,18.46153846,736.0744625081496,800.6925621185408,761.9407085062913,31.14315203560191,32.759632189872015,37.828978562622645,-31.391917885419616,-25.655614377056946,-5.736303508362674,895.482956888788,787.7499999999997,680.0170431112114,31.760679411339414,841.2820382340183,650.7179617659817,650.7365258970657
2021-12-16,736.5,736.5,721.0,734.0,0.27,28600,20773760.7,39.65,18.51197982,738.1116937622245,803.4963401641954,762.2416201495706,31.69844001847024,33.13331707144015,38.08837472877833,-31.451888837658657,-24.22153849996627,-7.230350337692386,911.1393473327036,796.1499999999996,681.1606526672957,30.622977123710456,820.6189313711313,636.8810686288687,650.7365258970657
2021-12-20,748.6,748.6,720.0,722.0,-1.63,50222,36349240.5,39.65,18.20933165,740.1675406433367,806.3329254770198,762.5254555279582,24.520799048929437,28.59536972622577,35.54251312979977,-31.27458792451398,-22.41395091554317,-8.860637008970805,923.7474455338172,804.3499999999997,684.9525544661822,32.30330791523384,831.2099237457014,637.3900762542985,650.7365258970657
2021-12-21,735.0,736.0,722.0,731.2,1.27,30657,22326546.5,39.65,18.44136192,749.251310965005,809.7750857005716,762.9327465382895,26.412322632277057,30.047058552322003,36.65177849435424,-29.371566207380056,-20.19879166330048,-9.17277454407958,936.1605969218768,813.9499999999996,691.7394030781223,32.71478657248204,827.1443597174462,630.8556402825538,650.7365258970657
2021-12-22,745.0,756.0,735.0,752.0,2.84,54868,41121360.3,39.65,18.96595208,758.2769664475074,812.982232055697,763.2516686140513,31.25809004785712,33.63143893035833,39.314901675153926,-27.452122979949195,-17.90559802728058,-9.546524952668616,946.123227034793,822.9899999999996,699.8567729652061,33.01642952498005,844.5492885749402,646.4507114250598,650.7365258970657
2021-12-23,767.0,767.0,749.0,760.0,1.06,53583,40522914.0,39.65,19.16771753,761.4154496712612,815.4713027518478,763.3647507106749,33.34991239684874,35.128047068903726,40.398733340324746,-26.720730017229016,-15.518966789113426,-11.20176322811559,956.3367689430946,831.2399999999996,706.1432310569045,33.9071439166445,859.7214317499335,656.2785682500665,650.7365258970657
2021-12-26,765.0,775.0,760.0,769.9,1.3,70760,54269788.7,39.65,19.41740227,762.1231745068917,817.7354375580456,763.398567300732,35.99998232163437,37.021144740163614,41.76662097330744,-26.21308692637922,-12.718525982084527,-13.49456094429469,962.7265738630504,838.3899999999996,714.0534261369489,35.352382129605,873.557146388815,661.442853611185,650.7365258970657
2021-12-27,770.0,774.0,744.0,744.0,-3.36,65018,49019615.4,39.65,18.76418663,758.2347617603375,819.6879043971495,763.3332262685785,21.49275483996377,27.534058702074603,36.35424551198134,-26.191868480583597,-9.344885746010856,-16.846982734572737,963.9665414774176,843.2049999999996,722.4434585225816,35.83598014400555,866.5079404320167,651.4920595679833,650.7365258970657
2021-12-28,740.0,747.0,730.0,738.0,-0.81,43607,32180061.8,39.65,18.61286255,765.3521426405063,822.7772066174414,763.5275300501722,17.64884692140725,25.107197365498017,35.010927040345614,-23.146722486414205,-5.133140062367671,-18.013582424046533,961.5021082997788,849.3549999999996,737.2078917002202,35.81775571556173,845.9532671466852,631.0467328533148,650.7365258970657
2021-12-29,726.1,744.0,725.0,740.0,0.27,77201,56817535.0,39.65,18.66330391,779.0282139607594,826.237500765092,763.7840881411288,17.9086548659918,25.37018095676502,35.24899793339532,-18.312420181326388,-0.6297444563560384,-17.68267572497035,955.308942836535,855.4549999999996,755.6010571634641,37.90861746173525,848.2258523852058,620.7741476147942,650.7365258970657
2022-01-02,754.8,773.0,730.0,769.0,3.92,73533,55902252.3,39.65,19.39470366,798.5423209411391,829.7573987555039,764.0231242028486,22.10226856597492,29.53560930825606,38.93431130506698,-12.079366400195113,3.7909244748865487,-15.87029087508166,946.0826999096917,861.4349999999997,776.7873000903079,37.23179717970584,863.1953915391175,639.8046084608825,650.7365258970657
2022-01-03,769.0,788.4,765.0,784.0,1.95,78276,61074703.9,39.65,19.77301387,813.3134814117086,832.2372925822592,763.9731053506159,24.768968258489,32.06411502184449,41.066262822223216,-6.900750608275644,7.758497193656964,-14.659247801932608,940.7518262016338,867.1349999999996,793.5181737983655,35.36866353300648,882.8059905990195,670.5940094009806,650.7365258970657
2022-01-04,790.0,813.7,772.0,807.8,3.04,79587,63193949.7,39.65,20.37326608,827.9702221175629,834.2061616672494,763.7718300275066,29.8480668537626,36.69209569762717,44.80315301690992,-1.7178518977416388,11.423309144140116,-13.141161041881755,934.4988396224528,871.5349999999996,808.5711603775466,34.542959481118324,896.478878443355,689.221121556645,650.7365258970657
2022-01-05,819.9,819.9,792.0,795.0,-1.58,78208,62536250.3,39.65,20.05044136,838.0553331763443,835.28396418428,763.3293358569288,22.223647228936464,31.77432287000896,42.08206579293761,2.4991257567616003,14.708599404610556,-12.209473647848956,930.4464148566236,874.6449999999998,818.8435851433758,33.74773275679813,907.1931982703944,704.7068017296057,650.7365258970657
2022-01-06,782.0,839.0,782.0,838.0,5.41,178781,145219148.4,39.65,21.13493064,859.5829997645164,836.928207620373,763.0110377248376,32.901677654583864,41.93618343959196,50.03727406383741,9.14844449750194,17.760967816572794,-8.612523319070853,920.8445364522032,877.9149999999997,834.9854635477964,32.386369729775694,907.6591091893272,713.3408908106729,650.7365258970657
2022-01-09,854.7,871.0,850.0,867.1,3.47,162594,139935027.2,39.65,21.86885246,870.3744996467747,836.8844609926331,762.2573798125244,46.27737991356698,52.48403453051771,57.04299050481959,13.124143042992388,19.91409864634051,-6.7899556033481225,919.2384531436662,878.6649999999997,838.0915468563333,26.52929969975077,940.0878990992524,780.9121009007476,650.7365258970657
2022-01-10,870.0,879.0,852.0,860.0,-0.82,160045,138215461.9,39.65,21.68978562,872.011749470162,835.65117368621,761.2036851372734,41.08275993568146,49.61274867973784,55.58649012797973,15.044774378611123,21.61158754717754,-6.566813168566416,920.6808930958252,877.4599999999998,834.2391069041744,27.14366633305641,946.9309989991692,784.0690010008308,650.7365258970657
2022-01-11,870.0,872.0,855.0,864.5,0.52,83864,72545031.1,39.65,21.80327869,878.0176242052431,834.6573440407492,760.2107573497083,43.44968708874661,51.44222197076053,56.75740271075045,18.000274383293686,23.253290839319146,-5.253016456025456,922.45312083074,876.3099999999998,830.1668791692596,27.159629258951565,944.9788877768548,782.0211122231453,650.7365258970657
2022-01-12,870.0,889.5,863.0,866.0,0.17,170915,149127990.5,39.65,21.84110971,884.7764363078647,833.4392764505757,759.1626242577455,44.20428548520164,52.03614748521702,57.14258390337735,21.05256312551353,24.566544953325504,-3.5139818278119748,925.0294467770668,874.4849999999999,823.940553222933,28.288476954390624,961.115430863172,791.3845691368281,650.7365258970657
2022-01-13,868.0,890.0,861.0,880.5,1.67,94487,83119715.4,39.65,22.20680958,894.1646544617971,832.1102673261094,758.0888817879741,51.95791741408436,58.05237598568704,60.98319856683651,24.489447111030245,25.445040410278494,-0.9555932992482532,928.2580638295656,872.0849999999998,815.911936170434,28.487196615989586,960.9615898479688,790.0384101520312,650.7365258970657
2022-01-16,895.0,912.0,882.0,900.0,2.21,137916,123808949.3,41.43,21.72338885,900.9969816926956,830.1351761965628,756.8586192933808,65.74280072285204,67.84815963125716,66.77761358714098,27.0435870763838,25.68393873509056,1.3596483412932407,931.135111398866,868.4099999999999,805.6848886011338,27.319107351099536,978.9573220532986,815.0426779467014,650.7365258970657
2022-01-17,918.0,918.0,893.0,898.0,-0.22,111345,100031851.4,41.43,21.67511465,901.4954725390434,827.2835507351981,755.4200124521083,64.89365978741573,67.3230236824688,66.46386700808122,27.924782638323904,25.34402664976725,2.5807559885566533,930.3590974451696,863.6599999999999,796.9609025548302,27.0212303901106,986.5636911703318,824.4363088296682,650.7365258970657
2022-01-18,900.0,927.0,899.0,914.0,1.78,207182,190108363.6,41.43,22.06130823,903.243208808565,824.3971650509204,753.9870477531344,78.77975016775054,76.6193090634862,71.66136680737132,28.84696631718839,24.69883765262809,4.1481286645603,928.3975464330592,859.0099999999999,789.6224535669405,27.24581154456733,994.737434633702,831.262565366298,650.7365258970657
2022-01-19,932.2,932.2,910.0,912.0,-0.22,145505,133370636.5,41.43,22.01303403,897.8648132128475,820.7399064815702,752.3788773787941,78.26293394735563,76.23846636690867,71.39291662511302,27.975324884507245,23.661805486488014,4.313519398019231,921.750892195655,853.6599999999999,785.5691078043448,27.16201282729704,1002.5860384818913,839.6139615181089,650.7365258970657
2022-01-20,912.0,920.0,901.6,917.0,0.55,116652,106404141.5,41.43,22.13371953,890.7972198192712,817.0150047053078,750.7746449906413,82.74103705708877,79.23458068242499,73.05379889806156,26.659516003019466,22.583425636983208,4.076090366036254,913.2583974955886,848.8599999999999,784.4616025044112,27.713347585885597,993.9400427576568,827.6599572423431,650.7365258970657
2022-01-23,935.0,935.3,899.0,903.0,-1.53,191997,175263196.5,41.43,21.79580014,877.6958297289068,812.9339844891979,749.1040384076326,79.87501876998489,76.87133943080946,71.2563572694195,24.083199706967548,21.564403045474144,2.518796661493404,902.390037779648,843.1649999999997,783.9399622203516,28.74816398431733,1003.394491952952,830.905508047048,650.7365258970657
2022-01-24,900.0,900.0,866.0,866.2,-4.08,419335,367364527.5,41.43,20.90755491,865.0437445933602,809.2578205907978,747.5573453263023,67.11605354194941,67.97556024869196,65.4388578055483,21.87003672972344,20.93470388010079,0.9353328496226468,892.8399633161997,838.3199999999999,783.8000366838002,24.264626649241485,955.7938799477243,810.2061200522755,650.7365258970657
2022-01-25,850.0,883.0,845.2,867.0,0.09,227148,196874184.1,41.43,20.92686459,864.4656168900402,806.933650002667,746.3649568371194,67.94848676523769,68.50745885812744,65.71643381957142,22.474035449972234,20.700870667695128,1.7731647822771066,889.8797677615798,835.4099999999999,780.9402322384199,23.182918499157203,933.6487554974716,794.5512445025284,650.7365258970657
2022-01-26,868.0,873.0,856.0,860.0,-0.81,109049,93917145.7,41.43,20.7579049,863.1984253350604,804.4819622476739,745.15254434302,64.52646303664753,66.36932435745524,64.44975016062028,22.83660784636311,20.25757947212585,2.5790283742372573,886.3432469439463,832.2599999999999,778.1767530560535,21.5587983323969,929.1763949971908,799.8236050028092,650.7365258970657
2022-01-27,861.0,869.9,856.0,859.6,-0.05,56260,48363360.9,41.43,20.74825006,864.7976380025906,802.2159198904361,743.9982985575227,64.33303919193574,66.24773164429686,64.37754983622543,23.679940499991176,19.612822378566538,4.067118121424638,884.2512389481451,828.7599999999999,773.2687610518547,22.065331480441003,929.1459944413232,796.754005558677,650.7365258970657
2022-01-30,876.7,888.0,872.0,883.0,2.72,99204,87055768.7,41.43,21.31305817,867.3964570038859,799.8737125390253,742.8364724123722,89.79247741240106,82.43876727693436,72.66560180186687,24.4526314069858,18.596042848210377,5.8565885587754245,881.9315473474164,824.93,767.9284526525835,21.51703497826778,944.5511049348032,815.4488950651967,650.7365258970657
2022-01-31,890.0,890.0,870.1,872.0,-1.25,65157,57041932.3,41.43,21.04755008,859.5946855058288,796.4808028467406,741.4277937431499,87.77010137810574,80.3415413183993,70.97955283874423,22.700645889629985,17.13189570851652,5.568750181113462,874.1391984953142,819.43,764.7208015046857,22.13003886474198,946.440116594226,813.659883405774,650.7365258970657
2022-02-01,875.0,883.0,865.0,870.0,-0.23,58118,50707160.6,41.43,20.99927589,853.3920282587432,793.3983866364035,740.1155102631816,87.36554133444784,79.93702296619738,70.66370752616311,21.25428407090112,15.739708163238154,5.514575907662968,868.510366433362,813.93,759.3496335666379,22.36670984971331,941.10012954914,806.8998704508601,650.7365258970657
2022-02-03,870.0,877.0,860.0,860.4,-1.1,150826,130653042.5,41.43,20.76755974,845.0880423881147,790.2717901725832,738.8101385070327,85.28927577843703,77.91111807407792,69.11477095864446,19.30268358123772,14.361064186322412,4.941619394915303,860.4838517440847,808.8299999999999,757.1761482559151,22.34078872190368,935.522366165711,801.477633834289,650.7365258970657
2022-02-06,856.0,860.0,845.0,853.0,-0.86,72123,61459588.4,41.43,20.58894521,837.4320635821721,787.40941426126,737.5881298488118,83.42268839677047,76.1902212193997,67.85897269119603,17.508419922340295,13.125659337593586,4.382760584746709,852.5121207864735,804.51,756.5078792135265,22.15643191322631,918.969295739679,786.030704260321,650.7365258970657
2022-02-07,853.0,858.0,839.0,843.0,-1.17,59770,50503450.3,41.43,20.34757422,829.6480953732581,784.7322474964135,736.4282115558351,80.4416931383175,73.61034798086095,66.06917916675773,15.717073653386253,12.02996919140691,3.6871044619793416,846.1599524837765,799.8599999999999,753.5600475162233,22.72936879247368,916.688106377421,780.311893622579,650.7365258970657
2022-02-08,855.0,872.0,826.0,837.0,-0.71,86778,72856295.0,41.43,20.20275163,822.9721430598871,782.3539718840223,735.35713830514,78.36695354386016,71.91489551572018,64.94478576695525,14.220234253326566,11.108193075912071,3.1120411774144934,840.8833431502488,795.6099999999999,750.336656849751,22.92152088052631,917.7645626415788,780.2354373584211,650.7365258970657
2022-02-09,840.0,840.0,821.0,828.0,-1.08,87317,72331456.2,41.43,19.98551774,815.9582145898306,780.1235217568395,734.3356020066992,74.8031158669407,69.1546463718019,63.188182551264745,12.713792193565723,10.33018278155845,2.3836094120072726,834.2586183344337,792.8599999999999,751.4613816655661,20.35724542280701,891.5717362684211,769.4282637315789,650.7365258970657
2022-02-10,830.0,839.0,814.0,818.0,-1.21,95660,78333501.4,41.43,19.74414675,809.9373218847459,778.1693797877309,733.3942512730982,69.90674419143701,65.673925585588,61.10947407109543,11.52246007810993,9.734280428556632,1.7881796495532978,828.9092619903455,790.3599999999999,751.8107380096543,20.174717136452237,887.0241514093567,765.9758485906433,650.7365258970657
2022-02-13,802.0,811.0,789.0,807.0,-1.34,180844,144338091.7,41.43,19.47863867,805.9059828271188,776.5436401872302,732.5439422406671,62.84754939624888,61.20197433078146,58.6433459146016,10.85246948597387,9.287235516168307,1.565233969805563,825.201750093392,788.06,750.9182499066079,18.86079681828026,856.5823904548408,743.4176095451592,650.7365258970657
2022-02-14,811.0,814.0,798.0,805.0,-0.25,65371,52459382.0,41.43,19.43036447,805.3589742406782,775.3005234601783,731.7956401526336,61.38354219881427,60.32941667165724,58.18047546051687,10.95946375585163,8.895927023716917,2.063536732134713,823.164495003981,786.1099999999999,749.0555049960188,18.51199646475585,861.5359893942675,750.4640106057325,650.7365258970657
2022-02-15,805.0,810.0,802.0,805.0,0.0,45673,36821646.3,41.43,19.43036447,805.5384613610173,774.0882999279406,731.0599179431123,61.38354219881427,60.32941667165724,58.18047546051687,11.140253332955808,8.380042840683238,2.76021049227257,820.9841122759323,784.3599999999999,747.7358877240675,18.791107183062053,862.3733215491861,749.6266784508139,650.7365258970657
2022-02-16,806.0,815.0,803.0,807.0,0.25,43171,34835752.9,41.43,19.47863867,805.8076920415259,772.8265978841831,730.3168015405305,63.3561440627646,61.52243932121532,58.7868440218856,11.208966526525842,7.689990217615095,3.518976308910747,818.4208132268379,782.76,747.099186773162,19.99011909229117,868.9703572768735,749.0296427231265,650.7365258970657
2022-02-17,805.0,816.0,804.0,816.0,1.12,55936,45273568.4,41.43,19.69587256,805.2115380622889,771.431765144762,729.5461161288775,72.70137675262775,67.06406611460582,61.55844561339067,10.929993671387592,6.810246140387408,4.1197475310001845,815.2940823127367,781.405,747.5159176872633,20.766798991434637,872.3003969743039,747.6996030256961,650.7365258970657
2022-02-20,799.7,812.0,790.0,803.1,-1.58,58816,47104309.4,41.43,19.38450398,799.8173070934333,769.6126535180176,728.6772328738914,66.38390475106738,62.57767641283347,58.89158824988784,9.498577501063664,5.780309257637361,3.7182682434263032,809.8896782902714,779.8549999999999,749.8203217097284,21.640887768260704,865.9226633047821,736.0773366952179,650.7365258970657
2022-02-21,808.0,810.0,798.0,806.1,0.37,30102,24132081.9,41.43,19.45691528,798.1759606401499,768.2458230493653,727.9292653650863,69.7191976876224,64.47420714292763,59.81806383130568,8.846863370925576,4.850742196780786,3.9961211741447897,806.7835182980948,778.6999999999999,750.6164817019051,21.60098640917856,868.8029592275357,739.1970407724643,650.7365258970657
2022-02-22,806.0,815.0,802.0,808.0,0.24,37501,30314745.8,41.43,19.50277577,794.2139409602248,766.7007546024006,727.1436298411173,71.74858217617587,65.64420346538476,60.39574825254987,7.580902959426908,3.851711903244588,3.72919105618232,802.2822995839667,776.6949999999999,751.1077004160331,22.667762676865067,876.5032880305952,740.4967119694048,650.7365258970657
2022-02-23,810.0,810.0,801.0,804.0,-0.5,26347,21165563.7,41.43,19.40622737,787.3209114403372,765.0150711167843,726.3310030053497,70.12104376945727,64.38061211204955,59.6073636623916,5.661354900249648,2.9194141391990085,2.74194076105064,796.4707934934731,774.2899999999998,752.1092065065266,23.741958529850077,876.7258755895502,734.2741244104498,650.7365258970657
2022-02-24,804.0,804.0,785.0,790.0,-1.74,62153,49201909.5,41.43,19.06830799,778.9813671605058,763.4238495297143,725.5504100707301,63.59650894321898,59.54486426696716,56.71200004869416,3.536239306168909,2.2339289489363487,1.3023103572325605,790.732275008646,771.9399999999998,753.1477249913537,24.157731699833413,866.9731950995002,722.0268049004998,650.7365258970657
2022-02-27,790.0,800.0,777.7,783.0,-0.89,94586,74506582.6,41.43,18.8993483,773.4720507407586,762.3391086941924,724.9026754985766,59.68376346756475,56.823344356588734,55.16953477297124,2.197837376179677,1.9083513596282085,0.289486016551469,787.7460490681091,770.7899999999998,753.8339509318906,24.50859077759268,862.3757723327781,715.324227667222,650.7365258970657
2022-02-28,798.0,798.0,771.0,773.0,-1.28,55256,42992657.9,41.43,18.65797731,768.7080761111379,761.4958070082411,724.3187827900196,53.31142865403472,52.5927659617002,52.86621974466853,1.1703085509763014,1.8359798554903413,-0.6656713045140399,786.0665708022188,769.8399999999999,753.613429197781,24.23176753065853,857.1953025919756,711.8046974080244,650.7365258970657
2022-03-02,770.0,775.0,760.0,762.0,-1.42,76482,58353262.4,41.43,18.39246923,766.5621141667068,761.0262481106182,723.8295243255976,44.77689985637085,47.32045841052544,50.16224596450941,0.8599672715207589,2.002397681618852,-1.1424304100980924,785.7980584689722,769.2849999999999,752.7719415310276,22.924186145176144,836.2725584355285,698.7274415644715,650.7365258970657
2022-03-06,777.2,785.0,755.0,768.0,0.79,36346,27808137.4,41.43,18.53729182,768.8431712500602,760.9865031355414,723.4459014544981,49.13135419349496,50.14506659489236,51.71578851340105,1.5713503327025364,2.2880052841433742,-0.7166549514408378,785.7980584689722,769.2849999999999,752.7719415310276,23.80465127241793,841.4139538172537,698.5860461827463,650.7365258970657
2022-03-07,770.0,774.9,747.0,774.0,0.78,138577,105027582.7,41.43,18.68211441,769.2647568750903,760.7002379574002,722.9981215696187,53.7802523500273,53.0875732938369,53.30049431833476,1.8455687077716905,2.467169022003584,-0.6216003142318933,786.7464179778246,768.4449999999999,750.1435820221752,23.116279191575487,830.2988375747265,691.6011624252736,650.7365258970657
2022-03-09,785.0,785.0,750.0,760.0,-1.81,138776,104851922.1,41.43,18.34419503,766.8971353126354,760.15739052709,722.485539876851,42.49468014178815,46.25436700429083,49.85883450381866,1.5578173434741984,2.622569100561557,-1.0647517570873584,788.273469154552,766.8399999999999,745.4065308454478,22.5847546573061,835.2542639719184,699.7457360280816,650.7365258970657
2022-03-10,760.0,762.0,747.0,758.0,-0.26,165638,124611575.7,41.43,18.29592083,770.3457029689531,760.1638146302365,722.1085101268696,40.65461847650664,45.19542860917928,49.34687561342904,2.593337349865692,2.8887570398333966,-0.2954196899677046,788.3141277794629,767.0899999999999,745.865872220537,21.20528295256233,818.115848857687,690.884151142313,650.7365258970657
2022-03-13,769.0,790.0,758.0,782.0,3.17,93422,72246417.7,41.43,18.8752112,776.5185544534296,760.2521335947359,721.7477916356825,61.72071179467499,57.909096588412126,55.92494944704288,4.080952523843621,2.962611962325323,1.118340561518298,788.2453485978891,767.3399999999999,746.4346514021107,19.672536613958147,833.0176098418744,714.9823901581256,650.7365258970657
2022-03-14,785.0,789.0,770.0,778.0,-0.51,29363,22858634.1,41.43,18.7786628,773.7778316801445,759.3644655781945,721.1422418028752,58.537815243805255,55.993254665033554,54.96441063836323,3.4766947637377825,2.6830268219457483,0.7936679417920343,786.6273423024527,765.8399999999999,745.0526576975471,18.302818459953496,834.4084553798605,724.5915446201395,650.7365258970657
2022-03-15,780.0,781.0,770.0,772.0,-0.77,50282,38972617.4,41.43,18.63384021,771.6667475202167,758.6038315201616,720.5708070471252,53.367913964321744,53.0144478723347,53.50530064066561,3.0621447533665105,2.48460983649774,0.5775349168687707,785.1310815838175,764.7899999999998,744.4489184161822,18.22535384439277,830.1760615331783,720.8239384668217,650.7365258970657
2022-03-16,772.0,778.0,765.0,768.0,-0.52,46676,35928971.2,41.43,18.53729182,771.5001212803252,758.0570491332295,720.053930736041,49.64735145506541,50.95949396087856,52.52080105033375,3.099396998261909,2.340226107280547,0.7591708909813621,784.6442005348155,763.7399999999999,742.8357994651843,18.80594871599197,827.9178461479759,715.0821538520241,650.7365258970657
2022-03-20,776.0,776.0,764.0,770.0,0.26,42001,32221338.6,41.43,18.58556601,773.2501819204878,757.6512144039735,719.5720606931872,51.47257969054674,52.01572202747416,53.06008974173481,3.509134998135437,2.1504333845352064,1.3587016136002306,784.6672458987556,762.7149999999999,740.7627541012442,19.451054128879967,828.35316238664,711.64683761336,650.7365258970657
2022-03-21,775.0,780.0,762.0,773.0,0.39,47286,36280037.9,41.43,18.65797731,774.8752728807316,757.1471823388296,719.0652472328172,54.12574119038235,53.56203075497692,53.8564139092216,3.777431354364808,1.8107579811351489,1.9666733732296588,783.9350621545912,762.2149999999999,740.4949378454087,20.278949032088853,831.8368470962665,710.1631529037335,650.7365258970657
2022-03-22,770.0,785.0,770.0,779.9,0.89,41446,32251559.7,41.43,18.82452329,775.8129093210973,756.500128556741,718.5231894160617,60.50145615267687,57.193223510484906,55.70225259339977,3.759476065706849,1.319089637827734,2.440386427879115,782.661407191845,761.3149999999998,739.9685928081547,20.53216559120984,839.0964967736295,715.9035032263705,650.7365258970657
2022-03-23,780.0,785.0,773.0,785.0,0.65,108697,84194639.2,41.43,18.9476225,773.7693639816459,755.5450317631386,717.9063370483839,65.57652576121498,59.98426311299071,57.090649422358574,2.9793298454094383,0.7089930308579553,2.270336814551483,780.2444606024948,760.5699999999999,740.8955393975051,21.146850656899822,842.4405519706995,715.5594480293005,650.7365258970657
2022-03-24,780.0,790.0,769.3,780.0,-0.64,67523,52208122.2,41.43,18.826937,768.1540459724689,754.3427881616341,717.2320288780159,62.861676124377375,58.12387723950874,56.05985173865006,1.4209711446601432,0.1414088272200845,1.2795623174400583,783.8700857141116,761.1199999999999,738.3699142858882,22.16316739655536,846.139502189666,713.1604978103339,650.7365258970657
2022-03-27,780.0,790.0,766.0,766.0,-1.79,67429,52056815.8,41.43,18.48901762,762.2310689587034,753.2955550253743,716.6011949973929,53.79142878630625,52.36599678301482,53.02664257586039,-0.0796389954913365,-0.1784817521399301,0.0988427566485935,783.0649407314588,760.9199999999998,738.7750592685409,21.95907488506151,843.8772246551846,712.1227753448154,650.7365258970657
2022-03-28,761.0,765.0,755.0,759.9,-0.8,37146,28229612.7,41.43,18.34178132,760.3466034380551,752.7770062508997,716.1047245953566,48.96391577306994,49.55999175762019,51.62998448913002,-0.568350279895526,-0.2031924413020784,-0.3651578385934475,786.1733844748185,761.8399999999999,737.5066155251814,21.054527650068344,823.1635829502051,696.8364170497949,650.7365258970657
2022-03-29,756.0,765.0,754.0,757.0,-0.38,40516,30680927.4,41.43,18.27178373,760.5699051570826,752.4862718121609,715.664571073702,46.60667740887931,48.21328447099808,50.96457678994084,-0.562765769736643,-0.1119029816537165,-0.4508627880829264,788.7467240803463,762.9349999999998,737.1232759196533,22.28280850007594,826.3484255002278,692.6515744997722,650.7365258970657
2022-03-30,758.0,770.0,757.0,767.0,1.32,29760,22669073.0,41.43,18.51315472,762.3548577356239,752.3020380085757,715.2491396272065,54.29301787010068,52.720347642047074,53.396193553554006,-0.2521794928468353,0.000812715367015,-0.2529922082138503,791.1228005783664,764.1849999999998,737.2471994216332,23.314231666751045,833.4426950002531,693.5573049997469,650.7365258970657
2022-03-31,772.0,772.0,755.0,764.0,-0.39,39695,30287300.6,41.43,18.44074342,760.0322866034359,751.7021211925992,714.7290304777313,52.190425495634486,51.45620158649653,52.7468872534235,-0.8702722159024461,0.0640607674204776,-0.9343329833229236,791.7311608863281,764.5099999999999,737.2888391136717,24.46025740750116,836.8807722225035,690.1192277774965,650.7365258970657
2022-04-03,770.0,778.0,756.2,761.9,-0.27,18189,13822827.5,41.43,18.39005552,758.0484299051539,751.2001669555624,714.2338448543919,50.78163892417762,50.5976146931119,52.30029291607844,-1.3410702410983504,0.2976440132512086,-1.638714254349559,792.2738499210823,764.8849999999999,737.4961500789175,25.28917489722351,842.9675246916705,691.2324753083295,650.7365258970657
2022-04-04,777.1,777.1,757.0,762.0,0.01,19152,14559554.3,41.43,18.39246923,756.1226448577307,750.7634390761976,713.7547880187577,50.84505614983165,50.63721662263926,52.322899062015374,-1.7086550624779877,0.7073225768385983,-2.4159776393165857,792.3483552137135,764.9899999999999,737.6316447862863,25.67686099691501,844.080582990745,690.0194170092549,650.7365258970657
2022-04-05,777.2,777.2,748.0,751.2,-1.42,69542,52271776.4,41.43,18.13178856,753.1839672865962,750.3048039364506,713.2699115164337,44.1492868531673,46.43260483480898,50.086035688621486,-2.1631556154027294,1.3113169866677448,-3.474472602070474,792.4640114185252,765.1399999999999,737.8159885814746,25.65206777435002,839.5562033230501,685.6437966769499,650.7365258970657
2022-04-06,750.0,750.0,739.0,741.9,-1.24,52534,38947897.1,41.43,17.90731354,754.1759509298943,750.2682653216119,712.8887045970008,37.64815028053442,42.5175674673403,48.07202663692907,-1.612163148548234,2.1799351371853635,-3.792098285733597,793.0799701492397,766.2799999999999,739.48002985076,24.580075304833347,818.2402259145,670.7597740855,650.7365258970657
2022-04-07,750.0,765.0,746.0,765.0,3.11,51777,38907678.0,41.43,18.46488052,760.3139263948414,750.6098271714736,712.5971337889305,50.6706174816943,51.13786661422501,53.18962953690898,0.0614623367614513,3.127959708618763,-3.066497371857312,793.9472147215791,768.4349999999998,742.9227852784205,24.422305894259274,828.7669176827778,682.2330823172222,650.7365258970657
2022-04-11,765.0,774.0,740.0,763.0,-0.26,91552,68688419.0,41.43,18.41660632,757.970889592262,750.0224731784725,712.07047181696,49.32153477215808,50.32821719638427,52.7717362633385,-0.1552769505235574,3.8945840515830903,-4.049861002106648,797.2128161726456,769.7849999999999,742.3571838273541,25.02478432695475,832.0743529808642,681.9256470191358,650.7365258970657
2022-04-12,775.0,775.0,745.0,752.0,-1.44,44168,33165629.3,41.43,18.15109824,755.456334388393,749.4927782061653,711.5586172623565,41.49985551807565,45.73609272720048,50.4354368051264,-0.2260201579232443,4.907049302109753,-5.133069460032997,803.8925752372977,772.0349999999999,740.177424762702,24.02753814106084,832.0826144231826,687.9173855768174,650.7365258970657
2022-04-13,748.0,760.0,745.0,757.0,0.66,51266,38575069.9,41.43,18.27178373,757.1845015825894,749.3904426227435,711.1521712046917,44.25987080385836,47.593219821559934,51.54816290006996,0.8069733505653858,6.190316667118002,-5.383343316552616,803.6988181812792,773.1849999999998,742.6711818187205,23.363931267845377,822.5917938035361,682.4082061964639,650.7365258970657
2022-04-17,772.1,772.1,746.0,751.0,-0.79,38725,29155508.4,41.24,18.21047527,757.276752373884,749.07984844408,710.6913890057439,40.00371006308293,45.10965745642398,50.28460287292093,1.6046199981190057,7.536152496256156,-5.93153249813715,804.6872395172128,774.6349999999999,744.582760482787,24.29325696427264,831.9297708928178,686.1702291071821,650.7365258970657
2022-04-18,756.0,756.0,745.0,747.5,-0.47,32922,24680590.6,41.24,18.12560621,760.415128560826,749.0014749111853,710.2862773374599,37.53037341921619,43.66352056077769,49.54779577290523,3.2102763373875405,9.019035620790444,-5.808759283402903,804.2511359365012,776.1349999999999,748.0188640634985,24.09250773808071,822.7775232142421,678.2224767857579,650.7365258970657
2022-04-19,750.0,764.8,746.0,760.0,1.67,28688,21693263.2,41.24,18.42870999,766.872692841239,749.0627596014377,709.9122700745197,43.181664269736906,47.84370616477916,52.2002549917969,5.569346409146533,10.47122544164117,-4.901879032494637,802.6386977151121,777.7599999999999,752.8813022848876,25.102786375645238,830.7083591269356,680.0916408730643,650.7365258970657
2022-04-20,775.0,775.0,750.8,755.0,-0.66,66139,50256923.2,41.24,18.30746848,770.3090392618585,748.6163416259863,709.4088758039119,39.96757347734835,45.92068848289067,51.19702171914866,7.2266417166040355,11.696695199764829,-4.470053483160793,802.3105916115434,777.9699999999999,753.6294083884565,25.803095972939158,840.3092879188174,685.4907120811826,650.7365258970657
2022-04-21,770.1,770.1,740.0,765.0,1.32,55724,42064704.4,41.24,18.5499515,777.9635588927878,748.3557841413326,708.9506735506849,44.43631393267443,49.29616424978014,53.34676017463873,9.74592930224469,12.814208570555028,-3.068279268310338,801.0951062288955,778.6199999999999,756.1448937711043,25.98121774771017,832.9936532431304,677.1063467568695,650.7365258970657
2022-04-24,780.0,800.0,765.0,796.0,4.05,62866,49168270.5,41.24,19.30164888,784.4453383391817,747.6764283919993,708.3873637371239,64.22326642792035,62.526378972129,60.96499584140902,11.801515576247766,13.581278387632612,-1.7797628113848454,800.7914189660057,779.1199999999999,757.4485810339941,22.645797497455742,850.4373924923673,714.5626075076327,650.7365258970657
2022-04-25,800.0,800.0,776.0,776.0,-2.51,68468,53867663.6,41.24,18.81668283,778.6680075087726,745.7040377141217,707.5068347294568,51.95417816765166,55.34697741313588,57.177445062205,11.097169103048032,14.026219090478822,-2.9290499874307905,798.6852414968452,778.3949999999999,758.1047585031546,21.273108330506385,851.8193249915191,724.1806750084809,650.7365258970657
2022-04-26,785.0,791.0,773.0,784.4,1.08,35741,27903335.3,41.24,19.02036857,780.0020112631589,744.4674678249022,706.8184612091499,59.58246144866032,59.81635600053209,59.50543663482804,12.07311714484706,14.75848158733652,-2.6853644424894583,798.6538831562074,778.1949999999999,757.7361168437925,20.970120367229317,844.910361101688,719.089638898312,650.7365258970657
2022-04-27,773.0,781.8,770.1,781.8,-0.33,37180,28839572.6,41.24,18.95732299,777.8030168947383,742.8375685524493,706.0387472514528,57.88098444213746,58.861560355811314,59.00952429855408,12.287900032454672,15.429822697958883,-3.141922665504211,798.680379517524,776.9749999999999,755.2696204824758,21.300133741365904,839.8504012240977,712.0495987759024,650.7365258970657
2022-04-28,780.0,790.0,779.0,782.0,0.03,44865,35146477.2,41.24,18.96217265,775.8045253421075,741.2472652280594,705.2773276258393,58.048073557570525,58.9616300465236,59.06293780845625,12.648035281256284,16.215303364334936,-3.567268083078652,799.5169664749541,775.52,751.5230335250459,22.34459304596212,851.5337791378863,717.4662208621137,650.7365258970657
2022-05-02,780.0,780.0,767.0,773.5,-1.09,33499,25833871.4,41.24,18.75606208,772.7067880131613,739.5838882985925,704.5062454914257,52.91296003952228,56.01023987000711,57.49312321230605,12.903363758362955,17.1071203851046,-4.203756626741644,799.140879155245,774.415,749.6891208447549,22.993992273291244,842.4819768198737,704.5180231801263,650.7365258970657
2022-05-04,770.0,773.0,765.1,771.5,-0.26,23016,17693150.4,41.24,18.70756547,772.3101820197419,738.1995572087391,703.8128409235004,51.6758132231547,55.30798814108222,57.12171508852879,13.907024996293783,18.158059541790013,-4.251034545496228,800.9252056501713,772.9649999999999,745.0047943498286,24.104435859212494,841.3633075776374,696.7366924223625,650.7365258970657
2022-05-05,762.0,770.0,747.5,764.0,-0.97,89146,67361636.7,41.24,18.5257032,772.7152730296128,736.8403554621569,703.1325679679577,47.03741805117912,52.67737724862232,55.72915973104979,15.189414067306643,19.22081817816407,-4.031404110857427,802.9865732742077,771.3399999999999,739.6934267257922,25.782706510236107,836.0981195307083,681.4018804692917,650.7365258970657
2022-05-08,751.0,765.0,750.0,765.0,0.13,48636,36790867.7,41.24,18.5499515,777.0729095444193,735.731798542245,702.520834982711,47.57867281186584,53.06408371242717,55.9617955978916,17.368908276965954,20.228669205878425,-2.859760928912472,806.5068556201012,769.49,732.4731443798988,26.147451678040124,835.9423550341204,679.0576449658796,650.7365258970657
2022-05-09,780.3,780.3,750.0,774.0,1.18,65468,50489591.3,41.24,18.76818623,783.1093643166289,734.5371780745816,701.8929036760046,52.402604073820015,56.53234760314446,58.05567967673536,19.796278584175298,20.94360943810654,-1.147330853931244,812.1709659675383,766.685,721.1990340324616,26.386057420044587,844.3081722601337,685.9918277398663,650.7365258970657
2022-05-10,777.0,785.0,770.0,785.0,1.42,25257,19672533.2,41.24,19.03491756,787.6640464749433,732.9264506490542,701.1682092405875,58.88928812376598,61.06180968772361,60.721461604038055,21.69017626960715,21.23044215158935,0.4597341180177992,813.2668338758054,764.135,715.0031661241945,25.42895268893843,853.7868580668153,701.2131419331847,650.7365258970657
2022-05-11,794.0,800.0,785.0,792.0,0.89,60355,47844200.8,41.24,19.20465567,788.9960697124151,730.8009996551381,700.3256786801915,63.32318358287156,64.09642824052759,62.47395127898066,22.67198493327317,21.1155086220849,1.5564763111882662,813.0553456165773,760.685,708.3146543834226,25.80994743215381,869.9298422964614,715.0701577035386,650.7365258970657
2022-05-12,800.0,819.0,790.1,808.0,2.02,69720,55972819.3,41.24,19.59262852,787.4941045686226,728.3030812737152,699.4043287171783,74.75946239224679,71.65458084647102,66.6978994800273,22.882628210413827,20.726389544287837,2.1562386661259936,810.6262048618139,756.885,703.1437951381861,26.122163813504237,882.9164914405127,726.1835085594872,650.7365258970657
2022-05-17,808.0,814.0,775.0,775.0,-4.08,64901,51032588.1,41.24,18.79243453,777.2411568529338,725.0501458154995,698.3129149354413,62.2654211277134,63.38582043943085,61.55066938556807,21.18955649199449,20.187329877756333,1.002226614238161,804.0907356556552,751.9599999999999,699.8292643443447,24.135737570560256,866.9072127116808,722.0927872883192,650.7365258970657
2022-05-18,780.0,789.0,771.0,786.0,1.42,27047,21033118.7,41.24,19.05916586,778.3617352794007,723.0113762569484,697.5421904624307,72.96726543888614,69.67714250756747,64.75335422153631,22.08036958605589,19.93677322419679,2.143596361859103,803.4644679618534,748.37,693.2755320381466,22.48415285617806,847.4524585685342,712.5475414314658,650.7365258970657
2022-05-19,794.0,794.0,777.0,781.0,-0.64,29672,23247547.3,41.24,18.93792435,774.5426029191011,720.4404120225381,696.6531672509977,70.94990224128983,68.35127968665606,63.93447040333255,21.776202013951547,19.40087413373201,2.375327880219533,799.7560018383037,744.27,688.7839981616962,22.982392062420065,854.4471761872602,716.5528238127398,650.7365258970657
2022-05-20,780.0,785.0,776.0,780.0,-0.13,14791,11542676.6,41.24,18.91367604,771.3139043786517,717.9685921050907,695.8054603891987,70.55931368312116,68.09217757865603,63.772871041647925,21.580319738080902,18.80704216367713,2.773277574403771,796.4668356685613,740.0899999999999,683.7131643314385,23.64710229157785,851.4413068747335,709.5586931252665,650.7365258970657
2022-05-23,785.0,785.0,760.0,764.2,-2.03,38586,29522285.1,41.24,18.53055286,766.9708565679776,715.4366979052985,694.9592841117033,63.70579168917041,63.73648644545595,61.13121276198192,21.11822534614305,18.113722770076187,3.004502576066862,792.3568788947163,735.8399999999999,679.3231211052836,23.96344699064206,844.3903409719262,700.6096590280738,650.7365258970657
2022-05-24,760.0,773.0,750.0,768.0,0.5,22335,17093132.1,41.24,18.62269641,768.3562848519665,713.4463590442903,694.2633975198611,67.04227220546113,65.74066222955415,62.17804607190429,21.82997795358017,17.36259712605947,4.467380827520699,791.2739367190331,731.7299999999999,672.1860632809667,23.84827443404673,833.0448233021402,689.9551766978598,650.7365258970657
2022-05-25,783.0,783.0,770.0,775.0,0.91,20264,15717649.5,41.24,18.79243453,768.5344272779497,711.2196798216082,693.5223261381511,73.33094309908077,69.47765814409047,64.11979153806315,22.03399705683876,16.245751919179295,5.788245137659462,789.1154009896018,727.05,664.9845990103981,23.720304926718587,847.6609147801557,705.3390852198443,650.7365258970657
2022-05-26,790.5,790.5,774.0,781.5,0.84,22046,17182885.5,41.24,18.9500485,765.3016409169246,708.61640144698,692.7034550440621,79.48494789424946,73.05854154513325,65.95588737910597,21.26117784598944,14.79869063476443,6.462487211225007,783.0885331834166,722.55,662.0114668165833,24.911449918576206,856.9843497557287,707.5156502442713,650.7365258970657
2022-05-27,785.0,785.0,770.0,772.0,-1.22,35663,27567460.2,41.24,18.71968962,757.2024613753869,705.6415606897139,691.8110274565653,76.97458989440115,71.03233324779315,64.53081837183372,19.3037078300182,13.183068831958176,6.12063899806002,775.2662643541026,716.9749999999999,658.6837356458972,25.623833242862453,854.3714997285874,700.6285002714126,650.7365258970657
2022-05-30,787.4,787.4,750.0,760.0,-1.55,53026,40208618.1,41.24,18.42870999,749.8036920630803,702.9330529627634,691.0051081345207,73.30714906790041,68.22976376422419,62.63412140942073,17.491755804832906,11.652909082443172,5.838846722389732,769.9402376098424,711.0199999999999,652.0997623901574,25.69314804762495,845.7794441428749,691.6205558571252,650.7365258970657
2022-05-31,770.0,770.0,748.0,752.7,-0.96,71623,53798800.7,41.24,18.25169738,744.7055380946205,700.6037898183864,690.3116921358727,70.791474455541,66.39310626428951,61.429602156559184,16.14643877188962,10.19319740184574,5.95324137004388,764.5446737080102,705.9699999999999,647.3953262919896,24.39238671958328,832.1771601587499,685.8228398412501,650.7365258970657
2022-06-01,750.0,763.0,748.0,759.9,0.96,42503,32041704.8,41.24,18.42628516,740.7083071419307,698.4774138926063,689.684673966384,77.16751603599,70.10487495736278,63.36361504486667,14.937740467705568,8.70488705933477,6.232853408370797,757.676121899907,702.6349999999999,647.5938781000928,24.65820746620364,829.4746223986109,681.5253776013891,650.7365258970657
2022-06-02,760.0,760.0,741.0,744.5,-2.03,87718,65460889.8,41.24,18.0528613,731.1124607128961,695.9703695616922,688.9789922977045,72.44981515484109,66.37084872880415,60.83153350339801,12.44463477083491,7.14667370724207,5.297961063592839,747.8144315035763,698.5399999999998,649.2655684964234,25.34245274022627,826.5273582206788,674.4726417793212,650.7365258970657
2022-06-03,745.0,757.0,728.1,739.0,-0.74,84842,62355688.0,41.24,17.91949564,724.4186910693442,693.9895683193123,688.4209922202945,70.51581829053576,64.91765718071845,59.880863362165705,10.64951244834424,5.82218344134386,4.82732900700038,740.6486600109956,694.9399999999998,649.231339989004,25.8249474891403,820.0248424674209,665.075157532579,650.7365258970657
2022-06-06,744.0,746.0,724.0,727.0,-1.62,92806,67694641.6,41.24,17.628516,717.1280366040163,692.1524078425496,687.912660483815,65.8691163608043,61.55162028315512,57.7320731250637,8.763381593843746,4.615351189593765,4.148030404249981,733.362718404284,691.9399999999998,650.5172815957156,25.36105276571144,811.0831582971343,658.9168417028657,650.7365258970657
2022-06-07,728.0,729.0,700.0,708.9,-2.49,86403,61188683.2,41.24,17.18962173,712.1920549060244,690.7300571422454,687.5198229007377,56.7251101261212,55.582711013596864,54.17836649150115,7.450343570916289,3.5783435885312693,3.8719999823850193,728.8803320934699,690.5249999999999,652.1696679065299,24.056725295234934,786.6701758857048,642.3298241142952,650.7365258970657
2022-06-08,700.0,732.0,700.0,723.0,1.99,58996,42387230.9,41.24,17.53152279,713.8380823590365,689.9884268215208,687.3049467489864,69.64529686112412,62.61416944188585,57.8134222279687,7.508970042439273,2.6103435929350143,4.898626449504259,726.9925293144813,689.5749999999999,652.1574706855185,23.507472550261035,786.5224176507832,645.4775823492168,650.7365258970657
2022-06-09,720.0,731.7,715.0,716.0,-0.97,43462,31458526.3,41.24,17.36178468,709.2571235385548,688.6410156713788,686.9462024952073,66.25333719133171,60.29889472255052,56.41986801287685,6.038940992747598,1.3856869805589496,4.653254012188649,725.903292743104,689.3249999999999,652.7467072568959,22.56385838917893,791.0415751675368,655.6584248324632,650.7365258970657
2022-06-10,730.3,730.3,700.0,716.0,0.0,42734,30241773.5,41.24,17.36178468,705.8856853078321,687.5243224334758,686.654204530335,66.2533371913317,60.29889472255052,56.41986801287686,4.787537500337635,0.2223734775117873,4.565164022825847,723.900154583886,688.7249999999999,653.5498454161138,23.215398210198806,784.7961946305963,645.5038053694036,650.7365258970657
2022-06-13,716.0,716.0,705.0,709.5,-0.91,34498,24507678.3,41.24,17.20417071,700.8285279617481,686.3620498797402,686.3592719125495,63.239525825351016,58.22765532110428,55.152070926819896,3.120654679111226,-0.9189175281946744,4.0395722073059,720.3198552208407,687.425,654.5301447791592,22.428220233554235,777.7846607006627,643.2153392993373,650.7365258970657
2022-06-14,706.0,710.0,701.0,703.2,-0.89,33384,23532141.3,41.24,17.0514064,696.4927919426221,685.4176437523827,686.1267017810173,60.17536383176091,56.16965668143666,53.90434374537423,1.609532901049647,-1.9288105800211497,3.5383434810707968,717.7193869671894,686.3999999999999,655.0806130328103,23.49802248172693,775.9940674451808,635.0059325548192,650.7365258970657
2022-06-15,717.2,717.2,691.9,704.0,0.11,63277,44133477.1,41.24,17.07080504,693.1391879139331,684.6918332932962,685.9551108441432,60.74691053941205,56.49786761262446,54.08778504142909,0.2988351712176609,-2.813396450288849,3.11223162150651,715.846804838459,685.4899999999999,655.1331951615408,25.10891386858548,779.8767416057564,629.2232583942435,650.7365258970657
2022-06-16,704.0,707.9,690.0,697.4,-0.94,51244,35723383.7,41.24,16.91076625,687.7087818708997,683.9037448562879,685.773755174235,57.80815874631679,54.459323986117504,52.81606147905657,-1.4598929882582752,-3.5914543556654763,2.131561367407201,713.7105196490752,683.6899999999998,653.6694803509245,25.08768207620608,774.2130462286183,623.6869537713818,650.7365258970657
2022-06-17,700.0,705.0,690.0,695.0,-0.34,32624,22622428.4,41.24,16.85257032,682.8631728063494,683.3528772994016,685.6569084925691,56.76182260677829,53.727143076423175,52.355362725765765,-3.0114348501601853,-4.124344697517277,1.1129098473570913,714.2955256949945,681.2199999999999,648.1444743050054,25.88631341800676,775.1589402540203,619.8410597459797,650.7365258970657
2022-06-19,699.0,699.0,680.2,682.0,-1.87,47112,32414390.4,41.24,16.53734239,676.7947592095242,682.8774845361119,685.563008075409,50.898909263533,49.65602336945684,49.8069499212391,-4.703600137894455,-4.402572159356549,-0.3010279785379053,713.3625380957428,679.3199999999999,645.277461904257,26.207014908896404,768.2210447266892,610.9789552733108,650.7365258970657
2022-06-20,680.0,680.0,671.1,674.4,-1.11,64703,43573844.6,41.24,16.35305529,674.1921388142862,682.9133002314634,685.598817201795,47.17680550563888,47.13094621358534,48.2535702491231,-5.471366012233148,-4.327315164722073,-1.1440508475110749,713.2422045141149,679.2199999999999,645.197795485885,26.38557212099601,754.706716362988,596.3932836370119,650.7365258970657
2022-06-21,680.0,693.6,670.3,685.0,1.57,46893,31847791.5,41.24,16.61008729,674.0882082214292,683.2607818735639,685.7113681284462,52.07040026471347,50.40518169093557,50.33953385032073,-5.59791276802946,-4.041302452844304,-1.5566103151851554,714.7356627271041,680.1999999999999,645.6643372728958,27.772857912217784,765.2685737366534,598.6314262633467,650.7365258970657
2022-06-22,685.0,685.0,669.5,670.0,-2.19,36984,24938602.3,41.24,16.24636275,668.6323123321439,683.1897933786073,685.7185175568728,44.87831497868146,45.42306868015703,47.24119546848164,-6.757280986983574,-3.652149874048016,-3.1051311129355583,715.9184802060114,680.7499999999999,645.5815197939884,28.236508791353096,761.9595263740594,592.5404736259406,650.7365258970657
2022-06-23,670.0,670.0,646.5,652.9,-2.55,63783,41559492.7,41.24,15.83171678,667.9484684982159,683.7281522920199,685.8764926076957,34.99372561462478,38.92873908622626,43.374822785167,-6.611495972092371,-2.875867095814126,-3.735628876278245,718.480909079465,682.3999999999999,646.3190909205347,27.807231990392324,741.671695971177,574.828304028823,650.7365258970657
2022-06-24,648.0,670.0,634.0,659.0,0.93,31888,20757296.4,41.24,15.97963143,675.4727027473239,684.9864442223064,686.2079146439539,37.10348049266584,40.52612302108323,44.491402731337445,-4.588163157128292,-1.9419598767445647,-2.646203280383728,719.3659039347481,684.905,650.4440960652519,28.285813322658136,736.8574399679744,567.1425600320256,650.7365258970657
2022-06-26,672.0,686.0,662.0,686.0,4.1,75516,50874300.2,41.24,16.6343356,683.7090541209858,686.0471154150537,686.4813610222851,48.6414621935921,48.74740906508898,49.955813068566144,-2.5600087182886,-1.2804090566486328,-1.2795996616399672,721.9858944037308,687.6049999999999,653.224105596269,25.65090369184237,750.9527110755271,597.0472889244729,650.7365258970657
2022-06-27,691.0,693.0,676.0,678.0,-1.17,46048,31489836.4,41.24,16.44034918,682.5635811814788,686.0490384932191,686.4861988215041,44.05991668759662,45.71767373738668,48.14421488885362,-2.683200562267075,-0.9605091412386412,-1.722691421028434,725.6260336655532,689.1049999999999,652.5839663344466,25.834337435380416,762.0030123061413,606.9969876938587,650.7365258970657
2022-06-28,665.1,679.0,665.1,672.5,-0.81,15590,10475976.6,41.24,16.30698351,684.8453717722182,686.3775706766157,686.571487251871,40.83448237077665,43.58883912704697,46.87495221919432,-1.986864325857596,-0.5298362859815327,-1.457028039876063,730.114507855682,691.305,652.495492144318,26.427041594867127,751.3311247846013,592.7688752153986,650.7365258970657
2022-06-29,675.0,680.0,664.0,679.0,0.97,21950,14830151.4,41.24,16.46459748,691.0180576583273,686.9440021328041,686.7129092343018,43.46733307510068,45.54917256167866,48.213851852037344,-0.5091862302823529,-0.1655792760125169,-0.343606954269836,732.2296709497699,693.3299999999999,654.43032905023,27.818935105407924,755.4568053162238,588.5431946837762,650.7365258970657
2022-06-30,682.0,698.7,680.0,698.7,2.9,51903,35835390.9,41.24,16.94228904,697.0270864874909,687.2682471178166,686.7904259100235,52.60477660858969,52.14963046813031,52.58387649729245,0.7224565205103772,-0.0796775374450579,0.8021340579554351,736.0768443215047,695.5799999999999,655.0831556784951,27.05437233934213,770.5131170180264,608.1868829819737,650.7365258970657
2022-07-01,701.0,705.0,687.0,689.9,-1.26,65273,45132655.0,41.24,16.72890398,696.1906297312364,686.8016449593601,686.670731698064,48.28846202932892,49.089554308879016,50.66634260120077,0.2781539003149191,-0.2802110519339167,0.5583649522488359,740.5370107978413,697.1949999999999,653.8529892021586,27.982635932602363,779.9479077978071,612.0520922021929,650.7365258970657
2022-07-03,690.0,718.0,680.0,718.0,4.07,99723,68908574.2,41.24,17.41028128,699.3359445968546,686.6751814883136,686.6382767402555,65.1221028155969,60.5760271685888,57.8362210661812,0.6030163174426661,-0.4198022899961257,1.0228186074387915,741.6483907748412,698.1499999999999,654.6516092251585,27.647373258447068,781.9421197753412,616.0578802246588,650.7365258970657
2022-07-04,720.0,734.0,699.0,704.0,-1.95,140168,100647859.2,41.24,17.07080504,690.0039168952818,685.3966174674284,686.3230835416651,58.75442228778856,55.79024728603484,54.775233838646365,-1.852203162040837,-0.6755069418558236,-1.1766962201850135,740.7632401012809,697.8,654.836759898719,26.49708139827452,795.9912441948236,637.0087558051764,650.7365258970657
2022-07-05,704.0,713.0,690.0,690.0,-1.99,50002,34827117.6,41.24,16.73132881,683.0058753429226,684.6372957314051,686.1454260898225,50.764187083407485,50.17374564327453,51.38723253757921,-3.5335603425882027,-0.3813328868095702,-3.1522274557786325,741.2123678683204,698.05,654.8876321316795,24.552312664749465,775.1569379942484,627.8430620057516,650.7365258970657
2022-07-06,690.0,693.0,676.2,689.0,-0.14,42283,29025276.9,41.24,16.7070805,679.5088130143839,684.4184098428909,686.1066866535393,50.15104993462538,49.75032862315331,51.1362187906093,-4.202731720776455,0.4067239771350879,-4.609455697911543,742.144883101698,698.9449999999999,655.7451168983018,24.613680738610515,758.4410422158315,610.7589577841685,650.7365258970657
2022-07-07,702.0,710.0,680.0,685.0,-0.58,38738,26611172.3,41.24,16.61008729,674.7632195215758,684.231406163009,686.0776081274443,47.841601698079415,48.11257917274694,50.14774956353665,-4.893888909361976,1.5590879016129735,-6.45297681097495,745.1213664578426,700.7449999999999,656.3686335421572,25.48186748734502,771.445602462035,618.554397537965,650.7365258970657
2022-07-08,685.0,687.0,664.3,668.0,-2.48,45733,30725228.8,41.24,16.19786615,669.6448292823637,684.200034985989,686.0884383598809,36.77613713947242,40.45353715786066,45.66307083729414,-5.297600245929402,3.172332104356711,-8.469932350286113,747.2754867923406,702.5949999999999,657.9145132076592,23.64651943038336,746.5895582911501,604.7104417088499,650.7365258970657
2022-07-11,662.0,662.0,640.0,648.0,-2.99,134434,87145321.7,41.24,15.7129001,670.4672439235457,684.8612609037845,686.2702317102314,18.75028506336456,29.00542351596094,39.51802951497676,-4.004917621025584,5.28981519192824,-9.294732812953823,747.5337361020938,705.2049999999999,662.876263897906,21.9405771448704,716.8217314346111,585.1782685653889,650.7365258970657
2022-07-12,648.0,660.0,646.0,657.0,1.39,53503,35028276.3,41.24,15.93113482,681.7008658853184,686.3658021651634,686.6548571545553,21.163915577478868,31.539124924489776,41.54787156052632,-0.2603675416605711,7.613498395166696,-7.873865936827267,741.8947345520413,708.555,675.2152654479586,21.93397460541156,718.8019238162346,587.1980761837654,650.7365258970657
2022-07-13,657.0,680.0,657.0,680.0,3.5,124370,83391813.9,41.24,16.48884578,694.0512988279776,687.56440633517,686.9528959199278,29.90995631350062,39.78642466244186,47.53844653943605,3.606463542061988,9.581964879373512,-5.975501337311524,734.6111411501512,711.0049999999999,687.3988588498486,20.59330511712395,730.2799153513719,606.7200846486281,650.7365258970657
2022-07-14,670.0,697.8,667.1,694.0,2.06,448553,301886738.5,41.24,16.82832202,701.0769482419663,687.8731576141565,687.0227742708818,38.5236795663523,46.68678226896743,51.91226923842783,6.147670291947065,11.075840213701392,-4.928169921754327,732.044905625254,711.78,691.5150943747459,18.77033901902661,738.7610170570799,626.1389829429202,650.7365258970657
2022-07-15,694.0,704.0,688.0,696.0,0.29,44293,30796694.2,41.24,16.87681862,704.6154223629495,687.6230824147343,686.9526513992323,39.98596500300462,47.78618372987844,52.57566726402116,7.876298975735608,12.307882694139971,-4.431583718404365,731.519905079307,712.03,692.5400949206929,17.444821132251796,748.3344633967554,643.6655366032446,650.7365258970657
2022-07-17,709.9,709.9,691.0,703.0,1.01,64978,45630844.1,39.13,17.96575518,708.9231335444243,687.281167411254,686.8617232725915,45.340282729780505,51.7464687824705,54.93445158154336,9.764457056124227,13.415778623741064,-3.651321567616837,731.7653321121787,711.93,692.0946678878212,17.605356813613106,753.2660704408394,647.6339295591607,650.7365258970657
2022-07-18,703.0,704.0,695.0,703.0,0.0,48670,34068291.0,39.13,17.96575518,711.8847003166364,686.6395824076318,686.6995295366376,45.340282729780505,51.7464687824705,54.93445158154338,11.319677630640172,14.328609015645274,-3.008931385005102,733.4735091245934,711.1299999999999,688.7864908754063,17.46150757068123,751.8845227120437,647.1154772879563,650.7365258970657
2022-07-19,709.0,718.0,704.1,713.0,1.42,96528,68800235.5,39.13,18.22131357,716.3270504749546,685.9718102610045,686.5357057128851,53.41345332074942,57.62950588349137,58.38298264864387,13.14005476203124,15.080841861896548,-1.9407870998653076,737.1268650304606,709.68,682.2331349695393,17.4016750785347,763.2550252356041,658.8449747643958,650.7365258970657
2022-07-20,710.0,720.0,709.0,716.0,0.42,64499,46187074.6,39.13,18.29798109,717.9905757124319,684.8686188430863,686.2697329059795,56.0760542873299,59.514366567449215,59.457941163730965,14.25420804955911,15.566038636862876,-1.3118305873037652,740.079668709986,707.4799999999999,674.8803312900138,17.790750087260783,767.8722502617824,661.1277497382176,650.7365258970657
2022-07-21,730.0,735.0,719.0,722.0,0.84,155068,112262850.6,39.13,18.45131613,718.9858635686479,683.5979502244368,685.9709362517682,61.52874629386753,63.36308354747134,61.6368917652616,15.163484310373748,15.893996283688818,-0.7305119733150711,742.8997889115856,704.7049999999999,666.5102110884143,18.323055652511982,781.9691669575359,672.0308330424641,650.7365258970657
2022-07-22,724.0,724.9,712.0,713.0,-1.25,47223,33795047.5,39.13,18.22131357,717.4787953529718,682.0305196213526,685.6088351085699,55.797954599339626,59.73636625675357,59.49962332858579,15.492582602389916,16.076624277017586,-0.5840416746276702,742.6748205297387,701.93,661.1851794702612,17.91450628056887,772.1935188417067,664.7064811582934,650.7365258970657
2022-07-24,713.0,724.9,706.0,724.0,1.54,86801,62181450.4,39.13,18.5024278,719.7181930294577,680.7664591977343,685.3335470192088,66.57166672605537,67.29695656470803,63.66103200618036,16.603648675437626,16.222634695674504,0.3810139797631215,743.0503658311377,699.4849999999999,655.9196341688621,18.471673645076525,770.8650209352296,660.0349790647705,650.7365258970657
2022-07-25,733.0,734.5,728.0,731.0,0.97,101736,74412150.5,39.13,18.68131868,717.5772895441866,679.0018248792745,684.9449394515627,74.73408069499007,72.73687264519413,66.50248594300108,16.660265391575763,16.127381200733723,0.5328841908420401,741.5464306004637,696.285,651.0235693995362,17.746304050085026,784.488912150255,678.011087849745,650.7365258970657
2022-07-26,731.1,731.1,708.0,709.0,-3.01,102412,73394457.6,39.13,18.11909021,710.8659343162799,676.879450384551,684.4820745214276,61.57086886402251,64.3197254791122,61.28943000128232,15.777470503569134,15.994160153023213,-0.2166896494540768,737.0427339428974,693.135,649.2272660571026,16.88478227787225,770.2043468336167,668.8956531663832,650.7365258970657
2022-07-27,709.0,714.9,701.0,711.0,0.28,54808,38840191.1,39.13,18.17020189,711.7989014744198,675.5684075431041,684.2356632100852,64.27692401347612,66.04089981428024,62.13331423895515,16.661212730097873,16.04833256538673,0.612880164711143,735.7174025764117,691.035,646.3525974235882,16.194202530969164,756.5326075929075,659.3673924070926,650.7365258970657
2022-07-28,719.9,719.9,705.1,709.0,-0.28,75111,53398498.3,39.13,18.11909021,712.1983522116298,674.1222200958838,683.9666749006388,62.82459662267874,65.17557338054596,61.6260845801787,17.343207895884007,15.895112524208946,1.4480953716750609,733.9224055339953,688.635,643.3475944660047,16.449113923299073,761.8473417698972,663.1526582301028,650.7365258970657
2022-07-29,712.0,715.0,706.0,707.9,-0.16,30305,21491560.1,39.13,18.09097879,713.7975283174446,672.6986372426545,683.71508369361,62.07071969838536,64.71640215367536,61.352746650434696,18.165053247183774,15.53308868129018,2.631964565893597,731.9774184083152,686.285,640.5925815916847,16.63234880366564,760.397046410997,660.602953589003,650.7365258970657
2022-07-31,710.0,731.0,707.0,725.0,2.42,87775,63352657.3,39.13,18.52798364,716.746292476167,671.2618469260282,683.4720192081187,86.23541480991965,79.9294511550383,68.65036779706838,19.06180781197452,14.875097539816782,4.186710272157736,729.6356649968,684.0899999999999,638.5443350031999,16.369276448517375,768.1078293455521,669.8921706544479,650.7365258970657
2022-08-01,730.0,730.0,721.0,722.0,-0.41,60754,44154399.8,39.13,18.45131613,712.6194387142505,669.0684529230089,683.0546525669943,85.34574052494204,79.13024329546681,68.00950563266768,18.188039161042298,13.828419971777349,4.359619189264951,723.475168384354,680.79,638.1048316156459,15.521418276130415,772.0642548283912,678.9357451716088,650.7365258970657
2022-08-02,730.0,730.0,720.2,720.2,-0.25,44090,31879757.1,39.13,18.40531561,707.9291580713757,666.9079816137439,682.6632420400293,84.82254303970646,78.65673463294168,67.62833476015652,17.11369387696459,12.738515174461108,4.375178702503481,717.0696050951902,677.4399999999999,637.8103949048096,16.157131417922688,773.5713942537681,676.628605746232,650.7365258970657
2022-08-03,720.2,725.0,715.0,715.0,-0.72,50858,36562734.2,39.13,18.27242525,701.7937371070635,664.7327971898151,682.2859881911854,83.29060650616981,77.27352238102833,66.522069091163,15.676784894349566,11.644720498835238,4.032064395514329,710.4276845570218,673.7349999999999,637.042315442978,16.285701575469652,768.8571047264089,671.1428952735911,650.7365258970657
2022-08-04,719.9,719.9,705.0,706.0,-1.26,58366,41331887.3,39.13,18.04242269,695.1906056605952,662.6810746261341,681.9572041529059,80.218907305087,74.63122331755324,64.50671682885485,14.144195103530365,10.636704399956654,3.50749070357371,703.3682218284338,670.435,637.5017781715661,15.984112861632946,760.4023385848989,664.4976614151012,650.7365258970657
2022-08-05,700.0,704.8,695.0,695.5,-1.49,33014,23041620.0,39.13,17.77408638,689.7859084908928,660.9129552231192,681.7155680137391,75.55961034451045,70.97546749019753,61.94062601672346,12.898683114469918,9.759831724063227,3.138851390406691,697.7501565070326,667.3999999999999,637.0498434929672,15.049014290703274,745.0470428721098,654.7529571278901,650.7365258970657
2022-08-07,700.0,706.0,695.0,699.0,0.5,41323,28874081.3,39.13,17.86353182,686.9288627363392,659.5012391097771,681.577031008852,81.22859494070974,74.28903988075912,63.40758177603495,12.19043060313129,8.975118876461554,3.215311726669736,694.5375599007889,664.5399999999998,634.5424400992108,15.632238100781422,747.3967143023442,653.6032856976558,650.7365258970657
2022-08-08,712.9,712.9,686.0,694.0,-0.72,47484,33054044.9,39.13,17.73575262,680.8932941045088,657.8890447877271,681.4019257928605,79.25188145320496,72.5916218324355,62.17916501968346,10.752763861704466,8.171290944794121,2.5814729169103448,688.7843860550267,661.6649999999998,634.545613944973,16.03582011197936,747.5574603359381,651.342539664062,650.7365258970657
2022-08-09,694.0,695.0,681.0,687.0,-1.01,47705,32747308.5,39.13,17.55686174,674.3399411567631,656.4151282484507,681.2753119817335,76.1228913194825,70.01845540543137,60.39212002730739,9.270465382840255,7.5259227155665345,1.7445426672737223,682.8345914444182,659.2149999999999,635.5954085555817,14.8286890133104,732.4860670399312,643.5139329600688,650.7365258970657
2022-08-10,680.1,683.0,665.1,674.0,-1.89,61587,41625686.1,39.13,17.22463583,668.0099117351446,655.1667661361427,681.2177774287861,68.20821458597027,64.22679611862182,56.74860065816107,7.9563976460668755,7.089787048748104,0.8666105973187719,677.5979560074638,657.2649999999999,636.9320439925359,14.142987792567112,716.4789633777013,631.6210366222986,650.7365258970657
2022-08-11,665.0,677.0,665.0,669.0,-0.74,44403,29792160.9,39.13,17.09685663,665.0148676027169,654.3980627131281,681.2903179054573,64.14494151530714,61.57588711493881,55.22789600700377,7.4870763144605235,6.873134399418411,0.6139419150421128,675.181579872971,655.9149999999998,636.6484201270287,13.725541991741238,712.1766259752237,629.8233740247763,650.7365258970657
2022-08-14,669.0,669.0,657.0,660.5,-1.27,49791,32910480.1,39.13,16.879632,663.0223014040754,653.8020652728476,681.4138386884267,55.56259170095851,56.48570697118653,52.502460043297226,7.288239613909013,6.719648920657883,0.5685906932511307,673.6894025064033,654.6099999999999,635.5305974935965,13.417268879712486,703.2518066391375,622.7481933608625,650.7365258970657
2022-08-15,650.0,666.5,648.0,666.5,0.91,66185,43502319.7,39.13,17.03296703,664.2834521061131,653.5286801819434,681.6240280219788,65.3822251369976,61.85682327931424,54.761410261266185,7.793895467184711,6.5775012473451,1.2163942198396116,674.0109062679657,653.3349999999998,632.659093732034,13.57474319968054,697.9742295990416,616.5257704009584,650.7365258970657
2022-08-16,679.8,679.8,663.1,664.1,-0.36,59039,39346149.3,39.13,16.97163302,663.1751781591697,652.9992385567166,681.7760283036067,63.061067758584265,60.46034504480284,54.00142955621909,7.715021367661166,6.273402692385197,1.4416186752759683,673.4826514930742,651.5549999999998,629.6273485069255,13.02749244408949,710.5324773322685,632.3675226677316,650.7365258970657
2022-08-17,665.0,665.0,657.0,660.0,-0.62,39009,25753896.0,39.13,16.86685408,662.7127672387545,652.5461462529091,681.9536768292711,58.87365636120398,58.02240634134807,52.69821819672224,7.746494478921477,5.912998023566205,1.833496455355272,672.8856679955638,649.8499999999998,626.8143320044358,12.274991604543882,697.8249748136317,624.1750251863683,650.7365258970657
2022-08-18,661.0,673.0,658.0,668.0,1.21,29374,19552327.1,39.13,17.07130079,664.0691508581318,652.2419073244564,682.1743167974045,73.28192388050272,65.31958105353395,55.651642699020655,8.091443875782147,5.4546239097273865,2.6368199660547607,672.7554765738226,648.2049999999998,623.654523426177,12.416657338382093,702.7499720151462,628.2500279848538,650.7365258970657
2022-08-21,669.9,675.0,665.0,667.0,-0.15,23208,15532671.9,39.13,17.04574495,662.1037262871977,651.5987198683117,682.3167722426045,72.53508573286048,64.805827190953,55.35136757891479,7.599485558672882,4.795418918213697,2.804066640459185,670.0843440450949,646.4549999999998,622.8256559549047,12.12961926486899,706.388857794607,633.611142205393,650.7365258970657
2022-08-22,665.0,665.0,655.0,663.0,-0.6,29684,19656947.9,39.13,16.94352159,659.6555894307966,650.9700961894673,682.470709652078,69.50420583859544,62.75657361327396,54.15951584744671,6.96284806216363,4.094402258098901,2.868445804064729,667.3662017131829,645.6049999999998,623.8437982868167,12.14402140540999,696.43206421623,623.56793578377,650.7365258970657
2022-08-23,667.9,667.9,661.0,662.0,-0.15,13142,8705774.5,39.13,16.91796576,657.9833841461948,650.4790797074047,682.6663951762195,68.7375490445266,62.24625631711803,53.86394214249475,6.456262049351267,3.3772908070827183,3.0789712422685485,665.1881321288616,643.9549999999998,622.721867871138,12.3822460060111,701.5967380180333,627.3032619819668,650.7365258970657
2022-08-24,670.0,670.0,661.6,664.0,0.3,22672,15045337.9,39.13,16.96907743,655.9750762192922,650.008838062809,682.874097640302,71.95335289141617,63.87159446658164,54.53913222071588,5.817582999552997,2.607547996515581,3.210035003037415,662.9647182062179,642.2049999999998,621.4452817937818,12.991384451123446,704.7741533533703,626.8258466466297,650.7365258970657
2022-08-25,665.0,665.7,659.0,659.0,-0.75,33612,22244267.1,39.13,16.84129824,651.9626143289382,649.4377702286379,683.0637870638226,68.69919600364771,61.54033098854559,53.129055095381325,4.714140532362421,1.805039245756228,2.9091012866061936,660.8365964827725,639.8599999999999,618.8834035172273,13.212649390137164,701.9879481704115,622.7120518295885,650.7365258970657
2022-08-26,657.0,660.0,652.0,655.0,-0.61,18693,12237204.0,39.13,16.73907488,648.4439214934074,649.0474751359292,683.3056341699917,65.88439230358458,59.60396892227872,51.98527964771985,3.746268284677626,1.077763924104679,2.668504360572947,661.6772144473307,637.0649999999998,612.452785552669,13.491832655707958,696.4754979671238,615.5245020328762,650.7365258970657
2022-08-28,651.0,655.0,645.1,646.1,-1.36,45482,29472789.8,39.13,16.51162791,645.165882240111,648.8045149373957,683.5901129053684,58.50406406193452,54.91402292990666,49.344931365953,2.8636928953100096,0.4106378339614424,2.453055061348567,660.6545259244738,634.8149999999998,608.9754740755259,13.4464807285644,690.3894421856932,609.7105578143068,650.7365258970657
2022-08-29,645.0,650.0,644.1,649.0,0.45,13292,8596725.9,39.13,16.58573984,644.6988233601666,648.9149033021873,683.9668979596937,62.414868453651216,56.913267722630536,50.20859393387423,2.601733865312667,-0.2026259313756995,2.8043597966883667,660.025326247114,633.2049999999998,606.3846737528856,13.840534142849336,688.571602428548,605.5283975714519,650.7365258970657
2022-08-30,657.0,658.0,645.3,645.3,-0.57,16576,10752450.1,39.13,16.49118324,642.5482350402498,648.9114299675828,684.3183240698414,59.33177660914584,54.971070270095815,49.11780083729258,1.934262756256885,-0.9037158805477912,2.837978636804676,659.5453810123641,630.9699999999998,602.3946189876355,14.722815714277043,695.8184471428311,607.4815528571688,650.7365258970657
2022-08-31,650.0,650.0,638.1,638.3,-1.08,27446,17631602.2,39.13,16.31229236,641.1723525603746,649.0588352723821,684.7104680303423,52.82395377064165,51.09865175800079,47.00939395260257,1.4309194460620347,-1.6132105397489602,3.044129985810995,658.4610045042224,629.1549999999999,599.8489954957773,14.169795238085602,686.5593857142568,601.5406142857431,650.7365258970657
2022-09-01,638.0,651.0,637.0,641.5,0.5,20303,13073432.1,39.13,16.39407105,642.6085288405619,649.4979714059488,685.1769048949689,56.49771404124935,53.03470860476721,47.88009022176315,1.4803842472887254,-2.374243036201709,3.8546272834904345,657.7407959760455,627.8399999999999,597.9392040239543,14.421994708984002,687.265984126952,600.734015873048,650.7365258970657
2022-09-02,649.9,650.0,642.0,645.0,0.55,4993,3227492.8,39.13,16.48351648,643.1627932608428,649.8244192184364,685.61586876326,60.594858009502936,55.15719145850703,48.82972276439644,1.196168277257584,-3.337899857074317,4.534068134331902,656.1682756362864,626.6799999999998,597.1917243637133,14.468883009982225,689.4066490299467,602.5933509700533,650.7365258970657
2022-09-04,645.1,652.0,644.5,648.0,0.47,21391,13843247.0,39.13,16.560184,642.2441898912642,650.0213342885767,686.024068449323,64.13867270604605,56.97192740884655,49.63985436115612,0.4596429005666778,-4.471416890657293,4.931059791223971,654.4272604312723,626.0299999999999,597.6327395687274,15.18764778886914,693.8129433666074,602.6870566333926,650.7365258970657
2022-09-05,639.0,650.0,639.0,647.0,-0.15,19888,12865527.2,39.13,16.53462816,639.3662848368964,650.1038377289267,686.4062198910246,63.50629075942715,56.52923441454155,49.37106001759221,-0.7925715678723009,-5.704181838463287,4.911610270590986,651.2909759129238,624.6999999999998,598.1090240870758,16.041830876521267,692.6254926295638,596.3745073704362,650.7365258970657
2022-09-06,647.0,647.5,638.0,642.9,-0.63,10623,6821301.4,39.13,16.42984922,635.5494272553447,650.2305249831686,686.8022623019897,60.99989150300987,54.75708426486344,48.284614368207706,-2.2775060847835675,-6.9320844061110325,4.654578321327465,648.147189193313,622.7999999999998,597.4528108066867,16.602034307245855,692.5561029217375,592.9438970782625,650.7365258970657
2022-09-07,642.0,654.8,630.0,635.0,-1.23,37836,23985156.5,39.13,16.22795809,631.874140883017,650.5297300845224,687.2434910688438,55.800665609581344,51.1974595964687,46.1469785765129,-3.7222405978625375,-8.095728986442898,4.373488388580361,645.2310834828303,621.2799999999999,597.3289165171694,17.05781589693984,693.5734476908195,591.2265523091804,650.7365258970657
2022-09-08,640.0,641.0,626.0,630.9,-0.65,29046,18308336.6,39.13,16.12317915,630.3112113245255,651.1635966185845,687.7685512805909,52.9042645486447,49.27412312389418,45.01460615534194,-4.707741876768978,-9.189101083587987,4.481359206819011,643.5381267939439,620.1299999999999,596.7218732060559,16.19757321882205,682.0927196564661,584.9072803435339,650.7365258970657
2022-09-11,627.0,634.9,627.0,630.0,-0.14,17208,10836637.3,39.13,16.10017889,630.0168169867883,651.9906821948532,688.3400945095416,52.294278976196495,48.86333373313509,44.769877342944966,-5.4796690818203615,-10.30944088529274,4.829771803472379,642.3450467440266,619.0799999999998,595.814953255973,16.330636909802276,679.9419107294069,581.9580892705932,650.7365258970657
2022-09-12,627.0,630.0,626.0,627.1,-0.46,19410,12162069.6,39.13,16.02606696,630.0252254801824,652.8882610599493,688.9264271176777,50.45634903307585,47.59350372537507,43.99886503135914,-6.293588255077566,-11.516883836160837,5.223295581083269,641.0996090323368,618.0799999999998,595.0603909676628,17.267374344224756,679.8021230326742,576.1978769673258,650.7365258970657
2022-09-13,635.0,635.0,631.0,633.0,0.94,21945,13895104.8,39.13,16.17684641,631.4878382202736,653.9408431440288,689.5477982444885,54.23502662392748,49.9360981724537,45.23213349141347,-6.945629261597446,-12.822707731431652,5.877078469834206,640.1508270692069,617.4799999999998,594.8091729307927,18.40819371580528,688.2245811474158,577.7754188525842,650.7365258970657
2022-09-14,635.0,650.0,635.0,650.0,2.69,18053,11666105.0,39.13,16.61129568,630.7317573304105,654.7955714356218,690.1161178248351,67.10667341331211,57.50970585051679,49.03385530746911,-8.277570629750471,-14.291977348890205,6.014406719139734,638.15097268422,616.6249999999998,595.0990273157795,18.34243746200587,697.5273123860176,587.4726876139824,650.7365258970657
2022-09-15,653.0,653.0,628.1,630.0,-3.08,41415,26266552.5,39.13,16.10017889,621.0976359956156,654.9913090452391,690.5192948884013,56.2478687380777,49.07160806996417,43.68841721798319,-11.588120221396707,-15.79557902867514,4.207458807278432,630.2147169164349,615.0249999999999,599.8352830835648,18.15826384667319,695.0247915400196,586.0752084599803,650.7365258970657
2022-09-16,621.0,629.9,618.0,627.0,-0.48,19072,11919312.7,39.13,16.02351137,616.6464539934235,656.0113624756569,691.1275290078827,54.23339476640257,47.62282465628124,42.82490011203112,-13.608667224241117,-16.847443730494746,3.238776506253629,640.637807800034,616.5249999999999,592.4121921999657,17.286959829636878,675.8108794889107,572.0891205110894,650.7365258970657
2022-09-18,620.1,626.9,617.0,617.1,-1.58,38395,23846911.9,39.13,15.77050856,611.4696809901352,657.1954997195613,691.7720267868564,47.08701432665293,42.6210344391929,39.905503607699934,-15.684221148246364,-17.657137857058153,1.972916708811788,661.6970899644889,619.9249999999998,578.1529100355108,17.78551092181876,675.3065327654563,568.5934672345438,650.7365258970657
2022-09-20,620.0,620.0,602.0,603.1,-2.27,34869,21139720.02,39.13,15.41272681,608.6545214852027,658.832050728523,692.52249941788,34.16483810698003,34.39417758012118,35.42956702793981,-17.097248576365814,-18.1503670342611,1.0531184578952877,676.3844943929524,623.7499999999998,571.1155056070471,17.117234357576404,662.3517030727292,559.6482969272708,650.7365258970657
2022-09-21,615.0,615.0,605.0,610.0,1.14,23401,14328316.2,39.13,15.5890621,611.4317822278041,661.106828309279,693.4212180049943,38.258055563656725,36.80951430786044,36.723727925131314,-17.22664360532758,-18.413646648734925,1.1870030434073442,685.6367660518871,627.7949999999998,569.9532339481126,17.019149286196004,661.057447858588,558.942552141412,650.7365258970657
2022-09-22,620.8,620.8,609.0,613.9,0.64,7862,4806343.7,39.13,15.68872987,612.1476733417062,663.1928213014944,694.2596222060496,40.70843206892603,38.21813168442083,37.46631983599219,-17.843774808034027,-18.71039740958676,0.8666226015527343,694.7460944349507,631.7449999999998,568.7439055650489,17.799054762440008,668.29716428732,561.5028357126799,650.7365258970657
2022-09-25,618.0,620.0,600.3,604.3,-1.56,30846,18688918.1,39.13,15.44339382,611.2715100125592,665.2047731913514,695.0672566000802,31.045041546615987,32.29613202552392,34.3282705109074,-18.769003727735253,-18.927053059974945,0.1580493322396918,700.4653875055428,634.9499999999998,569.4346124944568,17.943394180488898,663.9801825414667,556.3198174585333,650.7365258970657
2022-09-27,610.0,618.0,605.1,609.0,0.78,19390,11844853.5,39.13,15.56350626,614.7572650188389,667.6906823012024,695.9794903347544,33.41506714188983,33.76759526137803,35.15747435005891,-18.69947404011407,-18.96656539303487,0.2670913529208008,704.8083453845145,638.5399999999998,572.2716546154852,17.74821575609877,664.7946472682962,558.3053527317037,650.7365258970657
2022-09-28,609.0,617.0,608.0,612.0,0.49,16060,9834718.5,39.13,15.64017378,617.6358975282583,670.0862203543127,696.8536560667619,34.927948032862744,34.704783782133966,35.68567375911303,-18.817281980057714,-19.03333823126507,0.2160562512073554,707.7542471430077,641.5899999999999,575.4257528569922,18.2869063956653,667.3607191869959,557.6392808130041,650.7365258970657
2022-09-29,612.0,623.0,605.2,618.3,1.03,26572,16300959.1,39.13,15.80117557,620.4538462923874,672.4570864912234,697.706456630247,38.152360443008966,36.69048977841234,36.8002811190701,-18.99939637642126,-19.087352294066907,0.0879559176456474,709.1715440937242,643.9949999999999,578.8184559062756,19.17434043962812,671.6230213188844,556.5769786811156,650.7365258970657
2022-10-09,629.0,632.0,614.0,632.0,2.22,24888,15454855.3,39.13,16.15129057,621.5307694385812,674.6675798173958,698.5045114707519,46.43921872443691,41.48334994800481,39.367210360330354,-19.59694025866827,-19.10934127347832,-0.4875989851899511,710.4987736611065,646.0799999999999,581.6612263388934,18.32704493292014,677.9811347987604,568.0188652012396,650.7365258970657
2022-10-10,633.7,633.7,613.0,621.4,-1.68,18776,11636983.0,39.13,15.88039867,616.2961541578718,676.4091136874936,699.1728985207093,37.03302026731745,35.42266077934443,36.054131427652855,-21.46948622824664,-18.98744152718083,-2.4820447010658064,712.7490126429036,647.93,583.1109873570963,18.36338325880015,678.4401497764005,568.2598502235995,650.7365258970657
2022-10-11,620.0,621.0,608.6,609.0,-2.0,19681,12006407.8,39.13,15.56350626,613.7442312368077,678.6543836339218,699.9545356917716,22.965569342008997,27.23635126950801,31.87364888408537,-22.46797964791574,-18.36693035191438,-4.10104929600136,714.1412704856061,650.1099999999999,586.0787295143937,17.659314732000166,667.7779441960005,561.8220558039994,650.7365258970657
2022-10-12,610.0,617.7,607.3,612.5,0.57,17812,10873156.7,39.13,15.6529517,616.1163468552114,681.4974197006126,700.8686516283724,24.329291326681208,28.17238902453133,32.44846060330817,-22.15306790868749,-17.34166802791404,-4.81139988077345,716.0320257807994,653.66,591.2879742192006,18.243683035555744,667.2310491066672,557.7689508933328,650.7365258970657
2022-10-13,610.0,615.0,606.0,612.0,-0.08,25259,15411972.3,39.13,15.64017378,617.9245202828171,684.3136409128824,701.7567787804163,23.754363862823386,27.84343320216817,32.28097490822368,-21.785263210127937,-16.138818057720677,-5.64644515240726,718.5110599580591,657.435,596.3589400419407,19.115203372839705,667.8456101185191,553.1543898814809,650.7365258970657
2022-10-16,620.0,620.0,608.0,609.9,-0.34,14547,8864682.3,39.13,15.58650652,620.8867804242255,687.265218093,702.658856959114,21.52852438355869,26.53119173316145,31.597162287655628,-20.948025020909995,-14.727206769618864,-6.220818251291131,719.6657534549186,661.135,602.6042465450814,20.23911485871078,674.7173445761323,553.2826554238677,650.7365258970657
2022-10-17,612.0,614.0,610.0,610.0,0.02,9862,6030662.8,39.13,15.5890621,626.3801706363383,690.422982096796,703.5911067777986,21.55515972553281,26.552543806508293,31.61175469539737,-19.36088791364045,-13.17200220679608,-6.188885706844374,719.0396414734756,664.79,610.5403585265243,21.1545720652342,675.4637161957025,548.5362838042975,650.7365258970657
2022-10-19,615.0,618.0,610.0,615.1,0.84,23531,14412154.2,60.77,10.12177061,634.5702559545075,693.7055527946244,704.5317209162689,22.835958528839377,27.604628479441452,32.343064595499584,-17.063692727072407,-11.624780780084986,-5.438911946987421,717.8383801975216,668.79,619.7416198024783,22.93841340581578,682.8152402174474,545.1847597825526,650.7365258970657
2022-10-20,615.0,620.0,612.5,615.9,0.13,21739,13388024.9,60.77,10.134935,644.3053839317613,696.9139427046091,705.4305321817591,23.02673699679002,27.764870101760497,32.45613284426764,-14.402709885641002,-10.26505279333813,-4.137657092302872,717.0458340819946,672.9849999999999,628.9241659180052,24.59823711757309,690.0447113527192,542.4552886472808,650.7365258970657
2022-10-23,617.0,624.9,616.0,618.0,0.34,9212,5690098.1,60.77,10.16949153,658.508075897642,700.2206342435727,706.3303365252943,23.48452959014881,28.16336484092613,32.74460224862026,-10.878288733331942,-9.230638520262412,-1.6476502130695303,712.5214380982749,676.64,640.7585619017251,26.49804124174788,699.9441237252437,540.9558762747564,650.7365258970657
2022-10-31,629.9,664.0,629.9,660.0,6.8,95003,61721232.6,60.77,10.86062202,678.7621138464631,703.5765784984125,707.2180786009254,36.32218895402298,38.39827302160624,39.48220896395275,-6.4354342628090535,-8.818725966995029,2.383291704185975,704.1748621224056,680.15,656.1251378775944,24.55337915749764,720.610137472493,573.2898625275071,650.7365258970657
2022-11-01,665.0,702.0,661.0,695.0,5.3,97337,66560215.4,60.77,11.43656409,688.1431707696946,705.3552143554905,707.6926321547036,61.037583273582655,53.42084211140309,47.26200189406696,-4.94749369479166,-9.414548893041522,4.467055198249861,705.2181825300833,682.0,658.7818174699167,20.048199063886265,741.6445971916588,621.3554028083412,650.7365258970657
2022-11-02,700.0,702.0,684.0,693.6,-0.2,52344,36410432.7,60.77,11.41352641,684.7147561545419,705.7778761659187,707.8201962969619,60.07156512353601,52.734000382280286,46.85991486325391,-6.540013279688765,-10.531312692603986,3.9912994129152217,708.8367569571938,682.825,656.8132430428063,17.72022118209585,746.1606635462875,639.8393364537125,650.7365258970657
2022-11-03,690.0,691.0,678.0,684.0,-1.38,46344,31716708.7,60.77,11.25555373,680.2721342318129,706.2749323359561,707.9631128426599,52.96323634722895,47.8363033692865,44.05192181324392,-8.334974447616673,-11.529137545832793,3.1941630982161198,712.6095697400293,683.79,654.9704302599706,17.68913464677317,737.5674039403195,631.4325960596805,650.7365258970657
2022-11-06,690.0,693.0,678.1,689.0,0.73,45183,31016389.0,60.77,11.33783117,678.4082013477193,707.1841132476278,708.2039481476113,57.7205517143245,50.360035048735256,45.2473880111186,-9.52730707362457,-12.327678320386823,2.800371246762253,713.9685277787096,684.49,655.0114722212904,18.210149607525743,740.1804488225772,630.9195511774227,650.7365258970657
2022-11-07,698.0,698.0,678.0,678.0,-1.6,50047,34318453.5,60.77,11.1568208,673.112302021579,707.9263219516126,708.3969526516074,48.7115376618936,44.36376322664245,41.91845939543486,-11.419668977021956,-13.027771132077389,1.6081021550554304,714.3419746391478,684.6899999999999,655.0380253608521,18.566832897250823,743.7004986917525,632.2995013082475,650.7365258970657
2022-11-08,676.0,680.0,674.0,676.1,-0.28,29430,19926154.9,60.77,11.12555537,670.6684530323685,709.1478044802499,708.7024496631814,46.97684759911953,43.264553519157744,41.326937883209474,-12.54890662132891,-13.429796670841244,0.8808900495123346,714.7318335586575,685.2049999999999,655.6781664413423,18.196480996945365,731.5894429908361,622.4105570091639,650.7365258970657
2022-11-09,685.0,685.0,669.1,670.0,-0.9,24540,16520119.3,60.77,11.0251769,667.9526795485527,710.4966944590356,709.0301124738667,41.312187646257605,39.71369798038808,39.42555614396069,-13.614240391025078,-13.65001918321933,0.035778792194252,714.9137637199575,684.905,654.8962362800424,19.107201107717074,734.3716033231511,619.7283966768488,650.7365258970657
2022-11-10,672.0,675.0,660.0,660.1,-1.48,38406,25559451.9,60.77,10.86226757,666.929019322829,712.149620763486,709.4223749107899,30.619159967510143,33.43539033323187,36.20450853218596,-14.154877451386028,-13.658963881267892,-0.4959135701181356,714.7192282377819,685.3549999999999,655.990771762218,18.463556786352303,722.8906703590569,612.1093296409431,650.7365258970657
2022-11-13,660.1,667.9,650.0,660.0,-0.02,19746,13026486.6,60.77,10.86062202,670.3435289842436,714.274095080363,709.9180771711999,30.505471695804044,33.37030668570528,36.171596270252905,-13.631037809135478,-13.53498548873836,-0.0960523203971188,713.5231633155589,686.1649999999998,658.8068366844408,18.848396429280346,715.4951892878411,602.404810712159,650.7365258970657
2022-11-14,660.0,671.0,657.0,669.0,1.36,30779,20337336.0,60.77,11.00872141,675.5152934763654,716.4893642673167,710.4197663890009,35.10770386757227,36.33969949478767,37.85912858989725,-12.753976479439302,-13.51097240863908,0.7569959291997765,712.0944791406079,686.9199999999998,661.7455208593918,18.83155158808927,720.4946547642678,607.5053452357322,650.7365258970657
2022-11-15,680.0,680.0,661.0,665.0,-0.6,23607,15778546.2,60.77,10.94289946,678.7729402145482,718.4277056659827,710.8360454481868,30.994910784753564,33.912766273557295,36.59706125214899,-12.36537854256244,-13.700221390939022,1.3348428483765833,711.8482243108785,687.0699999999999,662.2917756891213,19.36839065343252,728.6051719602975,612.3948280397025,650.7365258970657
2022-11-16,666.0,685.0,665.0,680.0,2.26,23582,16001360.9,60.77,11.18973178,685.6594103218223,720.6084283462269,711.2967092215355,39.296865854735344,39.10381156413965,39.48393733835056,-11.28225348796616,-14.033932103033168,2.751678615067009,711.8482243108785,687.0699999999999,662.2917756891213,19.409322948258357,733.2279688447751,616.7720311552249,650.7365258970657
2022-11-17,692.0,692.0,685.0,688.0,1.18,30365,20906729.1,60.77,11.32137568,688.4891154827334,722.2659152175015,711.6112490127067,45.01257395594021,42.311275352100886,41.14572930676327,-11.262959276638185,-14.72185175679992,3.458892480161735,712.7389454541501,686.3299999999999,659.9210545458498,19.010358831398168,745.5310764941945,631.4689235058055,650.7365258970657
2022-11-22,699.7,700.0,686.0,686.0,-0.29,22019,15249797.9,60.77,11.2884647,688.7336732241,723.6645240018893,711.848547997759,43.17589951251183,41.19148109043188,40.545171839105656,-11.889053439246709,-15.586574876840354,3.697521437593645,712.6015173519227,685.5799999999999,658.5584826480772,20.344843145997963,754.0345294379939,631.9654705620061,650.7365258970657
2022-11-23,686.0,690.0,681.2,683.0,-0.44,11745,8039715.2,60.77,11.23909824,690.1005098361501,725.2018515121705,712.1083323997466,40.52724325914368,39.55730947208721,39.65851602168315,-12.311609211314362,-16.510955236238765,4.199346024924402,712.8134557617285,684.6449999999999,656.4765442382712,20.71649238444218,747.7494771533266,623.4505228466735,650.7365258970657
2022-11-24,685.0,690.0,680.0,690.0,1.02,42892,29306669.2,60.77,11.35428665,693.6507647542252,726.9243760636876,712.4008784540154,44.86455520281238,42.09152895376866,41.029107502063546,-12.366411535497832,-17.560791742469863,5.194380206972031,713.1722381436542,683.7549999999999,654.3377618563455,22.04054709382465,751.121641281474,618.878358718526,650.7365258970657
2022-11-27,695.0,700.0,685.2,699.0,1.3,33586,23326120.4,60.77,11.50238605,695.4761471313378,728.4314934540422,712.6260129108397,51.1166888986018,45.57753468276438,42.857256713653854,-12.969211425121216,-18.85938679421287,5.890175369091654,713.5929132193945,683.9549999999999,654.3170867806053,22.378385659805165,759.7351569794155,625.4648430205846,650.7365258970657
2022-11-28,700.0,705.8,686.5,689.0,-1.43,52802,36603806.7,60.77,11.33783117,693.7142206970067,729.6327789011459,712.762957764215,43.31480458590454,40.49270499291484,40.00586358005071,-14.466323845329724,-20.331930636485783,5.865606791156058,713.7632452011508,684.01,654.2567547988492,23.22042851089463,765.8112855326839,626.4887144673161,650.7365258970657
2022-11-29,680.0,694.0,678.0,688.2,-0.12,24057,16536991.1,60.77,11.32466678,696.0713310455101,731.2912596726212,713.0017814603377,42.66407101954895,40.07679578867504,39.77506476480564,-15.148582623918172,-21.7983323342748,6.649749710356623,713.7632452011508,684.01,654.2567547988492,23.656031678771814,756.9680950363154,615.0319049636846,650.7365258970657
2022-11-30,684.0,699.0,684.0,697.0,1.28,24065,16724531.8,60.77,11.46947507,700.0069965682651,733.0500865980343,713.2510455956175,48.05847838947777,43.15782544265606,41.45933194829868,-15.71759535405954,-23.46076976186395,7.74317440780441,719.7963550412786,685.7099999999999,651.6236449587212,24.173368531968684,764.020105595906,618.979894404094,650.7365258970657
2022-12-01,695.0,723.0,693.1,711.5,2.08,57322,40652219.1,60.77,11.70807964,701.5104948523976,734.5215187040766,713.4143726870308,58.98110719714328,48.9110378990869,44.43571503148547,-17.11124294265369,-25.39656336381505,8.285320421161366,728.581876487978,687.76,646.938123512022,23.80374281329854,779.4612284398955,636.6387715601044,650.7365258970657
2022-12-04,711.5,720.0,710.0,712.9,0.2,46294,33160505.5,60.77,11.73111733,696.5157422785965,735.4611725287327,713.4336126135336,60.15447071108129,49.50267427678888,44.73338122938066,-20.11751687656624,-27.467893469105395,7.350376592539153,742.5722141564944,690.435,638.2977858435055,23.126380903665048,784.3791427109951,645.6208572890049,650.7365258970657
2022-12-05,712.0,712.0,697.8,698.0,-2.09,35135,24771426.2,60.77,11.48593056,688.3236134178948,736.3820367135789,713.4389755543731,50.91691107458621,42.64650685648399,40.67287565398497,-23.804542634009977,-29.305487617240185,5.500944983230205,754.7257921625966,693.185,631.6442078374033,23.25153433740561,774.6546030122167,635.1453969877832,650.7365258970657
2022-12-06,700.0,705.0,692.0,693.0,-0.72,50730,35345246.9,60.77,11.40365312,683.4854201268422,737.9486504569903,713.5941411378341,47.270528008108,40.11286256681512,39.23464607347648,-26.647189435198012,-30.68072386304773,4.03353442784972,770.6843517730881,697.4849999999999,624.2856482269117,23.723927041561787,769.6717811246854,627.3282188753146,650.7365258970657
2022-12-07,686.0,699.0,686.0,688.3,-0.68,36633,25243646.5,60.77,11.32631233,678.7281301902633,739.7832892511532,713.8011174306766,43.78081012453275,37.71104519304718,37.8755934973758,-29.378754051475084,-31.689107470010164,2.31035341853508,785.8325275083048,702.3349999999999,618.837472491695,24.50436337951309,766.0130901385393,618.9869098614607,650.7365258970657
2022-12-11,675.0,685.0,670.1,670.1,-2.64,57943,39248832.9,60.77,11.02682245,673.942195285395,741.8846479960982,714.0574100681708,27.19586937434628,27.21467611940515,32.24199912993454,-31.95935101186558,-32.26669582464393,0.3073448127783535,798.9091379693765,707.425,615.9408620306234,24.015959310570103,749.5978779317103,605.5021220682896,650.7365258970657
2022-12-12,666.0,679.9,660.0,679.0,1.33,61536,41279677.3,60.77,11.17327629,675.8632929280925,744.814633628592,714.4991930839313,31.196213168967663,29.46962439985515,33.67560089242697,-32.93517693568231,-32.34353202783852,-0.5916449078437864,812.9975525587055,714.12,615.2424474412945,25.028843678411228,745.0365310352338,594.8634689647663,650.7365258970657
2022-12-13,679.0,688.0,674.0,676.3,-0.4,26409,17928323.4,60.77,11.12884647,674.2949393921388,747.5009452052692,714.8559688938201,28.35433453991652,27.78401943461321,32.80546819817919,-34.60781035938032,-32.19562080087757,-2.412189558502753,825.4112491591551,720.42,615.4287508408448,25.5987151982347,757.7961455947041,604.2038544052959,650.7365258970657
2022-12-14,672.0,717.0,672.0,675.1,-0.18,16910,11514877.6,60.77,11.10909988,673.2924090882082,750.4071062340557,715.2434660686323,27.16585093624389,27.06465251926428,32.427223681506085,-35.96440341494565,-31.592573411251884,-4.371830003693766,835.5539425500067,726.755,617.9560574499933,26.887461331371888,775.1623839941157,613.8376160058843,650.7365258970657
2022-12-15,672.0,678.9,670.1,672.0,-0.46,15343,10340985.7,60.77,11.05808787,672.3886136323123,753.4808656721805,715.6469179889201,24.28160286434221,25.27917422536001,31.470541489994936,-37.050609047104444,-30.49961591032844,-6.550993136776004,846.5440960666332,733.8149999999999,621.0859039333667,24.87495703485765,749.124871104573,599.875128895427,650.7365258970657
2022-12-18,665.0,670.0,661.1,665.0,-1.04,25597,16977284.8,60.77,10.94289946,672.5829204484684,756.8066152914531,716.0855804812711,17.74350226665368,21.236260159500027,29.300748395922007,-37.582448104192736,-28.86186762613444,-8.720580478058295,854.5275821612697,740.765,627.0024178387303,26.094396705397397,743.8331901161921,587.2668098838078,650.7365258970657
2022-12-19,665.0,670.0,661.3,665.2,0.03,11080,7382941.0,60.77,10.94619055,676.3743806727026,760.5538240788594,716.5990034006809,17.782498476609394,21.266788417971465,29.326216713146525,-37.00188707372445,-26.681722506619867,-10.32016456710458,866.5675902966178,749.765,632.9624097033821,28.00488522821933,749.664655684658,581.635344315342,650.7365258970657
2022-12-20,667.0,680.0,666.0,673.0,1.17,14011,9456005.9,60.77,11.07454336,681.961571009054,764.4458168984047,717.1155762991801,19.249076002440376,22.43474033504137,30.31268184442373,-35.743034455581665,-24.10168136484372,-11.641353090737944,873.9151828634234,758.2549999999999,642.5948171365764,29.81653914246592,762.4496174273977,583.5503825726023,650.7365258970657
2022-12-21,660.0,682.0,660.0,667.3,-0.85,175719,118246001.1,60.77,10.98074708,686.4423565135809,768.1782992207885,717.5589489253025,14.678193940999224,19.432262635805,28.62844825498202,-34.41056388543461,-21.19134309215924,-13.219220793275376,879.1583084951492,766.2049999999999,653.2516915048507,31.573932380517693,765.7217971415531,576.2782028584469,650.7365258970657
2022-12-22,654.0,666.0,654.0,665.2,-0.31,86046,56965324.5,60.77,10.94619055,696.0135347703713,772.295780821637,718.0640639898784,13.066692738425289,18.35102026119345,28.013104653882788,-31.6289659739316,-17.886537893840394,-13.742428080091203,880.1309713271256,774.0899999999999,668.0490286728742,32.63770264501966,757.913107935059,562.086892064941,650.7365258970657
2022-12-26,673.0,695.0,670.2,694.0,4.33,100520,68723509.4,60.77,11.42010861,711.4203021555569,776.6670371817038,718.5953611154048,16.975144363346264,22.13375090970405,31.600049869556024,-27.404759679992253,-14.450930873817594,-12.95382880617466,877.5250700298211,782.03,686.5349299701788,31.8196696055774,778.0590088167322,587.1409911832678,650.7365258970657
2022-12-27,700.0,710.0,696.0,700.1,0.88,143766,101220431.0,60.77,11.52048708,720.1304532333354,780.0412019646304,718.8425506743536,17.988146355484428,23.06899852306172,32.4447778604542,-24.54688532401883,-11.21247367227393,-13.3344116517449,876.844989655958,788.6299999999999,700.4150103440418,32.032966228419326,799.098898685258,606.901101314742,650.7365258970657
2022-12-28,702.0,706.0,689.0,689.0,-1.59,79579,55485563.9,60.77,11.33783117,730.1456798500031,783.3041081672684,719.0309180178144,9.226258709945494,17.154044663101168,29.13558802429022,-21.163243723136247,-7.878870759337705,-13.284372963798544,872.9453351850632,794.2199999999999,715.4946648149366,33.25885136491036,797.2765540947311,597.7234459052689,650.7365258970657
2022-12-29,702.0,726.0,689.0,722.2,4.82,135700,96658165.2,60.77,11.88415337,750.7185197750047,787.1532554394018,719.3327362893502,12.88660472884221,21.811734971722665,33.90433556212994,-15.406475807491349,-4.557777518388068,-10.84869828910328,862.4959622718648,800.1949999999999,737.8940377281351,33.26539040545595,807.2961712163678,607.7038287836322,650.7365258970657
2023-01-01,727.0,750.0,723.0,738.0,2.19,136249,100383387.4,60.77,12.14415007,764.977779662507,789.8044087226427,719.3039195686401,15.485496031046008,24.78572897637262,36.64452014692561,-11.215016019777408,-1.8456029461122485,-9.36941307366516,856.0541933452098,804.8399999999999,753.62580665479,31.51710045050661,831.0513013515199,641.9486986484801,650.7365258970657
2023-01-02,738.0,772.8,725.0,765.0,3.66,146722,111455088.3,60.77,12.58844825,778.4666694937606,791.9188743847914,719.1160192627973,22.32433309382349,31.62887113878617,42.24578153916273,-7.310788930444119,0.4967503223040419,-7.80753925274816,849.4861087601736,808.4599999999998,767.433891239826,30.35233383389624,839.9570015016886,657.8429984983113,650.7365258970657
2023-01-03,775.0,775.0,755.0,767.9,0.38,125746,96695094.8,60.77,12.63616916,785.200004240641,793.0176039515176,718.65487372775,23.30704463047333,32.52447023697977,42.92227721205449,-4.970327606524847,2.4486351354910822,-7.41896274201593,847.0173858894251,811.0599999999998,775.1026141105746,28.41370425988472,850.2411127796541,679.7588872203459,650.7365258970657
2023-01-04,760.0,797.0,760.0,784.0,2.1,100499,77942870.9,60.77,12.90110252,793.8500063609615,794.0428122760693,718.1599478355665,29.775145969578197,38.08366495840488,46.92731372494975,-2.206024933354797,4.303375820995065,-6.509400754349862,844.751301504107,814.0649999999998,783.3786984958926,28.3485602887608,863.5456808662824,693.4543191337176,650.7365258970657
2023-01-05,799.6,805.0,778.0,790.0,0.77,150073,118444306.0,60.77,12.99983545,798.7750095414423,794.452722981215,717.4982387685873,32.7895228991536,40.47786212567259,48.547971898899576,-0.2849546132962359,5.93072600958253,-6.215680622878766,845.2944891865428,816.6149999999999,787.935510813457,27.387289209734227,873.6618676292027,709.3381323707973,650.7365258970657
2023-01-08,789.0,803.0,784.0,790.1,0.01,100573,80126145.2,60.77,13.00148099,803.1625143121635,794.6344667763666,716.7695778516886,32.83877523547089,40.51728293690008,48.57481278490447,1.5602653895900858,7.484646165302221,-5.924380775712136,845.8500532702963,818.8649999999999,791.8799467297035,27.43032134414914,875.7909640324474,711.2090359675526,650.7365258970657
2023-01-09,790.0,821.0,781.0,804.0,1.76,208228,167866818.1,60.77,13.23021228,809.6937714682451,794.819547052953,716.0325886843689,40.3221542831225,46.34258365719688,52.44388316873354,3.8825605148799696,8.965741359230256,-5.083180844350286,846.4028752343028,821.3599999999999,796.317124765697,28.25591260461015,885.7677378138304,716.2322621861696,650.7365258970657
2023-01-10,811.0,835.0,796.0,805.0,0.12,205989,167243233.8,60.77,13.24666776,812.5406572023677,794.4448346877674,715.1484940982822,40.91845132933168,46.79200135749966,52.73397965925941,5.374907230942654,10.236536570317828,-4.861629339375174,845.9549031577146,822.2049999999999,798.4550968422852,26.951014005122385,896.3530420153671,734.6469579846329,650.7365258970657
2023-01-12,821.1,828.0,801.1,803.0,-0.25,157664,127827710.0,60.77,13.21375679,816.3109858035516,794.0140116137987,714.2454638882147,39.32323788270289,45.816146722130895,52.22659768469208,7.099685661539866,11.451943905161622,-4.3522582436217565,845.3738600949719,822.7299999999999,800.086139905028,25.61223778346932,891.386713350408,737.713286649592,650.7365258970657
2023-01-17,819.0,820.0,796.1,816.3,1.66,99350,80485774.6,56.77,14.37907345,822.9664787053274,793.6472365776273,713.3534585001565,46.79116175613247,51.66759566366184,56.06898907879653,9.401498339698035,12.54000846606706,-3.138510126369024,844.3941694326421,823.43,802.4658305673578,25.46915309274369,884.457459278231,731.6425407217689,650.7365258970657
2023-01-18,820.0,825.0,804.0,811.0,-0.65,94624,77149905.9,56.77,14.28571429,826.2997180579912,792.722633988959,712.3188198921179,42.953645632097256,49.27015458096114,54.79673113888831,10.848517454878788,13.324635997659318,-2.476118542780529,844.5807363127342,823.1899999999999,801.7992636872657,25.643503436381884,891.4305103091457,737.5694896908543,650.7365258970657
2023-01-19,811.0,850.0,804.1,845.0,4.19,216337,180444653.5,56.77,14.88462216,833.9495770869868,791.9766190497329,711.3270492377673,72.95865664316146,69.93434659992924,66.69125771355932,13.07727978072944,13.94366563335445,-0.8663858526250099,844.3923712946969,823.39,802.3876287053031,23.937226040424317,898.8616781212729,755.238321878727,650.7365258970657
2023-01-23,861.9,861.9,831.0,835.0,-1.18,151120,127577972.5,56.77,14.70847278,828.4243656304801,789.8123994191097,709.9836024964383,66.91680995547998,66.04502031669108,64.51649788605242,12.269957807095352,14.160262096510705,-1.8903042894153508,840.647030929202,822.04,803.432969070798,21.49691782269368,910.9407534680812,781.959246531919,650.7365258970657
2023-01-24,849.5,850.0,825.1,832.0,-0.36,90781,75309260.2,56.77,14.65562797,825.1365484457202,787.9680075586652,708.7271562903724,64.82078568971214,64.7756653041191,63.83648651750329,12.07923110173556,14.63283816886454,-2.553607067128981,838.910591508102,820.99,803.069408491898,20.45213091410409,898.9063927423123,776.1936072576876,650.7365258970657
2023-01-25,844.9,844.9,823.0,825.0,-0.84,72897,60387897.7,56.77,14.53232341,821.7048226685803,786.1707833773863,707.4882332380143,59.49869591030468,61.6711211160609,62.21443893436322,11.965551109051148,15.271239935646785,-3.3056888265956363,837.6725644944822,819.89,802.1074355055177,19.946812126782323,893.790436380347,774.109563619653,650.7365258970657
2023-01-26,832.0,833.5,818.0,824.0,-0.12,76729,63437273.0,56.77,14.51470847,820.0572340028704,784.5859173927898,706.3072104564868,58.705393394754815,61.21769562316919,61.98057041720988,12.359136993165862,16.097662142295693,-3.7385251491298312,837.1776029613806,819.24,801.3023970386195,19.72979125198036,884.9393737559411,766.5606262440589,650.7365258970657
2023-01-29,823.0,833.6,820.0,826.0,0.24,86314,71318301.1,56.77,14.54993835,818.0858510043056,782.9771793271894,705.1243683505219,60.82335291140245,62.59284482226105,62.72597930350754,12.78354461989909,17.03229342957815,-4.248748809679061,836.7159695872988,818.615,800.5140304127012,20.199768057755957,887.3993041732679,766.200695826732,650.7365258970657
2023-01-30,820.0,830.0,810.5,811.9,-1.71,92484,75752768.3,56.77,14.30156773,814.1287765064584,781.22114583034,703.9095378816829,49.37846455790218,56.1435757696473,59.42321997701014,12.935664250821674,18.094480631997914,-5.158816381176241,836.177464814788,817.615,799.052535185212,20.033075619728837,880.3492268591865,760.1507731408135,650.7365258970657
2023-01-31,815.0,820.0,803.6,808.5,-0.42,87591,71083403.6,56.77,14.24167694,815.2431647596876,779.9689477009662,702.8242066041119,45.99696158542999,54.38256590659887,58.573491736282215,14.377305463369224,19.384184727291974,-5.006879263922748,836.986832497941,817.02,797.053167502059,19.870084021920928,871.4102520657627,752.1897479342372,650.7365258970657
2023-02-01,802.0,823.0,802.0,815.1,0.82,58462,47607453.9,56.77,14.35793553,818.6147471395315,778.8044149540668,701.7621383287762,51.989371640393976,58.625807315096765,60.95212549323822,16.35442125882639,20.63590454327266,-4.281483284446267,838.3865798439317,816.295,794.2034201560682,20.25564891324548,873.2669467397365,751.7330532602635,650.7365258970657
2023-02-02,815.1,825.0,802.0,810.4,-0.58,67366,55040183.5,56.77,14.27514532,820.3721207092972,777.3229625032125,700.6230643421308,47.67429116346052,56.37497591856325,59.837121426768526,17.968057473990598,21.706275364384226,-3.738217890393628,839.1408739335551,815.3399999999999,791.5391260664447,20.17294323693942,874.0188297108183,752.9811702891817,650.7365258970657
2023-02-05,811.0,825.0,811.0,817.0,0.81,71506,58516096.4,56.77,14.39140391,825.3581810639458,775.9728793400783,699.5197785566245,53.69861250251103,60.67941121621971,62.23272631253739,20.24483595263314,22.640829836982636,-2.395993884349494,839.1431770465426,815.22,791.2968229534574,19.85882581882158,877.5764774564648,758.4235225435352,650.7365258970657
2023-02-06,805.1,831.0,805.1,828.0,1.35,78309,64573061.2,56.77,14.58516822,829.5372715959188,774.2983029866122,698.339072813475,66.06670621580832,68.81049769361708,66.49198248838331,22.184362869698475,23.23982830807001,-1.055465438371531,839.3175627556975,814.27,789.2224372443025,20.176473132023972,878.5794193960719,757.520580603928,650.7365258970657
2023-02-07,815.1,839.5,815.1,835.0,0.85,154737,129242726.9,56.77,14.70847278,830.3059073938782,772.1063969860658,697.035947917128,75.96357810259838,74.72759777323489,69.39339624442998,23.21722285664805,23.503694667662888,-0.2864718110148381,840.728247103201,811.72,782.711752896799,19.096081257804418,884.5882437734132,770.0117562265867,650.7365258970657
2023-02-08,848.6,852.0,834.0,835.0,0.0,97610,81880515.4,56.77,14.70847278,827.9588610908173,769.5393111487623,695.6493745293604,75.96357810259836,74.72759777323489,69.39339624442997,23.48509545298521,23.5753126204166,-0.0902171674313905,841.9059807920431,808.17,774.4340192079568,18.50675695311602,898.5202708593481,787.4797291406519,650.7365258970657
2023-02-09,834.0,841.8,830.0,840.0,0.6,49992,41759853.3,56.77,14.79654747,824.4382916362259,766.8674462976913,694.2488657306606,82.97894027395861,78.9065750184775,71.44564779594745,23.48539690572113,23.597866912274444,-0.1124700065533126,844.3482913530916,803.8199999999999,763.2917086469083,18.563063281240023,891.5891898437201,780.2108101562799,650.7365258970657
2023-02-12,825.0,835.0,817.0,820.9,-2.27,93577,77125437.0,56.77,14.46010217,816.6574374543388,763.8824441057603,692.7840302103657,75.20295435581909,73.68695672647327,67.97207999326487,22.6350849867664,23.62598441391277,-0.9908994271463704,842.6681533632183,799.3199999999999,755.9718466367816,18.30340364582225,880.9102109374668,771.0897890625332,650.7365258970657
2023-02-14,817.1,821.0,810.2,815.5,-0.66,84726,69070448.3,56.77,14.3649815,814.5361561815082,761.5551969264036,691.4964325240377,71.98677843425928,71.85881558159852,66.87851423201315,23.16526744676571,23.873709270699365,-0.7084418239336543,844.1683140911802,795.375,746.5816859088198,18.170448495358052,870.1113454860742,761.0886545139258,650.7365258970657
2023-02-15,810.1,821.0,810.1,817.0,0.18,57530,46905929.6,56.77,14.39140391,814.0542342722623,759.3533682295221,690.250165514229,74.3684029191905,73.17006374362357,67.49304541667756,24.054841896484614,24.05081972668278,0.0040221698018392,845.334004123793,791.5,737.665995876207,18.98938721706451,872.5181616511935,758.5818383488064,650.7365258970657
2023-02-16,810.0,818.0,810.0,811.5,-0.67,45965,37384423.4,56.77,14.29452175,812.5813514083935,757.0004444837882,688.976297830955,71.27050223877444,71.39273430446998,66.40648101399664,24.687646493813304,24.04981418423232,0.6378323095809861,846.9509767169334,786.8,726.6490232830665,19.88820801896057,873.6646240568817,754.3353759431183,650.7365258970657
2023-02-20,809.0,819.9,798.0,815.0,0.43,68598,55591201.5,56.77,14.35617404,813.1220271125903,754.7759728300653,687.7449038393063,76.50059598653122,74.30120590473369,67.79076863222416,25.69624223085748,23.89035610683707,1.8058861240204076,853.8103839452351,780.525,707.2396160547648,21.209120021067303,872.5773600632019,745.3226399367982,650.7365258970657
2023-02-22,821.0,821.0,808.0,818.0,0.37,55398,45217636.9,56.77,14.40901885,812.1830406688855,752.3178492721088,686.4659581492491,81.03116140599533,76.79115541656026,68.9738781727557,26.253449993690424,23.43888457583197,2.8145654178584536,856.0919903070765,774.125,692.1580096929235,21.132355578963672,877.897066736891,751.102933263109,650.7365258970657
2023-02-23,808.0,815.0,803.4,814.0,-0.49,98136,79641532.0,56.77,14.3385591,809.2745610033282,749.6369451607663,685.1440079798948,79.5992365722442,75.78652613237593,68.26494779699995,26.277326811070797,22.73524322136736,3.5420835897034344,854.1982422262133,767.975,681.7517577737867,22.035950643292967,875.307851929879,743.0921480701211,650.7365258970657
2023-02-26,810.1,815.0,793.8,810.0,-0.49,98067,78667922.7,56.77,14.26809935,806.9118415049924,747.0098816979405,683.8489728842154,78.13187006082131,74.77251776504015,67.55321162043792,26.332859377093428,21.8497223239415,4.483137053151928,851.7358187941885,761.725,671.7141812058115,23.19550071476996,873.9865021443098,734.8134978556901,650.7365258970657
2023-02-27,810.0,820.0,801.1,812.0,0.25,62896,50828934.7,56.77,14.30332922,805.3677622574886,744.4388564611218,682.5811233654638,80.71203802779371,76.25516914791297,68.28834757694052,26.42798844315007,20.72893806065352,5.699050382496552,848.1262168659802,755.675,663.2237831340198,23.41722301641106,880.8016690492332,740.2983309507667,650.7365258970657
2023-02-28,801.0,815.5,801.0,811.5,-0.06,37309,30300347.2,56.77,14.29452175,802.051643386233,741.6812587656574,681.280431137981,80.5694469312869,76.14536337504491,68.20530753987566,25.96136425556199,19.30417546502938,6.657188790532608,842.392072059859,749.615,656.8379279401411,23.91913668490118,880.0074100547035,736.4925899452965,650.7365258970657
2023-03-01,805.1,815.0,804.1,806.0,-0.68,40211,32483338.3,56.77,14.1976396,797.3274650793495,738.8315142254802,679.9716917524331,79.05547904989095,74.96272732373279,67.30110514150365,25.039071357868693,17.639878267396227,7.399193090472465,835.0879611582492,743.64,652.1920388417508,24.965707427667976,884.4471222830039,734.652877716996,650.7365258970657
2023-03-02,806.0,806.0,798.1,800.0,-0.74,54595,43729649.1,56.77,14.09194997,792.9911976190243,736.0899433775406,678.705075589141,77.34366240438692,73.63885386754889,66.29733311627564,24.057685566880195,15.790079994778113,8.267605572102083,827.4271955136505,737.8399999999999,648.2528044863493,26.073008252964417,880.2690247588932,723.8309752411067,650.7365258970657
2023-03-05,813.0,813.0,792.2,794.0,-0.75,32917,26192401.9,56.77,13.98626035,789.4867964285364,733.4813696378484,677.4860311227002,75.56873653926606,72.27771051574909,65.27397334575278,23.066059549045804,13.723178601752592,9.342880947293212,819.1935482397754,732.67,646.1464517602245,27.636675836627127,885.5100275098814,719.6899724901186,650.7365258970657
2023-03-07,795.0,801.0,788.0,796.0,0.25,38109,30219184.5,56.77,14.02149022,787.2301946428046,731.0112214598014,676.3150364606167,77.36453947992842,73.45162111778737,65.91443716206533,22.07578692920549,11.387458364929287,10.688328564276205,810.872805946129,727.78,644.6871940538709,28.39630648514126,879.6889194554237,709.3110805445763,650.7365258970657
2023-03-09,791.0,810.0,791.0,808.0,1.51,28688,23110049.9,56.77,14.23286947,782.8452919642069,728.358618254079,675.112172505447,88.59283530312122,80.75949047512168,69.86285747307154,20.28710024818463,8.715376223860238,11.571724024324393,800.7087031222285,722.83,644.9512968777716,29.32922942793473,888.4876882838042,712.5123117161958,650.7365258970657
2023-03-12,820.0,822.0,797.0,798.0,-1.24,31706,25407342.8,56.77,14.0567201,770.2679379463104,725.1079496113883,673.7766164502253,87.21875791224485,79.1546468669943,68.34593895969556,16.4871823353443,5.822445217779141,10.66473711756516,785.3443567317555,717.08,648.8156432682446,30.476921586594152,900.9307647597824,718.0692352402175,650.7365258970657
2023-03-13,800.0,813.0,776.9,777.0,-2.63,79814,62456745.3,56.77,13.68680641,756.4019069194657,722.132763881241,672.5281402336446,83.5111850113648,75.10560423998422,64.77116130490165,12.415473547168515,3.1562609383878506,9.259212608780668,769.7621361594774,711.83,653.8978638405226,28.863246207326835,881.5397386219805,708.3602613780196,650.7365258970657
2023-03-14,782.8,790.0,757.0,764.0,-1.67,136733,104824125.2,56.77,13.45781222,746.1028603791984,719.8932848559855,671.4781717937818,80.3793269224708,71.97662319074938,62.236705233198485,9.176085624119878,0.8414577861926842,8.334627837927194,757.7005002984264,707.855,658.0094997015736,26.625829119252035,853.3774873577561,693.6225126422439,650.7365258970657
2023-03-15,772.0,772.0,739.0,748.0,-2.09,138593,103522033.1,56.77,13.17597323,737.1542905687977,718.0930107684746,670.5483041736188,75.23280897451822,67.27594646723556,58.7285038318049,6.231614702350612,-1.2421991732891142,7.473813875639726,750.2077172828264,706.155,662.1022827171736,24.91758791028004,830.2527637308401,680.7472362691599,650.7365258970657
2023-03-16,755.0,755.0,736.1,750.0,0.27,66560,49492619.8,56.77,13.2112031,731.7314358531966,716.8723173304533,669.7698951703386,77.49125531791884,68.61181636773188,59.39058847351538,4.011848330167254,-3.110652642199046,7.1225009723663,745.2764534622456,704.855,664.4335465377544,24.019542122533373,817.6086263676001,673.4913736323998,650.7365258970657
2023-03-19,755.0,755.0,739.0,742.0,-1.07,53939,40084482.0,56.77,13.0702836,722.5971537797948,715.5201670174106,668.9635624584827,74.80169494283022,66.112512715622,57.553024127805394,0.9166287303236232,-4.891277885290621,5.807906615614244,741.1778113007424,704.005,666.8321886992576,24.5883801361482,820.7651404084446,673.2348595915554,650.7365258970657
2023-03-20,749.0,749.0,731.1,738.0,-0.54,84134,61995922.8,56.77,12.99982385,712.8957306696922,714.4393575079172,668.2295279103267,73.38844919051344,64.81163259251639,56.61061254339175,-2.232784340463354,-6.343254539194182,4.110470198730828,738.0366267974919,703.3050000000001,668.5733732025083,25.43153348460911,816.3446004538273,663.7553995461726,650.7365258970657
2023-03-22,740.1,740.1,721.0,723.0,-2.03,113311,82495494.5,56.77,12.73559979,700.3435960045382,713.4776986306894,667.5283171355561,67.26948444633608,59.382106981566096,52.84133738167451,-5.812831069497406,-7.370872088876888,1.5580410193794825,737.3070409346293,703.155,669.0029590653706,25.368370538454563,806.6551116153637,654.4448883846362,650.7365258970657
2023-03-23,729.0,729.0,666.5,686.0,-5.12,314524,217464868.1,56.77,12.0838471,689.0153940068074,713.0890332686766,666.9708127851596,33.99017736131293,37.18060951870857,40.62788152723756,-8.770449533544593,-7.760382343721759,-1.0100671898228333,741.0047074924192,704.0400000000001,667.0752925075809,22.17596726494951,764.2779017948485,631.2220982051515,650.7365258970657
2023-03-26,686.0,697.9,680.0,687.0,0.15,115245,79519557.9,56.77,12.10146204,690.523091010211,714.1947080959695,666.7795646724477,34.84123851377023,37.69773232986269,40.90273354440017,-8.650603288985963,-7.507865546266051,-1.1427377427199117,744.6209062228768,706.44,668.2590937771233,17.69551918327723,742.0365575498317,635.8634424501683,650.7365258970657
2023-03-27,680.0,695.0,675.3,695.0,1.16,57816,39597344.5,56.77,12.24238154,692.2846365153166,715.3046961815193,666.5763442168944,42.38857299335312,42.04143428357759,43.14434235416437,-8.473627125364033,-7.222181110586073,-1.2514460147779598,745.9770587089182,708.24,670.5029412910818,17.67279909253026,738.1683972775908,632.1316027224092,650.7365258970657
2023-03-28,708.0,708.0,688.0,689.0,-0.86,62508,43673517.3,56.77,12.13669191,690.9269547729749,716.133459290969,666.2906793346522,32.664378761541805,36.9847348565951,40.80874745369604,-8.939033881972136,-6.909319606891582,-2.029714275080554,746.7503408164133,709.34,671.9296591835868,17.447554547255837,750.3426636417676,645.6573363582324,650.7365258970657
2023-03-29,690.0,694.0,687.0,689.0,0.0,51749,35695866.1,56.77,12.13669191,691.8904321594624,717.2409474252943,666.062444956106,32.664378761541805,36.98473485659509,40.80874745369604,-8.792130740305083,-6.401891038121444,-2.3902397021836395,749.4198570669604,711.6400000000001,673.8601429330398,17.16394949695093,741.9918484908528,639.0081515091472,650.7365258970657
2023-03-30,700.0,700.0,689.0,690.8,0.26,30902,21357616.1,56.77,12.1683988,693.3356482391937,718.393639156939,665.8319167647101,34.0257249806414,37.8386948922462,41.27756255876567,-8.476743374172997,-5.804331112575534,-2.6724122615974637,750.0384324357809,713.3900000000001,676.7415675642193,18.29327721883437,749.3798316565031,639.6201683434969,650.7365258970657
2023-04-02,703.0,719.1,689.0,692.0,0.17,72783,50562485.3,56.77,12.18953673,694.6034723587906,719.5199101429365,665.5809812548076,34.8873501752428,38.38738563140936,41.58329902823508,-8.134169050503601,-5.136228047176169,-2.9979410033274325,750.5444353883615,715.1000000000001,679.6555646116387,19.10364135426041,761.3609240627812,646.7390759372187,650.7365258970657
2023-04-03,704.9,704.9,686.0,690.0,-0.29,42504,29319710.1,56.77,12.15430685,695.9052085381858,720.6431717814237,665.315463478474,32.34942555975756,36.97295219901532,40.8827028654747,-7.700786273012909,-4.38674279634431,-3.3140434766685987,750.3607147000728,716.5000000000001,682.6392852999275,17.881823726956007,749.0954711808681,641.804528819132,650.7365258970657
2023-04-04,700.0,700.0,685.0,696.6,0.96,47314,32814535.8,56.77,12.27056544,698.8578128072787,721.8939134867879,665.0673776842879,36.52552935632963,39.77067785461069,42.49735047825629,-6.831984454862663,-3.558231927177161,-3.2737525276855024,749.3478751261475,717.7,686.0521248738526,17.768693029951123,745.8060790898534,639.1939209101466,650.7365258970657
2023-04-05,699.0,700.0,691.0,696.2,-0.06,26748,18613374.6,56.77,12.26351946,699.9867192109181,722.9263181189017,664.7504669072455,36.081002298654994,39.513096918135695,42.36491254350653,-6.295703087625611,-2.7397937952557854,-3.555909292369826,748.7520743090391,718.5000000000001,688.2479256909611,18.07632558883458,749.7289767665037,641.2710232334963,650.7365258970657
2023-04-06,705.0,705.0,693.0,697.0,0.11,30695,21392697.0,56.77,12.27761141,701.880078816377,724.0171882462038,664.4343911977705,36.53588160251422,39.8294377339411,42.553085334652366,-5.478911915804929,-1.850816472163329,-3.6280954436416,748.0330447653423,719.5400000000001,691.0469552346578,19.0848062098162,756.2544186294487,641.7455813705513,650.7365258970657
2023-04-09,697.0,698.0,690.0,693.0,-0.57,35930,24855264.0,56.77,12.20715166,704.3201182245656,725.1199306235999,664.1070986469944,32.76879171866645,37.50651799254179,41.30162282314021,-4.438150646814847,-0.9437926112529288,-3.4943580355619184,747.1060535974873,720.4350000000001,693.7639464025128,19.872006899795775,753.6160206993874,634.3839793006126,650.7365258970657
2023-04-10,688.0,695.9,688.0,693.0,0.0,39095,27027964.7,56.77,12.20715166,709.9801773368484,726.4309482000733,663.8167177288738,32.76879171866644,37.50651799254178,41.30162282314021,-2.637933163168327,-0.0702031023624493,-2.5677300608058777,745.4643142407263,721.1850000000001,696.9056857592739,21.191118777550862,755.5233563326526,628.3766436673475,650.7365258970657
2023-04-11,700.0,704.0,692.3,697.5,0.65,24498,17102421.1,56.77,12.28641888,718.4702660052727,727.7954766980355,663.5234184095659,34.59406016064279,38.96572201679532,42.25603251832992,-0.3018310925771175,0.5717294128390202,-0.8735605054161377,743.207865167044,722.13,701.052134832956,22.49013197505652,765.6203959251695,630.6796040748304,650.7365258970657
2023-04-12,704.0,735.0,704.0,730.0,4.66,87390,62950442.3,56.77,12.85890435,728.955399007909,729.032026767343,663.1819452277525,53.850388518087534,52.72141581443326,50.31782614715196,2.226093093415102,0.7901195391930547,1.4359735542220473,741.5757683998255,722.705,703.8342316001746,20.80014663895168,781.900439916855,657.099560083145,650.7365258970657
2023-04-13,735.0,740.0,719.0,722.0,-1.1,73696,53516887.5,56.77,12.71798485,728.4330985118636,728.9925176558061,662.5104069888355,47.45012698242751,48.57164255010438,47.97221422181349,2.111173154904577,0.4311261506375427,1.6800470042670343,741.1131062799137,721.655,702.1968937200862,19.6668295988352,788.5004887965056,670.4995112034944,650.7365258970657
2023-04-16,730.0,766.0,721.0,733.0,1.52,50033,36498750.7,46.76,15.67579127,731.6496477677954,729.2779265397165,661.9125216319394,57.13468176865452,54.7019257214727,51.160555120287874,2.748331005679802,0.011114399570784,2.7372166061090177,742.3213677086795,720.505,698.6886322913205,19.51869955426133,802.056098662784,684.943901337216,650.7365258970657
2023-04-17,730.0,738.0,727.4,728.0,-0.68,42664,31156743.4,46.76,15.56886228,730.9744716516931,729.1260051739907,661.198074613165,53.28211425398637,52.15307492159508,49.70182218063272,2.4016003933138563,-0.6731897519564704,3.0747901452703266,742.3378335151878,718.585,694.8321664848123,16.68744394917926,782.7623318475378,682.6376681524623,650.7365258970657
2023-04-18,726.0,739.0,722.1,735.0,0.96,36250,26578451.9,46.76,15.71856287,732.4617074775397,729.1719645688476,660.5266984786239,59.99196407187147,56.26909983261813,51.78041721261668,2.4332045878095414,-1.441887288274052,3.8750918760835935,743.0563689443657,716.6850000000001,690.3136310556345,17.36382661019918,782.6414798305975,678.4585201694024,650.7365258970657
2023-04-19,741.8,742.0,731.0,740.7,0.78,43290,31856534.8,46.76,15.84046193,731.1925612163095,728.9340855716576,659.7782230864492,66.00863707905766,59.84003570831422,53.53045138003336,1.7254236929612716,-2.4106602572949507,4.136083950256222,740.8538946523562,714.9350000000001,689.0161053476439,17.22647401133242,788.1794220339973,684.8205779660027,650.7365258970657
2023-04-20,755.5,755.5,729.0,734.0,-0.9,78369,57543425.2,46.76,15.69717707,726.4388418244642,728.4538441664192,658.9649388963633,62.02982577464793,56.85124416853085,51.68795085207229,0.216577188002816,-3.444681244859006,3.661258432861822,736.4968687205012,713.325,690.1531312794989,17.918304457036022,796.004913371108,688.495086628892,650.7365258970657
2023-04-23,735.0,736.0,722.2,723.0,-1.5,32862,23896535.1,46.76,15.46193328,722.6582627366964,728.2274704589262,658.2108176792412,54.20731362408402,51.329140980848805,48.46755680100423,-1.030228019242486,-4.359995853074461,3.3297678338319754,733.2465809967188,712.025,690.8034190032812,16.298116063373357,777.99434819012,680.20565180988,650.7365258970657
2023-04-24,724.0,724.0,717.0,717.0,-0.83,26276,18900536.4,46.76,15.33361848,722.4873941050447,728.4408366001069,657.5596701182286,49.1256154369604,47.95561546748409,46.60378014372008,-1.48661971257377,-5.192437811532455,3.7058180989586855,731.9267916596117,711.17,690.4132083403882,15.997906737081507,768.4937202112445,672.5062797887555,650.7365258970657
2023-04-25,724.9,735.0,718.0,735.0,2.51,23019,16694990.5,46.76,15.71856287,725.231091157567,728.9078095225602,656.9622798681605,69.77325850279531,59.43091320465399,52.02250198673701,-1.4366088235154848,-6.118892336272127,4.6822835127566425,732.4226102894703,711.37,690.3173897105297,15.775451930090563,773.8263557902717,679.1736442097283,650.7365258970657
2023-04-26,735.0,736.0,724.0,724.0,-1.5,32344,23689485.5,46.76,15.48331908,720.3466367363505,728.6591486867463,656.1779811733682,60.830322223173326,53.05658076638453,48.51023053407658,-3.184607887684592,-7.289463214461288,4.104855326776696,732.0184625485332,711.295,690.5715374514667,15.639391033433958,776.9181731003018,683.0818268996982,650.7365258970657
2023-04-27,725.0,726.5,720.0,725.0,0.14,19375,13995842.8,46.76,15.50470488,718.5199551045258,728.8493180208992,655.4963528434522,62.32027659561501,53.7697625263644,48.822152492142415,-4.249368760312223,-8.315677046155463,4.06630828584324,732.2316352653016,711.355,690.4783647346984,16.04376781492662,771.3813034447799,675.1186965552201,650.7365258970657
2023-04-30,726.0,736.6,717.1,720.0,-0.69,15050,10875452.7,46.76,15.39777588,715.2799326567887,729.0064330421604,654.797823726301,57.7173680414983,50.692539864159336,47.19228916135215,-5.648400001225241,-9.332254117616271,3.683854116391032,730.8613464930596,710.855,690.8486535069404,17.10418646102958,778.1625593830888,675.5374406169112,650.7365258970657
2023-05-02,729.0,729.0,714.0,714.0,-0.83,18441,13206469.3,46.76,15.26946108,712.9198989851831,729.3740425540853,654.142525472294,51.382358870778,46.742414943836735,45.181104571850526,-6.842823148699949,-10.253217646714033,3.4103944980140817,729.8286701950099,710.005,690.1813298049901,16.493540512255088,770.9806215367653,672.0193784632347,650.7365258970657
2023-05-03,715.0,715.0,710.1,712.6,-0.2,14729,10489802.8,46.76,15.23952096,712.3798484777745,730.0015544950684,653.5409428137241,49.82311815357152,45.801660494750095,44.70941771742283,-7.656900356586675,-11.105816271217552,3.448915914630877,729.7847065113391,709.98,690.1752934886609,16.503933902505654,762.0618017075169,663.038198292483,650.7365258970657
2023-05-04,720.0,723.0,707.0,717.0,0.62,22581,16085319.3,46.76,15.33361848,712.2697727166618,730.7118220254794,652.9473844500429,54.72641766814517,48.29110175054026,45.90104922918661,-8.44204035128439,-11.96804524987527,3.5260048985908803,729.7847065113391,709.98,690.1752934886609,17.571037669450728,767.7131130083521,662.2868869916479,650.7365258970657
2023-05-07,717.0,723.0,709.2,714.9,-0.29,21718,15470632.2,46.76,15.2887083,709.9046590749927,731.271488230601,652.3036395701439,52.75382095227145,47.01478853499346,45.23223448420961,-9.769371175770855,-12.849546474522992,3.0801752987521347,729.306129246939,709.735,690.163870753061,17.74559741050081,769.3367922315025,662.8632077684975,650.7365258970657
2023-05-08,712.0,719.0,706.5,708.0,-0.97,27837,19722203.9,46.76,15.14114628,707.4069886124889,731.9397122400133,651.674530420095,45.86492796683582,42.69965401864328,43.00985729649487,-11.107609847376809,-13.619590299211026,2.5119804518342197,729.4249586197707,709.7900000000001,690.1550413802295,18.050663789445345,766.901991368336,658.598008631664,650.7365258970657
2023-05-09,708.2,720.0,700.1,711.9,0.55,20728,14742185.0,46.76,15.2245509,707.1104829187334,732.9168433518505,651.1084452986889,49.4904193247675,44.60628458133622,43.97817232914453,-11.951578335901218,-14.24758541216958,2.2960070762683635,730.0435929909432,710.215,690.3864070090568,18.66740421049483,766.0522126314844,654.0477873685155,650.7365258970657
2023-05-10,719.0,719.0,709.0,709.0,-0.41,17826,12671947.4,46.76,15.16253208,704.7157243781002,733.7746736927423,650.4974748996808,46.705927580161,42.84409760307065,43.06311779254384,-13.252038794550115,-14.821587181236673,1.569548386686554,730.7575308049384,710.57,690.3824691950617,18.53044912277204,769.5913473683161,658.4086526316839,650.7365258970657
2023-05-11,709.9,711.9,707.0,709.0,0.0,22977,16283908.3,46.76,15.16253208,702.5735865671502,734.7858848638747,649.9095098232957,46.705927580161,42.84409760307066,43.06311779254384,-14.423869579305006,-15.21397427790831,0.7901046986033045,733.7081578177531,711.6700000000001,689.631842182247,19.478276803080043,767.8848304092402,651.0151695907599,650.7365258970657
2023-05-14,717.0,717.0,699.0,699.0,-1.41,65044,45754704.9,46.76,14.94867408,699.3603798507253,735.8383699603594,649.315635550163,37.286355631810665,36.87322613401545,39.94582664155219,-15.709750041602206,-15.411500452559135,-0.2982495890430705,738.1628069652128,713.1700000000001,688.1771930347874,20.20919644786672,768.6275893436001,647.3724106563999,650.7365258970657
2023-05-15,699.1,706.0,693.1,694.6,-0.63,43687,30467469.3,46.76,14.85457656,699.540569776088,737.3419768975169,648.8162952039336,32.62916121140712,34.05872133185092,38.52411210429222,-16.104313831056402,-15.336938055298369,-0.7673757757580351,744.5255966784337,715.72,686.9144033215664,19.96577383096302,759.447321492889,639.6526785071109,650.7365258970657
2023-05-16,695.3,704.0,689.3,690.0,-0.66,72505,50146361.2,46.76,14.75620188,702.010854664132,739.0865473831299,648.3561574672897,27.635235032705896,31.07552140121184,37.02789784134617,-15.925676139326242,-15.145094111358858,-0.7805820279673839,756.8713021586992,719.74,682.6086978413008,20.406415367736688,757.86924610321,635.43075389679,650.7365258970657
2023-05-17,690.0,704.5,690.0,700.0,1.45,68132,47417924.5,46.76,14.97005988,708.016281996198,741.0900799293801,647.9376263865589,32.25545909042557,34.19866247402261,39.009289941118745,-14.997659650764035,-14.949948604367012,-0.0477110463970227,766.6046394073999,724.1400000000001,681.6753605926003,21.040461519707424,760.3713845591222,634.1286154408778,650.7365258970657
2023-05-18,700.0,709.5,698.1,708.5,1.21,96034,67671776.8,46.76,15.15183918,712.024422994297,742.7672260489466,647.4143864507455,36.91900511471151,37.14518632686551,40.7903945825351,-14.613207192260802,-14.938020842767756,0.3248136505069539,775.0084745334613,728.0400000000001,681.0715254665389,21.322735021897135,767.7682050656914,639.8317949343085,650.7365258970657
2023-05-21,712.0,715.0,705.0,708.0,-0.07,48741,34569973.3,46.76,15.14114628,713.7866344914455,744.1658883366587,646.8004606864314,36.43849139503008,36.84798245345784,40.63733621299836,-14.775404858792854,-15.019224255394494,0.2438193966016406,780.1839208587822,731.0250000000001,681.8660791412179,22.425261135441268,777.2757834063239,642.7242165936761,650.7365258970657
2023-05-22,708.0,709.9,700.0,705.9,-0.3,68416,48339819.3,46.76,15.0962361,716.6799517371683,745.6420470442774,646.1853899395613,34.577999219788005,35.66152744181513,40.01209276349554,-14.716603991584066,-15.080179104544904,0.363575112960838,782.9822818519747,733.575,684.1677181480254,23.80584570604585,776.3675371181376,633.5324628818624,650.7365258970657
2023-05-23,712.0,724.0,710.0,721.0,2.14,100970,72361213.4,46.76,15.41916168,722.0699276057525,747.2641714134317,645.5852431047831,42.53580730750776,40.776549187972186,43.14926262147944,-14.213674826650845,-15.171072882785111,0.9573980561342684,783.9713519212754,735.7800000000001,687.5886480787248,24.11760634005095,789.3528190201529,644.6471809798471,650.7365258970657
2023-05-24,725.0,759.0,717.1,733.5,1.73,37135,27137295.2,46.76,15.68648417,722.6048914086288,748.3361784098983,644.8273058495548,51.207592288063886,45.82944736016456,46.0165070339285,-14.902464513203086,-15.41042239681868,0.5079578836155942,785.3002444345766,737.2300000000001,689.1597555654237,24.18622926672328,810.6086878001698,665.4913121998301,650.7365258970657
2023-05-28,735.0,747.0,723.0,725.2,-1.13,57567,42269480.0,46.76,15.50898204,717.1573371129431,748.9417367123431,643.9361229937715,44.53336142059353,41.34824580212137,43.62876044265237,-16.837574774755808,-15.53741186772258,-1.3001629070332292,788.9772913222888,739.0050000000001,689.0327086777114,22.218032518581428,801.6540975557443,668.3459024442557,650.7365258970657
2023-05-30,721.7,725.0,700.0,715.0,-1.41,66387,47329158.1,46.76,15.29084688,713.1360056694147,749.9107871903979,643.1194006117994,34.78936905470885,35.234423003430614,40.525250162538654,-18.21747805732309,-15.21237114096427,-3.0051069163588213,795.7757777514478,742.095,688.4142222485523,21.13114724286825,775.8934417286048,649.1065582713952,650.7365258970657
2023-05-31,710.0,717.0,698.0,703.0,-1.68,86240,60669893.6,46.76,15.03421728,712.204008504122,751.3357172798019,642.3969825274959,20.11336729376796,26.91146963173754,36.58194072190171,-18.675209475329662,-14.461094411874566,-4.2141150634551,804.1492862042838,746.36,688.5707137957162,20.70127471429806,769.6038241428942,645.3961758571058,650.7365258970657
2023-06-01,710.0,716.0,698.5,713.5,1.49,64360,45575460.4,46.76,15.25876818,716.806012756183,753.3086036993857,641.7879069750084,24.38111153209732,30.048989334573108,38.73949366086359,-17.765983620126008,-13.407565646010791,-4.358417974115216,807.0704141983629,750.485,693.8995858016372,20.89030523810895,769.9209157143268,644.5790842856732,650.7365258970657
2023-06-04,710.0,735.0,710.0,712.6,-0.13,85849,62185019.0,46.76,15.23952096,718.4590191342745,754.9334446667076,641.0671824219934,23.138535584160408,29.39380975634108,38.44074047200392,-17.416157403191505,-12.317961152481988,-5.098196250709517,807.6683454786711,753.235,698.8016545213289,21.267005820121057,786.3010174603631,658.6989825396369,650.7365258970657
2023-06-05,724.9,724.9,712.0,712.1,-0.07,51968,37186706.1,46.76,15.22882806,721.3885287014118,756.6613403673896,640.3482596322647,22.50973232053168,29.05099819534498,38.28021086996838,-16.624689651348604,-11.043412089804608,-5.581277561543995,807.2549941577483,755.905,704.5550058422516,20.852228689023395,781.0066860670702,655.8933139329299,650.7365258970657
2023-06-06,716.0,720.0,713.1,716.0,0.55,20101,14378676.1,46.76,15.31223268,726.0327930521177,758.4801705864667,639.6271366134935,23.863295830290447,30.109839920693094,39.04258140354551,-15.321766234976849,-9.64809269941861,-5.673673535558239,806.3316315730957,758.8,711.2683684269042,21.73580965447044,781.7574289634113,651.3425710365887,650.7365258970657
2023-06-07,716.0,724.0,715.1,716.5,0.07,35488,25567987.7,46.76,15.32292558,731.0491895781764,760.2140551002,638.8595701472974,24.027951973055448,30.241056181146043,39.13851544917151,-13.832991020117332,-8.229674315529051,-5.603316704588282,804.9078222290241,761.47,718.032177770976,23.384232949411604,789.7026988482348,649.3973011517651,650.7365258970657
2023-06-08,715.0,721.9,714.5,719.0,0.35,28350,20355617.2,46.76,15.37639008,738.3237843672646,761.998302247147,638.0792643196321,24.788118167262684,30.86556527393568,39.60563979829395,-11.782474421949471,-6.828845139381981,-4.953629282567492,802.1809242074867,763.9449999999999,725.7090757925132,24.993592166012892,793.1807764980388,643.2192235019613,650.7365258970657
2023-06-11,721.0,735.0,716.2,731.0,1.67,97299,70586246.3,46.76,15.63301967,747.9856765508969,763.7533349919285,637.2659905942013,28.6562356035528,33.99458347439329,41.91060603641535,-9.248433608695905,-5.590437818740108,-3.657995789955797,801.1277240584948,767.4449999999999,733.7622759415051,25.93732462890322,803.4119738867097,647.7880261132904,650.7365258970657
2023-06-12,733.0,746.0,733.0,739.0,1.09,57704,42661573.5,46.76,15.80410607,756.4785148263453,765.0902058079255,636.3239402484144,31.57616013936862,36.2708082448837,43.53202938556087,-7.101371572743915,-4.67593887125116,-2.4254327014927552,800.7935318148936,770.3399999999999,739.8864681851062,26.28591625433692,818.3577487630107,660.6422512369893,650.7365258970657
2023-06-13,753.7,753.7,733.0,750.0,1.49,87057,65051043.2,46.76,16.03934987,765.217772239518,766.1551121674327,635.292020049906,36.06800543733244,39.66153637437536,45.87474786556079,-5.072192442161736,-4.0695806958779706,-1.0026117462837654,799.8103795353187,772.54,745.2696204646812,27.317684727041023,825.3030541811231,661.3969458188769,650.7365258970657
2023-06-14,735.0,784.0,735.0,775.0,3.33,142091,109270745.6,46.76,16.57399487,772.826658359277,766.8145045007973,634.1391760303071,50.61341322847363,49.40935837597763,51.97780891849043,-3.528444643605326,-3.818927759307029,0.2904831157017034,799.4209692486296,774.04,748.6590307513703,25.686316363378918,836.5589490901367,682.4410509098633,650.7365258970657
2023-06-15,775.0,778.0,760.0,778.0,0.39,54223,41639999.2,46.76,16.63815227,771.7399875389154,766.480402643687,632.7234893572448,52.88847691780251,50.800602959088856,52.78681533238706,-4.052192804086303,-3.8915485382324553,-0.1606442658538478,799.9953318994463,774.385,748.7746681005536,23.095907070421017,838.287721211263,699.712278788737,650.7365258970657
2023-06-18,785.0,786.0,769.0,778.0,0.0,44461,34656631.5,46.76,16.63815227,768.6099813083732,766.0102149964905,631.2634239236493,52.88847691780251,50.800602959088856,52.78681533238706,-4.967199469949833,-3.8513874717689935,-1.1158119981808392,802.1224952453924,775.175,748.2275047546075,23.662118967134464,848.4863569014034,706.5136430985966,650.7365258970657
2023-06-19,779.0,780.0,767.0,768.2,-1.26,54506,42092586.0,46.76,16.42857143,763.9149719625599,765.5208360167554,629.7886844655955,46.70529906543428,46.56245383637586,50.46575274568406,-6.062830531180225,-3.572434472223784,-2.490396058956441,805.974407777491,776.425,746.8755922225089,24.3134655190383,846.4403965571149,700.5596034428851,650.7365258970657
2023-06-20,775.0,778.0,755.0,759.0,-1.2,34384,26281730.4,46.76,16.23182207,761.7724579438398,765.4114823847863,628.3976159677622,40.150585315158665,42.22393506571152,48.16937690087288,-6.375249368878826,-2.949835457484673,-3.425413911394153,811.1894716866327,778.5149999999999,745.840528313367,24.681628354487,840.544885063461,692.455114936539,650.7365258970657
2023-06-21,764.0,771.0,750.0,750.0,-1.19,52004,39215589.4,46.76,16.03934987,763.1586869157596,765.673175543349,627.0850291935689,32.983296190746856,37.62364787397028,45.810084372882514,-5.744551239994053,-2.093481979636135,-3.6510692603579176,815.178122108667,781.0649999999998,746.9518778913326,24.31292039387445,833.4387611816234,687.5612388183766,650.7365258970657
2023-06-22,755.0,760.0,743.0,750.0,0.0,63239,47486343.6,46.76,16.03934987,769.7380303736394,766.3128969940979,625.8497028538058,32.983296190746856,37.62364787397028,45.81008437288252,-3.9396303374538775,-1.1807146645466555,-2.758915672907222,817.4722945545731,784.1149999999999,750.7577054454267,24.681022659860496,825.5430679795815,677.4569320204185,650.7365258970657
2023-06-25,750.0,770.0,740.0,769.0,2.53,89107,67460152.6,46.76,16.44568007,779.6070455604591,766.9787295244691,624.6019611739445,41.21657833570296,44.0010147721241,50.26134502955133,-1.5785912169396852,-0.49098574631985,-1.0876054706198353,821.1089680181977,787.7149999999999,754.3210319818021,24.534469622067217,828.6034088662017,681.3965911337983,650.7365258970657
2023-06-26,782.8,793.0,775.0,787.0,2.34,104175,81795086.9,46.76,16.83062447,784.9105683406887,766.8962286887332,623.1507246028283,52.1864990405312,51.711920425373705,55.13358050306629,-0.4766308672370769,-0.2190843786648911,-0.2575464885721857,823.3450699820677,789.7649999999999,756.1849300179321,22.038299580074685,850.114898740224,717.885101259776,650.7365258970657
2023-06-27,800.0,803.4,785.0,800.3,1.69,74430,59353368.7,46.76,17.1150556,783.8658525110329,766.0756665943958,621.503998216927,63.2415476324578,58.77935812044292,59.20456779748743,-0.8959232082750077,-0.1546977565218447,-0.741225451753163,823.7556749151439,790.1399999999999,756.5243250848558,21.675888422305214,859.2276652669157,729.1723347330844,650.7365258970657
2023-06-28,809.0,814.0,782.0,785.5,-1.85,100750,79687806.3,46.76,16.79854577,775.6487787665494,764.6787550268201,619.7070534753886,53.49758662730396,52.00092016965595,55.71107374470689,-2.772242913261266,0.030608606416446,-2.802851519677712,822.9215664996476,789.6299999999999,756.3384335003522,22.03987602478357,864.1196280743507,731.8803719256493,650.7365258970657
2023-07-02,780.0,795.4,766.0,768.5,-2.16,85825,66570866.6,46.76,16.43498717,770.7231681498241,763.8289082932209,618.0407927062971,36.241021589424406,41.791422241317946,51.09279957133722,-3.619876530705256,0.7313214863358741,-4.3511980170411295,822.8901751157823,789.555,756.2198248842176,19.43319558309286,838.9995867492786,722.4004132507215,650.7365258970657
2023-07-03,768.5,774.0,761.0,766.0,-0.33,37583,28834740.2,46.76,16.38152267,771.8347522247362,763.6382514888626,616.5286398691744,32.99049411971508,40.05015288413213,50.36206340726497,-2.9182034165236246,1.8191209905961567,-4.7373244071197815,822.4357298485268,789.9799999999999,757.524270151473,18.325772870103183,822.4773186103096,712.5226813896904,650.7365258970657
2023-07-04,770.0,779.0,761.0,770.0,0.52,48521,37274891.6,46.76,16.46706587,774.7521283371044,763.5418535904488,615.0264151442415,35.56953443906063,41.91293626912132,51.54501140469894,-1.725621319273273,3.003452092376102,-4.729073411649376,821.5847940785744,790.93,760.2752059214255,18.91752541122576,826.7525762336772,713.2474237663228,650.7365258970657
2023-07-05,770.1,780.0,766.0,769.4,-0.08,56329,43406162.9,46.76,16.45423439,777.1281925056567,763.278255777814,613.4688916783545,34.89087813751633,41.534173883190334,51.38056114178823,-0.5856256777751696,4.185720445288446,-4.771346123063616,821.0772755055006,791.3299999999999,761.5827244944993,19.019472679139728,830.0584180374192,715.9415819625808,650.7365258970657
2023-07-06,778.9,778.9,761.0,766.0,-0.44,37975,29212184.8,46.76,16.38152267,780.992288758485,763.0283886667044,611.9017448610515,31.24290811828515,39.4568935770124,50.46603082771532,0.9390324054137408,5.37855697605435,-4.439524570640609,820.4141885044819,791.81,763.205811495518,19.57719186571081,828.6815755971325,711.2184244028676,650.7365258970657
2023-07-09,778.9,789.9,772.3,789.0,3.0,43972,34319755.9,46.76,16.87339607,788.4884331377274,762.9070984082025,610.3530186787505,47.11670012529166,50.79290587542732,57.48848989286497,3.2175737056960543,6.488438118714502,-3.2708644130184474,819.0609118614681,792.9599999999999,766.8590881385318,18.64132429523423,837.0239728857026,725.1760271142972,650.7365258970657
2023-07-10,794.0,797.0,785.0,788.9,-0.01,61999,48997684.0,46.76,16.87125749,788.232649706591,761.8420820167006,608.5575716302957,47.012655168737325,50.73576371539748,57.46378446881801,3.7372017114280425,7.306154221969114,-3.568952510541071,819.2739460988143,792.41,765.5460539011856,18.7570269947047,847.2710809841141,734.7289190158859,650.7365258970657
2023-07-11,790.0,793.9,781.0,783.0,-0.75,37571,29557847.0,46.76,16.74508127,787.8989745598866,760.7376772010557,606.7450849130122,40.916309406286224,47.3886068637694,56.01600057233045,4.35625852294163,8.198392349604381,-3.842133826662751,819.6058067291112,791.7149999999999,763.8241932708886,19.28558554967189,845.3067566490157,729.5932433509844,650.7365258970657
2023-07-12,790.0,793.5,775.0,780.0,-0.38,49480,38696668.2,46.76,16.68092387,790.34846183983,759.8290109643641,604.9736787312335,37.67534676992874,45.64491787190556,55.27288518477104,5.683763638394339,9.15892580627007,-3.4751621678757303,820.3015651308722,791.0699999999999,761.8384348691277,19.88398394407988,843.9019518322397,724.5980481677603,650.7365258970657
2023-07-13,790.0,790.0,779.2,781.9,0.24,40669,31822025.3,46.76,16.72155689,795.5226927597449,759.0057052894401,603.2146202260197,38.87585798009252,46.55227402213386,55.846554339978205,7.600924514650046,10.027716348239002,-2.426791833588956,820.2609010934087,791.365,762.4690989065913,20.03775993786653,844.7132798135996,724.4867201864005,650.7365258970657
2023-07-16,790.0,796.0,782.0,793.8,1.52,48967,38720419.3,46.76,16.9760479,802.3340391396174,758.0712442808458,601.4187872634672,47.259645408876,52.63769928429425,59.56357262046254,9.743905494675914,10.63441430663624,-0.890508811960327,820.2662283730325,791.62,762.9737716269675,20.641955486518377,850.9258664595551,727.0741335404449,650.7365258970657
2023-07-17,798.0,807.0,789.0,803.0,1.16,55849,44687582.3,40.22,19.96519145,806.6010587094262,756.6129277208803,599.4853077384769,55.48210048574875,58.08899965467057,62.65879946039456,11.125762592895512,10.857041509626322,0.26872108326919,820.5983923777451,791.83,763.061607622255,20.602172762798197,859.8065182883946,736.1934817116054,650.7365258970657
2023-07-18,809.6,818.0,803.0,810.0,0.87,83521,67924379.1,40.22,20.13923421,808.4015880641393,754.7195778319366,597.4399339469038,62.881406484448135,62.67487470709441,65.1309836625478,11.790958196908264,10.789861238809024,1.0010969580992397,820.0410330100657,791.58,763.1189669899344,20.55796973644244,872.1739092093273,748.8260907906727,650.7365258970657
2023-07-19,810.0,817.0,800.0,810.0,0.0,181640,147082958.6,40.22,20.13923421,807.602382096209,752.4632340699749,595.3036518760184,62.88140648444814,62.67487470709442,65.1309836625478,11.755757557711265,10.539586999284214,1.2161705584270486,817.617000568042,790.33,763.042999431958,21.175521929380487,872.0265657881415,744.9734342118585,650.7365258970657
2023-07-20,817.0,818.0,806.2,811.0,0.12,67669,54854937.0,40.22,20.16409746,806.4035731443134,750.1147946442595,593.1458996335664,63.8424533717681,63.29033252222958,65.47107270551102,11.53983590466055,10.235544359677451,1.304291544983098,814.8991866641873,789.08,763.2608133358128,21.639468810422763,877.0184064312683,747.1815935687317,650.7365258970657
2023-07-23,820.0,825.1,808.0,822.0,1.36,136053,111285459.6,40.22,20.43759324,804.1053597164702,747.6296842215762,590.9564111876725,75.05918522668618,70.3462549906621,69.29184397760302,10.994571017971566,9.909471473431676,1.08509954453989,811.5493704201402,787.625,763.7006295798598,22.28829867824752,883.4148960347425,749.6851039652574,650.7365258970657
2023-07-24,825.0,825.0,806.1,810.0,-1.46,89524,72811500.2,40.22,20.13923421,795.1580395747053,744.5941611285793,588.6343650689556,69.93742866411526,66.57102552737668,67.29288630752184,9.01869371142709,9.638196587296704,-0.619502875869614,803.6918792036561,785.525,767.3581207963439,22.86477630916391,884.1443289274916,746.9556710725083,650.7365258970657
2023-07-25,809.9,815.0,793.0,794.5,-1.91,86821,69480231.7,40.22,19.7538538,787.737059362058,741.9245350521949,586.4095848183923,60.66243284404474,60.546626697998576,64.42101410865789,7.587392949816831,9.793072306264108,-2.205679356447277,798.4365179009786,783.975,769.5134820990214,22.016418121293235,870.0492543638798,737.9507456361202,650.7365258970657
2023-07-26,800.0,805.0,788.0,790.1,-0.55,68079,54116753.8,40.22,19.64445549,784.355589043087,739.7785977073864,584.3182238617933,57.34148722084855,58.578977027147886,63.548792133814246,7.228352443909785,10.344492145375929,-3.1161397014661425,796.9954387983796,783.35,769.7045612016204,21.696020134770265,861.5880604043108,731.4119395956892,650.7365258970657
2023-07-27,774.3,802.0,774.3,784.0,-0.77,61909,48818485.6,40.22,19.49278966,781.4833835646305,737.7246629199328,582.2500653076404,52.38820009865957,55.73716507400032,62.319372990160446,7.112946526277028,11.123527070742464,-4.010580544465435,799.0617637821073,783.845,768.6282362178928,21.773355705300293,853.4700671159009,722.8299328840991,650.7365258970657
2023-07-30,798.0,798.0,774.1,777.0,-0.89,74894,58389290.0,40.22,19.31874689,780.2250753469457,735.8358736513586,580.2224277730438,45.99133958690279,52.24602247342818,60.86528856968621,7.483276478297967,12.126172206858822,-4.642895728560855,800.2806379507641,784.37,768.4593620492359,21.114839672555878,849.3945190176676,722.7054809823323,650.7365258970657
2023-07-31,786.0,800.0,770.3,785.0,1.03,51397,40303176.7,40.22,19.51765291,781.8376130204185,734.1557052289651,578.2447637305619,53.26074601674152,57.01859021351914,63.55615600432246,8.559831777375052,13.286896138999037,-4.727064361623983,800.7341464929092,785.02,769.3058535070908,20.80537741395097,847.5661322418529,722.7338677581471,650.7365258970657
2023-08-01,770.0,794.0,770.0,778.0,-0.89,48045,37540129.8,40.22,19.34361014,780.2564195306278,732.0804278913718,576.1668216575022,46.70942589999378,53.5727494583502,62.15055715011665,8.99485571507148,14.46866222940503,-5.47380651433355,801.0295667239974,785.22,769.4104332760027,19.81708601550108,841.4512580465032,722.5487419534968,650.7365258970657
2023-08-02,790.0,790.0,774.2,779.0,0.13,34169,26611018.4,40.22,19.3684734,781.3846292959416,730.20615964204,574.1383475033062,47.55587462585213,54.14861243247384,62.481047444639984,10.13199745787574,15.83711385798842,-5.7051164001126775,801.1757590253427,785.6949999999999,770.2142409746572,19.3523177950012,840.1569533850036,724.0430466149965,650.7365258970657
2023-08-03,790.0,793.1,782.1,789.0,1.28,42059,33107873.6,40.22,19.61710592,782.5769439439125,728.2145743213069,572.0794364229374,56.68706946285968,60.15267918752861,65.8422083673861,11.334211137485909,17.26339295801659,-5.92918182053068,801.3492762985662,786.15,770.9507237014337,19.74701977222356,846.8410593166707,728.3589406833294,650.7365258970657
2023-08-06,800.0,812.0,774.0,778.0,-1.39,141442,111288329.7,40.22,19.34361014,779.3654159158688,725.7335365385031,569.8993302563338,46.67583415287213,55.06326632122392,63.78492401353125,11.685629890188466,18.74568841314926,-7.060058522960794,801.0492762985663,785.85,770.6507237014338,20.26335530247062,853.7900659074119,732.2099340925881,650.7365258970657
2023-08-07,770.0,786.0,770.0,775.0,-0.39,52929,41153680.4,40.22,19.26902039,780.0481238738032,723.6002114992583,567.8078662388095,43.51054389683617,53.561184546890686,63.20469865590945,13.084195208871506,20.510703043889457,-7.426507835017951,800.9346890766194,786.1,771.2653109233806,18.29261700274513,832.8778510082354,723.1221489917646,650.7365258970657
2023-08-08,775.0,784.0,770.1,770.1,-0.63,30614,23695943.8,40.22,19.14719045,782.5721858107048,721.5022609482077,565.7255332361846,38.18309851562299,51.08114563717678,62.25650851607754,14.984412103497904,22.367330002643943,-7.382917899146044,800.640595806452,786.29,771.939404193548,18.54735222527237,832.6920566758171,721.4079433241828,650.7365258970657
2023-08-09,771.0,785.9,770.0,785.9,2.05,32720,25402527.8,40.22,19.54002984,788.8082787160572,719.5186797624202,563.6715184948397,52.32774585743648,60.80378826455615,67.6531468385463,17.6907338547702,24.21305947743046,-6.522325622660258,799.9054562375467,786.535,773.1645437624533,18.85261358363597,834.5078407509079,721.3921592490922,650.7365258970657
2023-08-10,786.0,790.0,772.3,787.0,0.14,65038,50827014.5,40.22,19.56737941,790.2624180740858,716.8092381200701,561.4380664194109,53.55549045742354,61.56128768360399,68.04738332268904,19.2789374885067,25.843640883095524,-6.564703394588825,799.9104645129551,786.24,772.569535487045,19.058459537373302,838.3253786121198,723.9746213878801,650.7365258970657
2023-08-13,789.0,800.0,782.0,798.0,1.4,51617,41059338.7,40.22,19.84087519,791.8936271111287,713.9443090637463,559.1711123130733,67.6681057402067,69.61444845552897,72.07968408899819,20.913641944824803,27.484816731742733,-6.571174786917929,801.4123150749504,786.795,772.1776849250496,18.320510597081444,845.9615317912443,736.0384682087557,650.7365258970657
2023-08-14,798.0,806.0,796.0,798.0,0.0,69704,55757861.2,40.22,19.84087519,788.8404406666931,710.513464535736,556.7708219845615,67.6681057402067,69.61444845552897,72.07968408899816,21.575920840782373,29.127610428472217,-7.551689587689843,800.4757300059829,786.52,772.5642699940171,18.35612288564605,856.0683686569381,745.9316313430619,650.7365258970657
2023-08-15,799.0,799.0,784.1,785.0,-1.63,29917,23639455.5,40.22,19.51765291,784.2606610000396,706.9425855371946,554.3464081351601,57.11582994425503,64.94097465109364,70.15335661605448,22.10739796484779,31.01553282539468,-8.908134860546888,806.9345139365788,787.5699999999999,768.2054860634211,18.062358761828943,845.7370762854868,737.3629237145132,650.7365258970657
2023-08-16,785.0,785.0,773.0,785.0,0.0,31107,24231455.7,40.22,19.51765291,783.8909915000594,703.7565686203454,552.0282815837547,57.11582994425501,64.94097465109365,70.15335661605448,23.78783025098437,33.2425665405314,-9.454736289547029,811.4913684496534,789.02,766.5486315503466,18.41373195758772,834.2411958727631,723.7588041272369,650.7365258970657
2023-08-17,785.0,797.0,778.0,781.9,-0.39,27752,21774315.3,40.22,19.44057683,783.3364872500891,700.4405101966861,549.6868572780638,54.30594883912552,63.79604805639711,69.6938396885192,25.586668110729875,35.60625061291816,-10.019582502188284,813.6096193428708,790.0649999999999,766.5203806571291,19.126368841764133,844.8791065252924,730.1208934747076,650.7365258970657
2023-08-20,776.1,790.0,776.1,780.0,-0.24,34292,26785787.9,40.22,19.39333665,784.0547308751337,697.1156330618569,547.3530568486976,52.614431659525415,63.11041974505163,69.41679350293022,27.82610598828535,38.11114623846523,-10.285040250179884,815.3092175049396,791.22,767.1307824950604,19.14040982418237,840.4712294725471,725.6287705274528,650.7365258970657
2023-08-21,772.0,790.0,772.0,779.0,-0.13,26580,20708405.0,40.22,19.3684734,786.0820963127006,693.7325976766266,545.0148966160212,51.77932115604783,62.76580292439958,69.27487712465484,30.4731542467174,40.68240630101021,-10.209252054292804,816.0218990838977,792.22,768.4181009161024,19.722677582424858,840.1680327472745,721.8319672527255,650.7365258970657
2023-08-22,778.5,787.0,777.1,782.0,0.39,11727,9157323.3,40.22,19.44306315,789.623144469051,690.2522955409787,542.6632875367853,54.33277783300847,64.44284529940755,70.21321850999581,33.5103226893458,43.23471931458341,-9.72439662523761,816.2047655391981,793.12,770.0352344608019,19.91408620269429,841.7922586080829,722.307741391917,650.7365258970657
2023-08-23,780.1,805.8,780.0,800.0,2.3,48779,38794288.5,40.22,19.89060169,793.4347167035764,686.5074912773451,540.2578934416777,73.72245985629591,75.71385652374481,76.15484176325317,36.59397662609183,45.66581847089281,-9.07184184480098,816.1461270528195,793.62,771.0938729471806,19.58231800299366,851.646954008981,734.153045991019,650.7365258970657
2023-08-24,800.0,807.1,794.0,794.5,-0.69,64412,51581791.7,40.22,19.7538538,790.1520750553647,681.8751439825429,537.6474200089307,70.90207438494413,74.44574668646592,75.54787594044235,38.16483708170461,47.933778932093055,-9.768941850388453,815.4782411258885,793.05,770.6217588741114,18.891464447770737,857.2243933433122,743.8756066566878,650.7365258970657
2023-08-27,789.0,794.0,782.5,790.0,-0.57,22697,17912807.9,40.22,19.64196917,787.978112583047,677.2782110838712,535.0659870441963,68.43841990066093,73.39013009538432,75.04902287651832,40.1747013420437,50.376014394690166,-10.201313052646462,815.6186184224563,792.1949999999999,768.7713815775436,19.09051605307859,845.5215481592357,730.9784518407643,650.7365258970657
2023-08-28,805.0,805.0,788.0,789.0,-0.13,23084,18245309.9,40.22,19.61710592,786.9671688745706,672.6773217403556,532.5038361602184,67.90159055669544,73.16135624565024,74.93995506017774,42.61384152390133,52.92634265785178,-10.312501133950455,817.2007784116377,790.9449999999999,764.6892215883622,19.93390672564288,856.3017201769286,736.6982798230714,650.7365258970657
2023-08-29,790.0,795.9,786.0,787.5,-0.19,18161,14329578.7,40.22,19.57981104,785.9507533118559,667.9294573215947,529.9259852673563,67.15675165629594,72.83607219279897,74.78121162669909,45.20905184294293,55.5044679413394,-10.295416098396473,818.8009493516895,789.5699999999999,760.3390506483104,20.204340806269865,851.5630224188096,730.3369775811905,650.7365258970657
2023-08-30,792.0,799.0,787.2,788.1,0.08,33034,26070853.2,40.22,19.59472899,785.1761299677839,663.0490270081904,527.3373017022041,67.71544570856422,73.16544179400552,74.96355724646133,48.0166249869859,58.078321965938514,-10.061696978952613,877.7085519289087,778.845,679.9814480710913,21.34926756252208,857.1478026875662,729.0521973124338,650.7365258970657
2023-09-03,788.0,790.0,781.5,783.0,-0.65,23300,18276510.6,40.22,19.4679264,783.714194951676,657.9449056615858,524.7165710660453,65.55003885853296,72.17221155867708,74.45528779176884,50.840594709208176,60.59374621067667,-9.753151501468494,902.612228593285,767.8399999999999,633.0677714067149,21.94363062502453,851.5808918750736,719.9191081249264,650.7365258970657
2023-09-04,783.1,787.2,775.0,783.0,0.0,34063,26480999.3,40.22,19.4679264,784.071292427514,652.8406160967526,522.1207577099251,65.55003885853297,72.17221155867708,74.45528779176884,54.22478014071066,63.032034086043794,-8.80725394533313,918.354846423968,756.79,595.2251535760319,23.437367361138364,851.4121020834151,710.7878979165849,650.7365258970657
2023-09-05,785.0,785.0,778.0,778.8,-0.54,14746,11498146.9,40.22,19.36350075,784.606938641271,647.5279881823343,519.4988557773615,63.97791171184078,71.42108882227362,74.05553856916424,57.75550728941812,65.23384757237707,-7.478340282958953,929.6261308795677,745.0899999999999,560.5538691204322,24.68596373459817,855.5578912037945,707.4421087962055,650.7365258970657
2023-09-07,779.0,779.0,773.1,775.0,-0.49,29986,23246769.9,40.22,19.26902039,787.5104079619065,642.1699468836541,516.8928141268827,62.60548678138657,70.75797312292265,73.69803502800013,61.849555289558566,67.1034326431168,-5.253877353558238,937.0152870881824,733.245,529.4747129118177,26.317737482886866,855.0032124486605,697.0967875513394,650.7365258970657
2023-09-10,780.0,790.0,775.0,780.0,0.65,27417,21349718.3,40.22,19.39333665,793.7656119428597,636.7483120625787,514.2987720578062,65.52535309282126,72.82245302704142,75.00352947717201,66.56232847825345,68.41690198150636,-1.854573503252908,941.2575920469216,721.295,501.3324079530782,28.47526386987429,867.9257916096228,697.0742083903772,650.7365258970657
2023-09-11,780.0,805.0,778.0,798.1,2.32,49803,39696687.3,40.22,19.84336151,800.6484179142894,630.9013043916636,511.62840795788463,77.0953989073802,80.74115747484146,79.92363180078871,71.1002705703221,68.88054535731958,2.219725213002519,941.4997308617328,709.045,476.5902691382671,29.072515410971427,878.7175462329143,704.2824537670857,650.7365258970657
2023-09-12,800.0,804.0,792.0,792.5,-0.7,22370,17822263.0,40.22,19.7041273,801.9226268714341,624.0768678362214,508.7492964800744,75.92637291569756,80.12010590316603,79.52469556346983,74.01523999590324,68.32561405406895,5.689625941834294,936.6788453850114,695.6899999999999,454.70115461498847,29.302794901079363,885.9083847032381,710.0916152967619,650.7365258970657
2023-09-13,802.0,824.0,797.9,819.0,3.34,97903,79325347.5,40.22,20.36300348,806.6339403071512,617.2024542785161,505.89753061555257,96.68300573062778,93.34746610745934,87.41579121979454,77.22939748097724,66.90320756861037,10.326189912366871,930.734467097294,681.8149999999999,432.8955329027059,29.55866100119929,899.6259830035979,722.2740169964022,650.7365258970657
2023-09-17,835.3,852.0,803.1,814.0,-0.61,337149,275473072.9,40.22,20.23868722,800.4509104607268,608.9658197592719,502.7507721292767,96.52361474499016,93.1493109557252,87.18547033136947,77.51031270765748,64.32166009051865,13.188652617138828,917.1361489131432,666.725,416.3138510868569,29.942956667999216,917.3788700039976,737.7211299960023,650.7365258970657
2023-09-18,818.0,818.0,799.0,805.9,-1.0,53973,43403027.7,40.22,20.03729488,793.6763656910903,600.59707770863,499.62263918585234,96.26517980732746,92.82795092848929,86.8100330760486,77.25053086669061,61.024496936233945,16.226033930456666,899.7448199091815,652.925,406.1051800908184,27.836618519999128,892.0098555599974,724.9901444400026,650.7365258970657
2023-09-19,806.0,806.0,796.6,805.0,-0.11,48207,38554693.3,40.22,20.01491795,787.5645485366355,592.2173665946965,496.5444747555594,96.2375550514806,92.79307059120733,86.76868393782196,76.62003795888654,56.96798845361978,19.65204950526676,880.5551119185798,639.755,398.9548880814202,28.81846502222125,887.7553950666637,714.8446049333362,650.7365258970657
2023-09-21,819.0,819.0,799.0,800.0,-0.62,118792,95659559.0,40.22,19.89060169,778.8468228049531,583.532361149582,493.4444192254645,96.09491747927072,92.6076041014523,86.54370230170251,74.79246282261465,52.054976077303095,22.73748674531156,858.6515763072186,626.1850000000001,393.7184236927815,30.97607224691251,901.9282167407376,716.0717832592625,650.7365258970657
2023-09-24,807.0,813.0,795.0,797.0,-0.38,109470,87551009.0,40.22,19.81601193,768.2702342074298,574.6969473189528,490.3634586146652,96.0143307048485,92.50007182109825,86.4106058103488,71.88101291671683,46.37060439097521,25.510408525741617,834.1780325770941,612.9950000000001,391.81196742290615,31.973413607680563,899.9202408230417,708.0797591769583,650.7365258970657
2023-09-25,800.0,807.8,791.0,792.0,-0.63,58347,46348829.4,40.22,19.69169567,753.9053513111447,565.6233533319712,487.2816843293854,95.88863637892727,92.32734353731476,86.19208688881835,67.42485666712776,39.99300225953981,27.43185440758795,806.5631236624763,599.6450000000001,392.7268763375239,33.19268178631174,898.9780453589352,699.8219546410647,650.7365258970657
2023-09-26,800.0,800.0,782.0,788.6,-0.43,106020,83466224.5,40.22,19.60716062,734.8580269667171,556.3834902026639,484.2191886945049,95.80874219261412,92.21411958473271,86.04560630259941,61.26554659340309,33.135038657642816,28.13050793576027,775.4859058409531,586.5450000000001,397.604094159047,34.74742420701305,895.2422726210391,686.7577273789609,650.7365258970657
2023-09-27,800.0,800.0,769.3,777.4,-1.42,79635,61930826.8,40.22,19.32869219,707.9870404500757,546.9052653129767,481.1600850632938,95.55586904141984,91.84606323047014,85.56121883670929,52.85907378521768,26.102411673702747,26.756662111514927,739.5494860022706,573.085,406.6205139977295,36.09713800779227,892.9414140233768,676.3585859766232,650.7365258970657
2023-10-01,780.0,790.0,758.6,765.0,-1.6,122313,93553851.3,40.22,19.02038787,673.2805606751136,537.4973169584043,478.1827994860405,95.27533847660126,91.42954960244222,85.00810654778218,42.50086196407608,19.41324614582401,23.087615818252065,699.3962995015747,559.2650000000001,419.1337004984255,36.2190422308803,882.9571266926408,665.6428733073591,650.7365258970657
2023-10-02,765.0,766.0,756.0,761.5,-0.46,285352,216809141.3,40.22,18.93336648,627.4208410126704,528.2114931607882,475.300214556252,95.19930741200665,91.31324928207307,84.85085735650924,29.92436815652343,13.641342191261,16.28302596526243,651.788476848548,545.9150000000001,440.04152315145205,36.754491367644775,871.2634741029343,650.7365258970657,650.7365258970657
2023-10-03,600.0,601.0,573.0,573.0,-2.93,91760,53028691.0,40.22,14.24664346,560.3812615190055,518.6895132898,472.42383480304846,79.09188653892126,72.96925482228141,66.9009685751692,13.793288887152356,9.570585699945394,4.222703187206964,572.9286798098374,533.115,493.3013201901626,19.393879297383087,645.1816378921493,528.8183621078507,0.0
2023-10-04,573.0,573.0,566.1,568.0,-0.87,55162,31343038.8,40.22,14.1223272,554.0718922785084,516.4727587302,471.4130190724258,77.29576774193737,71.48616969829152,65.87123673711488,12.196263508614608,8.514909903143653,3.681353605470953,567.0695891119445,529.59,492.1104108880556,17.88208810820343,623.1962643246102,515.9037356753897,0.0
2023-10-05,567.0,567.0,559.0,562.0,-1.06,38826,21871719.5,40.22,13.97314769,547.1078384177625,514.3696060253102,470.442295646018,75.00545860322968,69.62940020522555,64.60261389223787,10.489569101701022,7.594571501775916,2.894997599925106,561.4530721853268,526.155,490.8569278146731,18.64676456467048,618.9402936940114,507.0597063059886,0.0
2023-10-08,562.0,573.0,548.1,549.0,-2.31,81362,44984256.5,40.22,13.64992541,539.6617576266437,512.4255083120576,469.5221177128122,68.97864726547441,65.05062571303726,61.636457726912674,8.769539962670251,6.87082210179464,1.8987178608756112,556.0301103106598,523.0550000000001,490.0798896893404,18.718627294078303,616.7058818822348,504.39411811776506,0.0
2023-10-09,555.0,558.0,541.0,541.9,-1.29,40407,21981800.3,40.22,13.47339632,534.9926364399656,510.9326719166313,468.7233450265088,64.86588167347924,62.15722074193853,59.87350666354448,7.770236734850414,6.396142636575737,1.3740940982746768,553.2333500194343,520.355,487.4766499805657,17.34291921564256,601.5287576469277,497.47124235307234,0.0
2023-10-10,542.9,544.0,535.3,536.0,-1.09,56229,30299574.8,40.22,13.32670313,531.5389546599484,509.6686993418,467.987901257931,61.05168542140025,59.57477475725396,58.34651087734522,7.104649898835305,6.052619112007068,1.0520307868282377,550.8528983114086,518.1600000000001,485.4671016885916,16.8254657951584,590.1263973854752,489.1736026145248,0.0
2023-10-11,536.3,542.9,531.0,535.0,-0.19,66243,35453588.7,40.22,13.30183988,529.3084319899227,508.5939523761591,467.3043625771062,60.40406574415831,59.13588685995301,58.08698855570877,6.752505975065674,5.789611415300008,0.9628945597656652,548.7319380827485,516.5600000000001,484.3880619172516,17.694961994620446,590.0348859838614,483.8651140161387,0.0
2023-10-12,538.0,538.0,529.0,531.0,-0.75,47891,25427259.2,40.22,13.20238687,526.462647984884,507.5161545139615,466.624004412052,57.91603655959254,57.41879136443438,57.05963412943839,6.30664218908953,5.548887775358592,0.7577544137309378,546.7672310420675,515.71,484.6527689579326,18.338846660689384,588.5165399820681,478.4834600179319,0.0
2023-10-16,536.0,541.0,510.0,515.0,-3.01,66053,34335641.9,40.22,12.80457484,524.1939719773261,506.5576302084089,465.9770094815199,45.80894055033415,49.543969049949695,52.59793913273197,6.053097615875004,5.359449171925857,0.6936484439491464,545.0758817813055,514.8100000000001,484.5441182186946,17.820940734099317,578.962822202298,472.0371777977021,0.0
2023-10-17,516.0,528.0,515.0,517.2,0.43,57459,29814554.8,40.22,12.85927399,528.7909579659892,506.2130436863032,465.4843161094748,47.47837501046524,50.74211396811823,53.32937211437879,7.27052839528676,5.18603706093857,2.08449133434819,544.9210474909802,514.61,484.29895250901984,16.35660081566591,570.5698024469978,472.43019755300224,0.0
2023-10-18,520.0,539.0,520.0,538.0,4.02,31104,16537236.3,27.09,19.85972684,534.5864369489838,505.7645964898257,464.9645604924846,68.43946509217484,64.4190510135286,61.03273852709925,8.494659631622653,4.664914227351523,3.8297454042711294,544.5689085931846,514.15,483.7310914068153,15.6184453507399,576.3553360522197,482.6446639477803,0.0
2023-10-19,538.0,546.0,532.0,542.5,0.84,45018,24315475.1,27.09,20.02583979,532.8796554234757,504.4488657343084,464.2305359748212,74.7891675268272,68.10692487869993,62.920408334501445,7.815719360449634,3.7074778762837406,4.108241484165894,541.1835445460865,512.25,483.3164554539135,14.85382816748878,583.5614845024663,494.4385154975337,0.0
2023-10-29,541.0,542.0,531.1,533.6,-1.64,28904,15451365.2,27.09,19.69730528,528.0694831352135,502.8957582132597,463.44390819567366,69.87569173732574,64.35983363995432,60.60712077180847,6.377279678182163,2.680417505242267,3.696862172939896,536.0047517309245,510.025,484.0452482690754,14.94869796387642,581.3960938916292,491.7039061083707,0.0
2023-10-30,543.9,543.9,530.2,536.2,0.49,16196,8647938.5,27.09,19.79328165,525.3042247028203,501.64252385461725,462.73882184588143,73.60058397544937,66.47857644679,61.68641229628473,5.354728961132764,1.7562019620072926,3.598526999125472,532.3678339257192,508.195,484.02216607428073,15.398553293196024,583.2456598795881,490.8543401204119,0.0
2023-10-31,535.1,543.0,529.0,530.0,-1.16,21230,11297586.6,27.09,19.56441491,519.8563370542304,500.2320146241935,462.0005185478501,70.23763000325486,63.84290994215581,60.058116783728686,3.706968170118671,0.8565702122259247,2.8503979578927465,527.0865989507098,506.3299999999999,485.57340104929006,15.565059214662252,582.6951776439868,489.3048223560132,0.0
2023-11-01,539.7,539.7,527.0,530.0,0.0,14536,7690633.8,27.09,19.56441491,514.7845055813456,499.0169948129361,461.31710667395913,70.23763000325486,63.8429099421558,60.058116783728686,2.181179405295268,0.1439707227527381,2.0372086825425297,522.7752305242897,504.61,486.4447694757103,15.738954682958058,580.5668640488742,486.1331359511258,0.0
2023-11-02,527.0,530.0,519.3,519.4,-2.0,26372,13755258.7,27.09,19.17312661,507.1767583720184,497.7523823563212,460.626826339024,64.051543612104,59.10257810588648,57.19151826849789,0.201991863207354,-0.3653314478828943,0.5673233110902485,517.1480893522748,502.985,488.8219106477251,15.23217186995339,570.3465156098601,478.9534843901398,0.0
2023-11-05,520.0,520.0,499.9,501.0,-3.54,60499,30380210.8,27.09,18.49390919,501.0651375580276,496.868806125967,460.0361411766021,47.079632063195234,48.144404581750656,51.3762466484859,-1.2478364812497489,-0.5071622756554565,-0.7406742055942924,518.538743015345,503.215,487.8912569846549,13.7024131888371,551.0572395665113,468.8427604334887,0.0
2023-11-06,504.0,505.9,497.6,498.0,-0.6,42864,21460342.3,27.09,18.38316722,501.09770633704136,496.7001859678432,459.62444410300014,43.19271325379815,45.95189520239534,50.3199227471228,-1.2067397648113456,-0.3219937242568833,-0.8847460405544623,519.2157577764764,503.66,488.1042422235236,12.780459098707889,540.0913772961237,463.4086227038764,0.0
2023-11-07,499.9,505.5,499.0,505.5,1.51,28094,14091561.7,27.09,18.66002215,502.6465595055621,496.6471323338776,459.2387601241358,51.61768894556512,50.95306338539777,53.08785224667202,-0.8312782865236272,-0.1008072141182677,-0.7304710724053595,519.8219279011453,504.25999999999993,488.6980720988546,13.278287887453212,542.0848636623597,462.4151363376404,0.0
2023-11-08,505.0,509.8,502.0,502.5,-0.59,15773,7951356.1,27.09,18.54928018,501.21983925834303,496.2857907964848,458.77382303995626,48.01217403750322,48.88684595648333,52.07556614530463,-1.103597951886968,0.081810553983072,-1.18540850587004,520.241049631822,504.485,488.728950368178,14.031430986059126,547.9942929581773,463.8057070418226,0.0
2023-11-09,512.5,512.5,498.0,499.3,-0.64,23830,11917008.5,27.09,18.43115541,500.5797588875145,496.03214960450464,458.3343639750312,44.05957609187503,46.6612249529119,50.9926900195747,-1.1296699909232757,0.3781626804505821,-1.507832671373858,520.4669129549874,504.7049999999999,488.9430870450125,14.423812206732364,548.521436620197,461.9785633798029,0.0
2023-11-20,508.0,508.0,499.0,500.0,0.14,23771,11908204.4,27.09,18.4569952,501.21963833127177,495.8987679557089,457.9226490401069,44.720703481936624,47.077611151517246,51.23580664591179,-0.8206976481525317,0.7551208482940467,-1.5758184964465785,520.4524263765345,504.79,489.1275736234654,14.415346896369297,546.7460406891079,460.2539593108921,0.0
2023-11-21,501.0,501.0,495.0,495.0,-1.0,13252,6577144.5,27.09,18.27242525,501.8294574969077,495.7313707294113,457.4997610907613,38.89955538967198,43.74822880104888,49.587695541893474,-0.485671892133837,1.1490754724056913,-1.6347473645395283,521.6434654655566,505.54,489.43653453444335,14.57260766263255,541.7178229878976,454.2821770121024,0.0
2023-11-22,496.0,499.9,490.1,498.0,0.61,11581,5733566.1,27.09,18.38316722,505.2441862453615,495.7612225959179,457.1228742675528,41.214241919959605,45.337311743058265,50.572204817887545,0.4580980276155628,1.5577623135405734,-1.0996642859250103,525.8510236786746,507.29,488.7289763213254,15.525119625147278,541.5753588754418,448.42464112455815,0.0
2023-11-23,498.0,505.0,498.0,504.0,1.2,25084,12547218.2,27.09,18.60465116,508.86627936804217,495.6698439263635,456.7120488833071,46.08986916730793,48.61689468525775,52.57639015082853,1.3505738447850035,1.832678385021826,-0.4821045402368225,533.9210543428492,509.64,485.3589456571508,15.705688472385868,548.6170654171576,454.3829345828424,0.0
2023-11-26,506.0,518.0,502.0,518.0,2.78,31405,16095060.1,27.09,19.12144703,511.2994190520633,495.329837556011,456.2367930931896,61.07547456202514,57.65289100703412,57.698365968673706,1.8591437227752865,1.9532045200810315,-0.0940607973057452,537.0277201770454,511.04,485.0522798229546,15.228542747095409,555.6856282412862,464.3143717587138,0.0
2023-11-27,520.0,527.8,510.0,513.0,-0.97,19627,10126142.2,27.09,18.93687708,507.9491285780949,494.4045248031951,455.6160573453824,56.59529900663826,54.87126133483694,56.23662378558496,1.0557671856243471,1.976719719407468,-0.9209525337831206,538.4138088108176,511.54,484.6661911891824,15.142825274550455,564.3284758236514,473.4715241763486,0.0
2023-11-28,508.1,514.0,508.1,511.0,-0.39,8467,4319655.4,27.09,18.8630491,505.4236928671424,493.6455258155704,455.0393343036274,54.74320525333608,53.74268411310135,55.64810951680597,0.5241008827789528,2.206957852853248,-1.6828569700742952,539.0119394586801,511.89,484.7680605413199,14.8475836383894,555.5927509151682,466.5072490848318,0.0
2023-11-29,514.0,514.0,508.0,508.0,-0.59,8435,4293812.8,27.09,18.75230712,502.6355393007136,492.93717993049165,454.47691555291016,52.0130450814137,52.07327645686887,54.77229277640262,0.0415144252158938,2.627672095371822,-2.586157670155928,539.0588790328909,511.94,484.821120967109,15.830648487099335,558.491945461298,463.508054538702,0.0
2023-11-30,516.0,516.2,499.0,500.0,-1.57,42251,21304627.1,27.09,18.4569952,499.9533089510704,492.3223709480628,453.9389951062057,44.00622021639055,47.37001327486752,52.36419229445789,-0.269590681349598,3.274211512910804,-3.543802194260402,539.3043387433197,512.2349999999999,485.16566125668,16.034053874554818,555.7021616236644,459.4978383763356,0.0
2023-12-03,500.0,505.0,491.5,498.0,-0.4,16859,8404941.4,27.09,18.38316722,499.9299634266056,492.008998333698,453.4760704339063,41.85009678304821,46.143087415345946,51.74759697922854,0.151792847090121,4.160162061475904,-4.008369214385783,539.2426460392138,512.7299999999999,486.21735396078606,15.793393193949791,545.6301795818493,450.86982041815065,0.0
2023-12-04,495.1,502.0,495.1,497.0,-0.2,15691,7826379.8,27.09,18.34625323,500.8949451399084,491.7644676534408,453.0285937548501,40.83759182156898,45.55378520136897,51.4459259528156,0.8910599274318542,5.16225436507235,-4.271194437640496,539.1730400967037,513.535,487.89695990329625,16.048214659944215,546.6946439798327,450.40535602016735,0.0
2023-12-05,497.0,500.1,495.0,498.9,0.38,19564,9725129.4,27.09,18.41638981,502.8424177098627,491.550772455622,452.5866700739943,42.07488371252401,46.4505033541364,52.03935858416507,1.9234908564872055,6.230052974482474,-4.306562117995268,538.7674081760995,514.2299999999999,489.6925918239004,17.064682955493577,548.7440488664807,446.3559511335193,0.0
2023-12-06,497.0,500.0,495.0,495.6,-0.66,12300,6101174.9,27.09,18.29457364,504.8136265647941,491.2508039844229,452.12120947172286,39.23244148125006,44.69470824413613,51.09883163809299,3.0198155571143843,7.3066935039812915,-4.286877946866907,538.7599485218683,514.2349999999999,489.7100514781315,18.39409217277064,552.6822765183119,442.31772348168806,0.0
2023-12-07,505.0,505.0,491.0,497.5,0.38,22557,11192020.7,27.09,18.36471023,509.4204398471911,491.07328577970543,451.6842367025944,40.24309727437085,45.49217039009043,51.65877129431436,4.711199948720491,8.378412990698019,-3.667213041977528,538.1553382954373,514.655,491.1546617045626,19.882324636411823,557.6469739092355,438.3530260907645,0.0
2023-12-10,505.0,530.0,505.0,524.0,5.33,6616,3473867.0,27.09,19.34293097,515.3806597707866,490.8109709135709,451.2237767699572,59.12647450235147,59.16369094636633,60.54151296670195,6.60804039111639,9.2952162511924,-2.6871758600760103,537.5849415496992,515.1299999999999,492.6750584503005,18.42480515156869,572.7744154547061,462.22558454529394,0.0
2023-12-11,525.0,529.9,505.0,509.9,-2.69,93195,47730487.2,27.09,18.82244371,511.0709896561799,489.45631666514527,450.492357441012,47.46830377409148,52.04302717423966,56.74213487756587,6.234799786449059,9.967010216211404,-3.7322104297623433,536.9608924356954,514.8299999999999,492.6991075643045,17.694227946187436,570.5326838385623,464.36731616143777,0.0
2023-12-12,509.0,517.8,504.0,510.0,0.02,62527,31934610.9,27.09,18.82613511,511.65648448426987,488.6218806106614,449.89529570675086,47.55381083974085,52.10285893113015,56.77935816142299,7.103357417779876,10.90006282365199,-3.796705405872114,537.0156620050388,514.9799999999999,492.94433799496096,16.893586606874933,561.5807598206247,460.2192401793752,0.0
2023-12-13,514.0,520.0,505.1,510.0,0.0,57588,29458286.65,27.09,18.82613511,512.4847267264048,487.7493043090557,449.2912283269192,47.55381083974085,52.10285893113015,56.779358161423,8.098449413874391,11.84923917512002,-3.750789761245628,537.0275783114092,515.04,493.0524216885906,17.237318452083265,564.2619553562497,460.83804464375015,0.0
2023-12-14,508.0,511.8,501.6,506.9,-0.61,40832,20698886.8,27.09,18.71170173,513.7270900896071,486.84111264820086,448.68108991814455,45.132969103559056,50.58431863627269,55.95385047557417,9.25075302468781,12.786936615431426,-3.536183590743615,537.1130336259091,515.24,493.36696637409096,17.497020502314744,559.1910615069443,454.2089384930558,0.0
2023-12-17,500.0,507.0,497.0,501.0,-1.16,76166,38290459.2,27.09,18.49390919,517.1406351344107,486.0223825522091,448.095975243955,40.4855402256963,47.65120382928743,54.361180236498775,10.902591407585078,13.670982513117329,-2.7683911055322508,537.0903212525347,515.495,493.8996787474653,18.241133891460823,556.7234016743824,447.2765983256176,0.0
2023-12-18,504.5,519.0,501.0,515.0,2.79,139478,71178255.1,27.09,19.01070506,525.210952701616,485.4110512278094,447.5642765026882,49.29199700695288,54.82091945077179,59.24080130043367,13.453081977645525,14.363080289500392,-0.9099983118548672,536.6828305746475,515.895,495.1071694253525,18.26792654606758,564.8037796382027,455.19622036179726,0.0
2023-12-19,524.0,532.0,518.0,530.0,2.91,107626,56310040.0,27.09,19.56441491,530.3164290524239,484.2033390330261,446.88653053789113,62.17165753438935,64.47204693330612,65.26672300095689,15.0872996583023,14.59057986746411,0.4967197908381902,537.4615525897214,514.95,492.4384474102788,17.075473940075092,576.2264218202253,473.77357817977474,0.0
2023-12-20,532.0,549.8,532.0,545.0,2.83,99290,54004935.1,27.09,20.11812477,530.4746435786359,482.3340875649864,446.05121928701567,80.9801539425784,77.07112448583327,72.32974802984896,15.426431321128971,14.46639991975456,0.9600314013744118,536.9694827530648,512.9,488.8305172469352,15.972748822305658,588.8182464669169,492.981753533083,0.0
2023-12-21,545.0,555.0,530.0,532.0,-2.39,96029,51611930.1,27.09,19.63824289,523.2119653679539,479.7762952207001,445.05675917934747,75.20046022423621,72.79227593942855,69.59188468426022,14.107629460647672,14.22639206941096,-0.1187626087632871,533.3385016362547,509.58,485.8214983637453,15.76972091367296,589.8091627410189,495.1908372589811,0.0
2023-12-24,530.0,540.0,521.5,528.0,-0.75,75142,39931658.0,27.09,19.49058693,518.8179480519309,477.6447154337899,444.18295776406455,72.95249745617807,71.25990348729712,68.6763845566585,13.542793202933067,14.25608272160178,-0.7132895186687112,532.1908852676358,506.845,481.49911473236415,14.521912126303288,574.3157363789098,487.18426362109017,0.0
2023-12-27,523.0,530.0,519.0,520.0,-1.52,90557,47371343.7,27.09,19.19527501,514.2269220778963,475.5893976963936,443.3405754300351,67.75655399880722,67.90262860442128,66.7546140997175,13.03214338740736,14.434405101268958,-1.4022617138615985,530.4064695269755,504.445,478.4835304730245,13.913235695892544,566.2397070876776,482.7602929123224,0.0
2023-12-28,520.0,525.0,511.0,512.0,-1.54,66034,34134473.0,27.09,18.89996309,511.3403831168445,473.7767200513484,442.570128951945,61.11689709415972,63.99738588540055,64.67398070845825,13.00535553722858,14.784970529734355,-1.7796149925057758,529.3339623495419,502.495,475.6560376504581,13.459150773213938,558.3774523196419,477.6225476803582,0.0
2024-01-01,515.0,524.9,512.0,513.9,0.37,32342,16709614.5,27.09,18.97009967,511.0105746752668,472.21658617589327,441.8723413032208,63.89455748563581,65.76192801512863,65.6101842724613,13.596541146095204,15.229874277860802,-1.633333131765596,529.089048193798,500.88,472.670951806202,13.399056414682152,558.6471692440465,478.2528307559536,0.0
2024-01-02,520.0,520.0,509.0,509.9,-0.78,42542,21750362.8,27.09,18.82244371,509.56586201290014,470.5152223463379,441.1484452359165,60.53836557884375,63.81134733412043,64.57374572685552,13.95988654292364,15.6382075608022,-1.6783210178785597,528.2109883752881,499.1350000000001,470.059011624712,13.22117379409128,554.1635213822739,474.8364786177261,0.0
2024-01-03,511.0,515.0,509.0,514.1,0.82,30658,15717610.5,27.09,18.97748247,509.3987930193502,468.90768040129046,440.4574748362775,66.28953066982893,67.56433136782454,66.59689640994941,14.627867226978536,16.05778781527184,-1.429920588293303,527.8293758148876,497.39,466.9506241851125,13.467970882323645,552.403912646971,471.5960873530291,0.0
2024-01-04,512.3,517.0,509.0,510.9,-0.62,51626,26478137.7,27.09,18.8593577,507.0481895290253,467.06309592787375,439.717348955235,63.97149822185241,66.15609595313559,65.81346818128205,14.840048140416116,16.415267962345165,-1.57521982192905,527.3059080936803,494.985,462.66409190631975,14.297745424804049,555.8932362744122,470.1067637255878,0.0
2024-01-07,510.0,510.0,498.0,499.0,-2.33,111777,56156302.0,27.09,18.42008121,505.122284293538,465.2738345371747,439.00194542714695,53.37324271124459,60.1873063785305,62.68946012602823,15.220831078797689,16.80907291782743,-1.5882418390297417,526.2760326090047,492.86500000000007,459.4539673909955,13.886383805337834,545.6591514160135,462.3408485839865,0.0
2024-01-08,499.5,505.0,494.2,504.0,1.0,94978,47425121.1,27.09,18.60465116,508.18342644030696,463.89725635501856,438.3989499038017,59.96082925804805,64.63474774388118,65.08860423373169,16.697091031731304,17.206133377584862,-0.5090423458535582,525.8288396057009,491.66,457.4911603942992,14.095982005930926,541.8879460177928,457.31205398220726,0.0
2024-01-09,514.0,514.0,506.0,507.0,0.6,69070,35187049.5,27.09,18.71539313,510.2751396604604,462.26040967563154,437.739642867659,64.18597417848947,67.40995836975719,66.5557382755639,17.829377865741378,17.333393964048252,0.4959839016931262,524.5349382038363,490.35,456.1650617961638,14.239980006589915,552.7199400197698,467.2800599802303,0.0
2024-01-10,509.0,523.0,509.0,518.0,2.17,112076,57936546.7,27.09,19.12144703,511.9127094906906,460.4343039481063,437.0435588763792,83.32204717025067,78.95191091894137,72.29155212575174,18.7097966558307,17.20939798862497,1.5003986672057297,522.5816814923119,488.95,455.3183185076881,14.488866673988795,559.4666000219664,472.5333999780336,0.0
2024-01-11,522.7,522.7,510.0,512.9,-0.98,50497,25965667.0,27.09,18.93318568,508.869064236036,458.0846837010902,436.2299263022724,80.98581889161305,77.27690845056775,71.18631074905919,18.44138868745989,16.83429832182354,1.6070903656363529,518.159267040517,486.78,455.4007329594831,14.543185193320884,559.9795555799627,472.7204444200374,0.0
2024-01-14,515.0,517.8,510.0,511.2,-0.33,53006,27223492.0,27.09,18.87043189,506.85359635405393,455.8473238521551,435.45937279777263,80.16246515507378,76.70306202124067,70.8137707544617,18.349836863285415,16.43252573041445,1.9173111328709675,515.7572810261553,483.89,452.0227189738448,14.74798354813431,558.1439506444029,469.656049355597,0.0
2024-01-16,515.0,515.0,508.0,514.0,0.55,209619,107008018.6,25.59,20.08597108,504.68039453108094,453.5880309481615,434.6981604640819,85.58847677306306,79.78463128982669,72.291662387948,18.139167635145892,15.95319794719671,2.1859696879491857,513.352335376685,480.835,448.3176646233151,15.519981720149238,558.0599451604477,464.9400548395523,0.0
2024-01-17,516.0,525.0,507.0,512.0,-0.39,114163,59062600.1,25.59,20.00781555,500.02059179662143,451.1222362929844,433.9011570516606,84.94130987787145,79.23120758235711,71.88937297805992,17.321343745627473,15.406705525209414,1.914638220418059,510.22388428178834,477.23,444.2361157182117,16.466646355721377,565.3999390671642,466.6000609328359,0.0
2024-01-18,510.0,515.0,505.0,509.0,-0.59,82751,42028157.5,25.59,19.89058226,494.0308876949322,448.6374296110654,433.11624405720494,83.98224780976892,78.407869576771,71.28911604439486,16.229192617614785,14.9280459701049,1.301146647509885,505.9286298308343,473.78,441.6313701691658,16.29627372857931,558.8888211857379,461.1111788142621,0.0
2024-01-21,509.0,509.0,495.0,496.1,-2.53,169221,84277298.7,25.59,19.38647909,486.5463315423983,446.1736512278436,432.3535932437095,78.82843856371595,74.3473353735854,68.5137008718092,14.904604194331512,14.60275930822743,0.3018448861040816,502.5420392481796,469.98,437.4179607518205,16.006970809532568,550.0209124285977,453.9790875714023,0.0
2024-01-22,495.0,498.0,488.0,489.0,-1.43,108014,53075943.3,25.59,19.10902696,481.76949731359736,444.135841073878,431.71292583912367,74.87312017355306,71.61968401013972,66.81892728011763,14.310608000332364,14.527298086701409,-0.2166900863690433,499.4948303233383,467.375,435.2551696766617,15.563300899480629,539.6899026984419,446.3100973015581,0.0
2024-01-23,495.0,496.0,477.0,478.6,-2.13,138735,66771684.6,25.59,18.70261821,478.15424597039606,442.3046509136281,431.1371763500696,66.79637138660664,66.82115729191229,64.10180687239844,14.06720765089591,14.58147060829367,-0.5142629573977597,497.3490390421771,465.025,432.7009609578229,15.137000999422924,531.9110029982687,441.0889970017312,0.0
2024-01-24,469.1,494.4,469.1,477.3,-0.27,67640,32524761.3,25.59,18.65181712,477.93136895559405,440.8232080937762,430.6601630470553,65.56656761943668,66.15697827186081,63.745551840636125,14.610835457238522,14.71003634764311,-0.0992008904045871,496.5365594732088,463.095,429.6534405267912,14.707778888247692,525.8733366647431,437.6266633352569,0.0
2024-01-25,486.8,486.8,476.0,480.0,0.57,85602,40975897.5,25.59,18.75732708,478.2470534333911,439.3343594445426,430.1914209671262,70.37895970606691,68.8136267635947,65.03234721647605,15.224544614319656,14.734836570244257,0.4897080440753978,496.8187968895203,460.58,424.3412031104798,13.530865431386326,521.992596294159,440.807403705841,0.0
2024-01-28,489.0,489.0,480.0,481.0,0.21,55234,26580086.4,25.59,18.79640485,477.3705801500866,437.67453738105456,429.6908322331275,72.12168170353299,69.77728728834263,65.50248466872102,15.511503653149418,14.612409559225409,0.8990940939240115,498.1578587841518,457.125,416.0921412158482,13.834294923762585,526.0028847712878,442.9971152287122,0.0
2024-01-29,482.0,483.9,478.0,479.7,-0.27,50577,24306624.2,25.59,18.74560375,475.55587022512987,435.9061511517099,429.1751622053197,71.30047826470391,69.25759517336738,65.18840930303455,15.55032768230086,14.387636035744404,1.162691646556457,496.8253850624485,453.975,411.12461493755154,14.338105470847315,523.964316412542,437.935683587458,0.0
2024-01-30,480.0,487.0,478.5,479.0,-0.15,46693,22396973.5,25.59,18.71824932,473.4838053376948,434.1186471170858,428.6673748908003,70.89005905793174,68.99098875068795,65.02380372205248,15.506058313220706,14.096963124105288,1.409095189115417,494.7104461103021,450.915,407.1195538896978,15.275672745385908,528.5770182361578,436.92298176384224,0.0
2024-01-31,481.0,481.9,474.0,475.0,-0.84,64290,30617801.9,25.59,18.56193826,470.7257080065423,432.2867551626811,428.1615193620647,68.6099566030237,67.49524594496086,64.09239497729212,15.295284561220626,13.744689326826434,1.5505952343941924,492.1818989249333,447.715,403.2481010750667,15.63963638376212,524.8689091512863,431.0310908487136,0.0
2024-02-01,475.5,475.5,463.1,466.0,-1.89,96457,45061712.9,25.59,18.21023837,468.5885620098134,430.5433574142192,427.6907808631909,62.779139121720696,63.85234868422502,61.90092290558225,15.21105646959552,13.357040518227883,1.854015951367634,489.7737723788248,444.565,399.3562276211751,15.610707093069024,516.1321212792071,422.46787872079295,0.0
2024-02-04,466.0,470.0,459.0,468.5,0.54,71555,33251425.4,25.59,18.30793279,469.8828430147201,429.0961475127587,427.305763585434,65.79692269407562,65.75311707154023,62.92502110635145,15.79866270218173,12.893536530385976,2.9051261717957537,488.5123037604548,441.615,394.7176962395451,15.967452325632252,512.4023569768967,416.5976430231033,0.0
2024-02-05,471.0,476.1,469.0,474.9,1.37,46778,22138782.5,25.59,18.55803048,470.5742645220801,427.4878270030754,426.89175115915697,73.87812630615788,70.76034731475146,65.5919166064666,16.064317745196377,12.16725498743704,3.897062757759338,485.2426003668712,439.94,394.6373996331287,15.974947028480283,520.4748410854409,424.6251589145592,0.0
2024-02-06,474.9,482.9,474.9,477.8,0.61,58942,28072802.2,25.59,18.671356,468.41139678312015,425.5526362685071,426.4092561959324,77.72303209917828,73.10267596969544,66.82389667741258,15.51809101471406,11.192989297997205,4.325101716716855,480.40373600141385,437.04,393.6762639985861,16.77216336497809,529.2164900949342,428.5835099050657,0.0
2024-02-07,487.3,487.3,478.6,479.0,0.25,52013,24972754.9,25.59,18.71824932,463.7170951746802,423.4200908100788,425.8927663084543,79.23988830010462,74.044454923004,67.32623017547871,14.299916663957164,10.11171386881799,4.188202795139173,473.8605764841497,434.05,394.2394235158503,17.74684818330899,536.190544549927,429.70945545007305,0.0
2024-02-08,488.5,488.5,470.0,474.6,-0.92,49857,23655321.5,25.59,18.54630715,456.0756427620203,421.1515230880412,425.3590252663282,77.82967209476578,72.85372663556949,66.43815688279547,12.41490261387895,9.064663170033196,3.350239443845755,465.5126616336302,431.195,396.87733836636977,18.30760909256555,534.1728272776967,424.3271727223034,0.0
2024-02-11,465.2,471.0,450.8,455.1,-4.11,182831,84204332.1,25.59,17.78429074,446.8134641430304,418.9699526018388,424.8641410981506,69.72922556960121,66.53605756104459,62.049630187286354,10.276358824668137,8.227103309071758,2.0492555155963785,456.681255952913,428.465,400.2487440470869,16.63067676951728,510.79203030855183,411.0079696914481,0.0
2024-02-12,450.0,455.0,439.0,450.1,-1.1,309656,137747398.3,25.59,17.58890191,442.6701962145457,417.4952567896689,424.5602631192375,66.97940326172687,64.57300618275484,60.787500164962125,9.382779532625705,7.7147894301726625,1.667990102453042,452.97165863297806,427.38499999999993,401.7983413670218,16.156307521685868,495.4689225650576,398.5310774349424,0.0
2024-02-13,450.1,454.0,440.1,441.9,-1.82,174782,77475942.3,25.59,17.26846424,438.95529432181854,416.1644509443493,424.30358234656654,61.939169419872,61.097735744492056,58.62087138854913,8.614861533944293,7.297791904559402,1.317069629384891,449.9846038043744,426.4799999999999,402.9753961956254,16.17367502409541,495.5710250722863,398.52897492771376,0.0
2024-02-14,433.1,448.0,433.1,443.0,0.25,83609,36997108.2,25.59,17.31144979,437.4829414827278,415.11402037064926,424.1267339279391,63.08741507843205,61.85354648595038,59.04098196475446,8.344320938769897,6.968524497213179,1.3757964415567183,448.0558336896111,425.64,403.2241663103889,16.426305582328236,489.8289167469847,391.2710832530153,0.0
2024-02-15,434.2,440.0,430.0,433.0,-2.26,200617,87023180.3,25.59,16.92067214,434.7244122240917,413.9758171204717,423.9370528618882,56.58342645611969,57.40555966614623,56.3083017085704,7.765640820001636,6.624575386823999,1.141065433177637,445.5470224748268,424.39,403.2329775251732,16.58478398036471,484.7543519410941,385.2456480589059,0.0
2024-02-18,433.0,455.8,433.0,444.0,2.54,307692,136564140.1,25.59,17.35052755,435.5866183361376,413.1993198600828,423.8459679660278,68.36093639557016,65.16705540672385,60.57610660765565,7.932261601937341,6.339309028529589,1.592952573407752,444.5848035577165,423.65,402.7151964422835,16.87198220040523,495.01594660121566,393.7840533987843,0.0
2024-02-20,436.0,452.9,436.0,442.0,-0.45,118355,52580149.9,25.59,17.27237202,431.3799275042065,411.94214924212696,423.6434148802592,67.25956584803772,64.3533584067342,60.04755914850427,6.909551958488976,5.941070885177652,0.9684810733113238,441.1933153868684,422.31000000000006,403.4266846131317,16.21331355600581,493.0899406680175,395.8100593319825,0.0
2024-02-21,448.0,448.0,439.0,440.0,-0.45,141689,62675274.7,25.59,17.19421649,426.0698912563097,410.7152981907852,423.4589265875985,66.2141423377552,63.56298813543613,59.52664650235955,5.707336348727722,5.698950616849821,0.008385731877901,437.74620987522087,421.06000000000006,404.3737901247793,16.137015062228684,491.91104518668607,395.08895481331393,0.0
2024-02-22,438.6,440.0,423.4,427.0,-2.95,149028,64038180.6,25.59,16.68620555,419.1048368844645,409.52000423938864,423.2926846437553,58.5709748408982,57.93337845896885,55.94213820871145,4.2934926235600415,5.696854183880346,-1.4033615603203042,434.2448169877932,419.765,405.28518301220686,15.596683402476316,478.4900502074289,384.9099497925711,0.0
2024-02-25,427.0,430.0,410.0,410.9,-3.77,176046,73159346.7,25.59,16.05705354,415.1572553266968,408.8065350246698,423.2554251929388,44.83194347305887,48.844107841485446,50.75702238431609,3.7500994670942314,6.047694573960422,-2.297595106866192,433.5836421123739,418.9200000000001,404.2563578876262,14.09631489164035,462.288944674921,377.711055325079,0.0
2024-02-26,408.0,419.9,405.1,418.0,1.73,98421,40737576.9,25.59,16.33450567,417.2858829900452,408.7210874746563,423.379600320506,51.53075673052128,53.58526763936027,53.41854916238311,4.641258027865604,6.62209335067697,-1.980835322811366,433.4861030008004,419.0250000000001,404.5638969991998,13.44034987960039,452.8210496388012,372.1789503611988,0.0
2024-02-27,415.0,426.0,412.3,418.5,0.12,70324,29412585.3,25.59,16.35404455,416.9288244850678,408.3423563511729,423.4336666553855,52.01729522220451,53.92757027051237,53.60859221362397,4.98828211048118,7.117302181379811,-2.1290200708986315,433.55127305476486,418.67500000000007,403.7987269452353,13.28927764400044,459.0178329320013,379.2821670679986,0.0
2024-02-28,413.4,418.0,413.0,415.0,-0.84,36695,15235126.3,25.59,16.21727237,416.1432367276017,407.9277586512208,423.4832512448869,49.022444294245645,51.93167773467642,52.472337669572255,5.307745108867152,7.649557199104469,-2.3418120902373163,433.6001140060816,418.2500000000001,402.8998859939186,13.243641826667156,455.2309254800015,375.7690745199985,0.0
2024-02-29,415.0,415.0,408.0,412.0,-0.72,109726,45161462.0,25.59,16.10003908,416.7148550914026,407.63909573902566,423.5685100513681,46.4771967706908,50.21510520425456,51.49476020700651,5.994656134314482,8.235010221663797,-2.2403540873493157,433.9181672881469,417.8500000000001,401.78183271185327,14.04849091851906,453.6454727555572,369.3545272444428,0.0
2024-03-03,412.0,417.0,406.0,407.0,-1.21,60400,24681799.0,25.59,15.90465025,419.072282637104,407.461099646741,423.6847764840452,42.201958062146616,47.30267283918296,49.84414301264491,7.089663935749968,8.795098743501127,-1.7054348077511587,434.1062848830142,417.6450000000001,401.183715116986,14.72054546502118,455.6616363950635,367.3383636049365,0.0
2024-03-04,415.1,438.0,415.1,435.0,6.88,11800,5079001.5,25.59,16.99882767,425.108423955656,407.4799200404855,423.8524626798648,70.05750480758344,67.98330927104914,61.00452372188144,8.893260599607572,9.221457445438917,-0.3281968458313447,434.12236182655374,417.6350000000001,401.14763817344647,13.13393940557909,465.9518182167373,387.1481817832628,0.0
2024-03-05,435.0,439.0,414.0,416.9,-4.16,107535,45093107.6,25.59,16.29152013,420.162635933484,406.35665147070944,423.7404271289086,51.76254273455269,56.59163683478551,54.711748709668974,8.215040187300644,9.303506656896753,-1.0884664695961082,431.78136350555855,415.9850000000001,400.1886364944417,12.048821561754549,462.64646468526365,390.3535353147364,0.0
2024-03-06,421.0,424.9,411.4,418.0,0.26,73115,30537859.3,25.59,16.33450567,421.793953900226,405.92631071441184,423.8091751402544,53.52938326229918,57.75121928077224,55.23174722169431,9.072801912868217,9.57562327429578,-0.5028213614275643,432.6603745703591,415.0400000000001,397.4196254296412,10.60980173528283,449.9794052058485,386.3205947941515,0.0
2024-03-07,425.9,425.9,418.1,421.9,0.93,39804,16757703.8,25.59,16.48690895,423.690930850339,405.4335070701021,423.8675588100057,59.9817706196428,61.92884569541561,57.07818560312069,9.923649760223554,9.70132861465267,0.2223211455708842,433.2098751296633,413.9900000000001,394.7701248703369,10.2886685947587,452.8660057842761,391.1339942157239,0.0
2024-03-10,425.0,428.9,419.5,420.0,-0.45,84813,35815152.1,25.59,16.4126612,424.5863962755085,404.7614053178614,423.8873332704078,57.77780149294003,60.64083757466035,56.39643064388972,10.468206107062995,9.645748328259948,0.8224577788030487,432.7774446846319,412.83500000000015,392.8925553153684,10.565187327509667,455.895561982529,392.504438017471,0.0
2024-03-12,428.4,434.0,422.0,433.5,3.21,85533,36612902.9,25.59,16.94021102,426.87959441326274,404.13942186144754,423.9264019464923,88.59405765239367,78.06616182624946,63.24903287522392,11.204447755471731,9.440133883559186,1.764313871912547,432.6753082006807,411.58500000000015,390.4946917993197,10.183541475010744,458.55062442503225,397.44937557496775,0.0
2024-03-13,442.1,442.1,428.0,432.0,-0.35,84991,36691710.9,25.59,16.88159437,423.5693916198941,402.9410309170168,423.830184880628,87.95981261590892,77.39600938727233,62.76645543998436,10.606640582997445,8.999055415581049,1.607585167416394,429.38150095707016,409.66000000000014,389.9384990429301,9.981712750011935,464.99513825003584,405.1048617499642,0.0
2024-03-14,432.0,432.9,425.1,425.1,-1.6,67871,29042120.5,25.59,16.6119578,419.3540874298412,401.7549505462828,423.7480761859609,84.41663992351201,74.00326695546433,60.47450836983178,9.84207011074119,8.59715912372695,1.24491098701424,426.1019333764699,407.6100000000001,389.1180666235304,9.20190305556882,456.6057091667065,401.3942908332936,0.0
2024-03-17,424.2,424.2,417.0,418.0,-1.67,58774,24721464.7,25.59,16.33450567,416.4811311447617,400.8020913849065,423.7344890119504,78.67737126480948,69.65077529240325,57.91549273400209,9.425588233632425,8.285931376973389,1.1396568566590357,424.0339411132704,405.8550000000001,387.6760588867298,8.568781172854246,446.3063435185628,394.8936564814373,0.0
2024-03-18,416.0,421.5,416.0,418.2,0.05,45079,18848493.2,25.59,16.34232122,415.7216967171426,400.10013593122926,423.7921220673469,79.40966945663119,69.95713960958669,58.01706948727,9.479815536178933,8.00101716280863,1.478798373370303,423.6232877720949,404.2050000000001,384.7867122279053,8.720867969838052,444.9126039095141,392.58739609048587,0.0
2024-03-19,420.0,423.0,417.0,417.2,-0.24,20842,8739686.6,25.59,16.30324345,414.4825450757139,399.36136596923865,423.8483242991795,78.52115067146292,69.3308145499595,57.66063050468574,9.390777430902972,7.631317569466054,1.759459861436918,424.5772314410209,401.9450000000001,379.3127685589793,9.078742188708947,447.2362265661269,392.7637734338732,0.0
2024-03-20,417.0,425.0,415.5,417.0,-0.05,41724,17407649.0,25.59,16.2954279,413.1238176135709,398.633258457779,423.9151416288195,78.35510165046585,69.21161055995681,57.59150050094103,9.24235748662852,7.191452604106824,2.0509048825216967,427.56578200469454,398.9850000000001,370.4042179953057,9.420824654121052,448.5124739623632,391.9875260376368,0.0
2024-03-21,419.0,419.9,414.1,414.1,-0.7,28308,11746842.2,25.59,16.18210238,411.1857264203564,397.88359553768834,423.98464053966194,75.95968574970922,67.51139934933224,56.60522354798035,8.938849012494472,6.6787263834764,2.2601226290180723,429.87425415975,395.6850000000001,361.4957458402503,9.256471837912285,444.7694155137369,389.2305844862631,0.0
2024-03-25,410.1,413.0,409.0,410.1,-0.97,71062,29127859.4,25.59,16.02579132,409.7285896305346,397.22170147800216,424.0839836606636,72.18567258166283,65.03864196048758,55.22642447619711,8.716714938054395,6.1136957262218825,2.603019211832512,431.1778500371069,392.4050000000001,353.6321499628933,9.196079819902543,438.5882394597076,383.4117605402924,0.0
2024-03-26,415.0,415.0,409.2,413.0,0.71,29379,12076818.2,25.59,16.13911684,409.5428844458019,396.6960566403696,424.224526210017,80.31064444633596,68.55116060061381,56.47533575613631,8.713675229397438,5.462940923263754,3.250734306133684,431.1872943260521,389.4800000000001,347.77270567394817,9.773422022113936,441.4202660663418,382.77973393365824,0.0
2024-03-27,413.0,413.0,408.0,411.0,-0.48,42526,17423947.0,25.59,16.06096131,407.8143266687029,396.0305895644663,424.3373355186604,78.8513858965322,67.42452023220858,55.81376717942942,8.287778361556718,4.650257346730333,3.637521014826385,429.70355312428006,386.4300000000001,343.1564468757202,10.214913357904374,441.14474007371314,379.85525992628686,0.0
2024-03-28,413.9,414.0,407.0,410.0,-0.24,33224,13602227.0,25.59,16.02188355,406.2214900030543,395.4195932201588,424.47137909171227,78.13103096025628,66.87353352724028,55.489018158157855,7.82726594679923,3.7408770930237374,4.086388853775492,426.9090904754281,384.0300000000001,341.15090952457206,10.794348175449304,442.88304452634793,378.11695547365207,0.0
2024-03-31,413.0,413.0,406.0,407.0,-0.73,30600,12479861.4,25.59,15.90465025,404.3322350045815,394.8244745760836,424.61682008760886,75.94620436956725,65.23549971803783,54.52649363085212,7.227451687282553,2.7192798795798647,4.508171807702688,424.0621086639357,381.3800000000001,338.6978913360645,11.215942417165891,443.1478272514977,375.8521727485023,0.0
2024-04-01,410.0,412.5,405.0,407.9,0.22,51254,20869305.3,25.59,15.93982024,402.9983525068722,394.3275143546993,424.79387355582605,78.02489858829281,66.14665459488029,54.86820376701114,6.662198553320764,1.5922369276541928,5.06996162566657,421.6834535656567,378.4800000000001,335.2765464343436,11.68438046351766,443.803141390553,373.696858609447,0.0
2024-04-02,412.0,412.0,405.0,406.8,-0.27,28130,11430729.5,25.59,15.8968347,400.5475287603083,393.77353534876863,424.96366122975394,77.35142100185206,65.60138069015089,54.53388593916161,5.752188937924984,0.32474652123755,5.427442416687434,418.5076090329982,375.4300000000001,332.35239096700207,12.149311626130732,444.9479348783922,372.0520651216078,0.0
2024-04-03,410.0,410.0,399.0,402.0,-1.18,59686,23975302.8,25.59,15.70926143,397.42129314046247,393.2418429140245,425.1462105888469,74.29585674105061,63.19962259504553,53.077841309153406,4.619017553359072,-1.0321140829343085,5.65113163629338,414.6180381693697,372.4900000000001,330.36196183063055,12.388124029034149,441.6643720871024,367.3356279128976,0.0
2024-04-04,400.0,402.0,398.0,398.0,-1.0,61026,24350543.2,25.59,15.55295037,395.1319397106937,392.88436711459696,425.3788358208956,71.44191008858488,61.09779780879939,51.84409348562744,3.5942203671914967,-2.4448969920076538,6.039117359199151,410.81338695660224,369.8900000000001,328.966613043398,12.431248921149052,437.2937467634472,362.7062532365528,0.0
2024-04-07,398.0,398.8,390.3,397.0,-0.25,80715,31781656.1,25.59,15.51387261,393.69790956604055,392.6755657723356,425.6540000000001,70.71945754880812,60.575076235634775,51.53827869010102,2.641199662414863,-3.9546763318074416,6.595875994222304,407.14818452728105,367.4900000000001,327.8318154727192,13.25694324572117,434.32082973716354,354.7791702628365,0.0
2024-04-09,400.0,406.9,396.9,398.8,0.45,47203,18883043.4,25.59,15.58421258,392.0468643490608,392.4990582528391,,73.70266417570615,61.96676749910748,52.11011895640787,1.488199422319326,-5.603645330363018,7.091844752682344,403.006937921942,365.2400000000001,327.47306207805826,13.785492495245744,443.2564774857372,360.5435225142628,0.0
2024-04-10,405.9,405.9,394.1,395.0,-0.95,40657,16171916.1,25.59,15.43571708,388.6702965235912,392.2418769570367,,71.44202984425625,60.17305716445024,51.0084572240323,-0.1883674211817947,-7.376606518533604,7.1882390973518095,397.935852171577,363.4500000000001,328.9641478284232,13.994991661384166,441.9849749841525,358.0150250158475,0.0
2024-04-14,398.0,400.0,394.0,395.0,0.0,29072,11530462.0,17.29,22.84557548,385.5054447853868,392.1293005063035,,71.44202984425625,60.17305716445023,51.0084572240323,-1.9386273934878204,-9.173666292871555,7.235038899383737,393.317168080717,361.9750000000001,330.63283191928315,14.238879623760187,439.71663887128057,354.28336112871943,0.0
2024-04-15,392.0,395.0,390.0,391.0,-1.01,63551,24886154.9,17.29,22.61422788,380.75816717808016,392.0121290983975,,69.24298491961245,58.39202107033176,49.89018861364711,-4.144397359689549,-10.982426017717492,6.838028658027943,387.5780781516359,360.1250000000001,332.6719218483643,14.820977359733542,436.96293207920064,348.03706792079936,0.0
2024-04-16,389.0,393.0,387.3,390.0,-0.26,33400,13032506.8,17.29,22.55639098,375.6372507671202,392.0534404901688,,68.70751597067256,57.955545645745,49.61416596935256,-6.492207064046056,-12.691933182224478,6.199726118178422,382.1059516279325,358.5800000000001,335.05404837206765,15.9121970663706,437.88659119911176,342.4134088008882,0.0
2024-04-18,390.0,390.0,383.0,385.0,-1.28,38828,14927701.0,17.29,22.26720648,368.4558761506804,392.1372543877267,,66.08315850760229,55.802953535448864,48.24577891094461,-9.292615711220437,-14.241864711769082,4.949249000548647,380.5871426737543,358.3300000000001,336.0728573262459,16.79133007374511,436.8739902212353,336.1260097787647,0.0
2024-04-21,377.3,380.0,366.1,373.0,-3.12,127611,47268075.5,17.29,21.57316368,360.1838142260205,392.42857089334825,,58.69276019385165,50.11065921441582,44.79123248853749,-12.222699246905222,-15.479176961906244,3.2564777150010222,393.2279108827534,360.0750000000001,326.9220891172468,16.76814452638346,423.3544335791504,322.7455664208496,0.0
2024-04-22,372.0,373.0,357.1,358.0,-4.02,105899,38459763.6,17.29,20.70561018,353.7757213390307,393.2215737869543,,45.4971632558846,41.34167979188055,39.9840189741034,-14.562948425224306,-16.2932963906565,1.7303479654321947,407.5961743329314,362.9000000000001,318.2038256670688,16.186827251537178,413.6104817546116,316.48951824538847,0.0
2024-04-24,358.0,360.0,345.0,351.0,-1.96,132036,46377658.9,17.29,20.30075188,351.6635820085461,394.6591890435647,,37.17161106599556,36.50553552573725,37.54783038607273,-15.810859944821004,-16.725883382014548,0.9150234371935432,426.9989038311709,367.6450000000001,308.29109616882926,15.540919168374645,399.1227575051239,305.8772424948761,0.0
2024-04-25,351.5,355.0,346.0,348.5,-0.71,49901,17470531.8,17.29,20.15615963,351.9953730128192,396.44119675962855,,33.969565234637585,34.72068226157269,36.66639309799784,-16.46094541245435,-16.954639241312933,0.4936938288585821,437.47607713401663,371.8500000000001,306.2239228659835,15.601021298194048,397.3030638945821,303.6969361054179,0.0
2024-04-28,355.4,355.4,347.0,351.6,0.89,60351,21142160.0,17.29,20.33545402,353.74305951922867,398.3979803008379,,35.991369730387994,35.882080799068056,37.29295444164188,-16.796713476052446,-17.078062698527578,0.2813492224751321,444.8547001297261,375.8250000000001,306.7952998702741,16.334468109104495,400.2034043273135,302.1965956726865,0.0
2024-04-29,358.6,358.6,351.6,352.0,0.11,45855,16188257.0,17.29,20.35858878,354.814589278843,400.30810194577,,36.23875177501503,36.02646787567213,37.37206090803792,-17.296596153938708,-17.14840000414636,-0.1481961497923478,448.9468421186184,378.9450000000001,308.9431578813817,17.216075676782776,406.7482270303484,303.4517729696517,0.0
2024-04-30,359.0,365.0,351.1,363.0,3.13,69508,24935148.2,17.29,20.99479468,356.2218839182645,402.2798612088627,,43.55701610074419,40.15227446727501,39.58905349181064,-17.72376864601995,-17.111350966698275,-0.6124176793216733,451.64180413176734,381.7250000000001,311.8081958682328,17.86230630753642,411.63691892260925,304.4630810773908,0.0
2024-05-02,370.2,370.2,357.0,357.0,-1.65,63914,23111015.4,17.29,20.64777328,352.83282587739683,403.8831208500408,,37.43065623073221,36.46708479207674,37.65233184906816,-19.13119581015241,-16.958246546867855,-2.17294926328455,456.4580489027908,384.7750000000001,313.0919510972094,18.30256256392936,418.5076876917881,308.692312308212,0.0
2024-05-05,356.1,359.0,349.0,349.0,-2.24,53700,18864100.2,17.29,20.18507808,350.7492388160952,405.7967176194302,,28.19339691432376,31.223787214351876,34.98437195135693,-20.038403633315625,-16.415009231046717,-3.6233944022689073,459.33426993557214,387.6800000000001,316.0257300644281,17.98062507103262,407.9418752130979,300.0581247869021,0.0
2024-05-06,345.1,351.9,344.6,346.9,-0.6,59983,20763022.1,17.29,20.06362059,351.6238582241428,408.1149509916518,,25.63158741116854,29.81185412142641,34.27563343987287,-20.090317565668443,-15.509160630479492,-4.58115693518895,461.3304854231369,391.0050000000001,320.67951457686337,18.634027856702907,404.1520835701088,292.34791642989126,0.0
2024-05-07,350.0,355.9,347.1,348.0,0.32,47490,16609211.5,17.29,20.12724118,353.98578733621423,410.6135204198825,,26.06455322140702,30.11253924790885,34.46455676948949,-19.650537638370796,-14.363871396682256,-5.286666241688538,462.10100235108473,394.2600000000001,326.4189976489155,19.89336428522546,411.1800928556764,291.8199071443236,0.0
2024-05-08,349.1,352.0,341.6,350.0,0.57,47782,16573927.5,17.29,20.24291498,356.97868100432134,413.1691743145716,,26.79608679582134,30.63419262663696,34.79935241998886,-18.915392529152825,-13.04220483626012,-5.873187692892705,461.8832280221275,397.2600000000001,332.6367719778727,21.125960316917183,410.1778809507516,283.42211904924847,0.0
2024-05-09,345.0,352.8,345.0,350.0,0.0,29902,10471855.8,17.29,20.24291498,360.468021506482,415.7475079600643,,26.79608679582133,30.63419262663696,34.79935241998885,-17.90558342569051,-11.573907913036944,-6.331675512653565,460.6889585981881,399.8100000000001,338.93104140181214,22.31773368546354,415.8532010563906,281.94679894360934,0.0
2024-05-12,350.0,355.0,347.0,352.0,0.57,39449,13837283.5,17.29,20.35858878,365.702032259723,418.4310797135363,,27.40378719228241,31.098716180157133,35.113711721396065,-16.35625495653403,-9.990989034873554,-6.365265921660477,458.7942574822652,402.3650000000001,345.93574251773504,23.9308152060706,422.7924456182118,279.2075543817882,0.0
2024-05-13,350.0,364.9,350.0,363.0,3.13,55261,19860003.5,17.29,20.99479468,372.5530483895845,421.1425523549051,,30.821026645522515,33.70924395982836,36.87240685753292,-14.344475638352035,-8.399672554458434,-5.944803083893604,457.45558891342847,405.6650000000001,353.8744110865718,24.812016895633995,431.886050686902,283.013949313098,0.0
2024-05-14,368.1,369.0,356.8,365.5,0.69,47874,17319347.8,17.29,21.13938693,377.3295725843768,423.5157177571461,,31.617529918559526,34.31718313618643,37.27979263949425,-12.688066753860085,-6.913471783485032,-5.774594970375053,456.5646116287529,408.4150000000001,360.2653883712473,25.84668543959333,440.44005631878,285.35994368122,0.0
2024-05-15,359.0,370.0,357.8,358.0,-2.05,64416,23307126.8,17.29,20.70561018,383.2443588765652,425.8837062370296,,26.556203904829683,30.842737810386726,35.21845972444746,-10.643878443052358,-5.469823040891269,-5.174055402161089,454.8766086563416,410.89500000000015,366.9133913436587,27.36298382177037,445.9889514653111,281.8110485346889,0.0
2024-05-16,365.1,365.1,355.1,360.1,0.59,75546,27235273.1,17.29,20.82706767,395.8665383148478,428.6544697569084,,27.05459008967906,31.27284274107177,35.53236165793895,-7.116294403540678,-4.176309190350997,-2.939985213189681,450.2813721291655,413.59500000000014,376.9086278708348,29.04775980196708,447.24327940590126,272.9567205940988,0.0
2024-05-19,367.3,385.7,362.0,385.0,6.91,135375,51227459.4,17.29,22.26720648,413.7498074722717,431.45261137963934,,33.725516314607674,36.9453745833084,39.54434688367176,-2.724122856330609,-3.441312887053577,0.7171900307229677,443.5872588576593,415.7900000000001,387.99274114234095,28.95306644663009,460.7091993398903,286.99080066010976,0.0
2024-05-20,385.0,421.0,385.0,419.9,9.06,276638,112940210.2,17.29,24.28571429,428.1247112084076,433.3486363339104,,48.67989478978933,48.36260148112157,46.628424400782585,0.3862360691095432,-3.620610394734319,4.006846463843862,441.3829219046713,416.7400000000001,392.0970780953289,25.736740496255653,480.2102214887669,325.78977851123307,0.0
2024-05-21,420.0,432.7,407.1,429.5,2.29,201842,85312936.8,17.29,24.84094853,432.2370668126114,433.8975602659067,,54.59948419565291,52.50718003202351,48.94375618113481,0.7971125729388859,-4.622322010695285,5.419434583634171,441.3081163553786,415.8000000000002,390.29188364462175,23.6519338847285,490.8558016541855,348.94419834581447,0.0
2024-05-22,430.5,458.0,420.4,452.9,5.45,287668,127385008.8,17.29,26.19433198,433.60560021891706,434.077052521658,,74.13087571187961,65.1428190687838,55.37830346389755,0.3324914913110319,-5.977180656603828,6.30967214791486,439.7509075010088,414.4750000000002,389.1990924989916,21.19103764969834,502.773112949095,375.626887050905,0.0
2024-05-26,455.0,458.0,435.0,435.1,-3.93,219186,97303479.0,17.29,25.16483516,423.9584003283756,433.3087689511135,,65.87736225120022,58.004405381318016,50.639416335915655,-2.647915656385805,-7.554598693582543,4.906683037196737,430.7082607893629,411.8500000000002,392.9917392106376,19.36781961077593,504.6034588323278,388.3965411676722,0.0
2024-05-27,443.8,443.8,424.5,428.0,-1.63,161570,69707496.9,17.29,24.75419318,418.3876004925634,433.2356574797303,,61.5250389388069,54.55753461987241,48.54698761786423,-4.601120188080472,-8.781269452881727,4.180149264801255,426.4816261333496,410.00000000000017,393.5183738666508,18.18646623419548,488.7093987025864,379.5906012974135,0.0
2024-05-29,435.0,442.0,412.6,414.0,-3.27,116281,49172569.7,17.29,23.94447658,413.5814007388452,433.4493577850254,,50.44690855938722,46.52054861111529,44.0579900313253,-6.304284951253237,-9.82630676908204,3.5220218178288025,423.6498026302819,408.45000000000016,393.2501973697184,16.89607359355053,477.9882207806516,376.6117792193484,0.0
2024-05-30,417.0,417.9,402.0,407.6,-1.55,99271,40604602.8,17.29,23.57432042,413.37210110826777,434.2432091231897,,43.88095218914896,42.17965371605224,41.830813043143976,-6.960989286048289,-10.70681222353924,3.745822937490951,423.3544914230694,407.6000000000002,391.84550857693097,14.951192881722813,454.8035786451685,365.09642135483153,0.0
2024-06-02,407.0,429.3,407.0,424.0,4.02,112458,46750189.0,17.29,24.52284558,416.2581516624016,435.3306870465853,,62.84989623440086,52.27627745233784,46.37244301982616,-7.046295701935037,-11.643267957911975,4.59697225597694,423.7425949528912,406.9250000000002,390.1074050471092,14.167992090803123,460.65397627240935,375.6460237275906,0.0
2024-06-03,425.0,427.1,413.0,415.1,-2.1,52109,21803568.4,17.29,24.00809717,412.3872274936025,435.7931640688949,,53.062114676964434,45.729999131184805,43.15724322183496,-8.722504317093296,-12.792511021906211,4.070006704812917,420.8363037160772,405.7250000000002,390.6136962839232,13.264435656447915,459.84330696934376,380.25669303065627,0.0
2024-06-04,423.4,423.4,414.0,415.5,0.1,31000,12925554.6,17.29,24.03123193,411.0308412404037,436.6377830104824,,53.6265596841353,45.99329252070317,43.26917148121957,-9.828901432192083,-13.810012698109444,3.98111126591736,421.3885179704592,405.8700000000002,390.3514820295412,13.171595173831014,458.214785521493,379.18521447850696,0.0
2024-06-05,415.0,415.0,407.2,412.0,-0.84,40825,16766865.4,17.29,23.82880278,408.7962618606056,437.5005496639714,,49.44375671529037,43.34285981915908,42.00574399103929,-11.13882791099536,-14.805290514588782,3.6664626035934216,422.2815963068103,406.09500000000014,389.90840369319,13.36843908203446,451.2053172461034,370.9946827538967,0.0
2024-06-06,410.0,412.8,407.0,408.0,-0.97,40467,16576252.2,17.29,23.59745518,407.1943927909084,438.54138842576623,,44.34399938222229,40.22999972911552,40.55322206623429,-12.292387483417087,-15.721906165487136,3.42951868207005,424.66744966551033,406.7250000000002,388.78255033449005,13.987154535593843,451.8614636067815,367.9385363932184,0.0
2024-06-09,416.1,416.1,401.0,401.0,-1.72,63378,25738375.4,17.29,23.19259688,406.7915891863626,439.7879757084506,,33.98542259577123,34.37054630370373,37.941993944297685,-13.17867788336747,-16.57928583600465,3.4006079526371806,428.18165332677984,407.7750000000002,387.36834667322057,14.230171706215383,451.24051511864616,365.85948488135386,0.0
2024-06-10,409.0,409.0,400.0,401.1,0.02,57100,23045878.6,17.29,23.19838057,409.687383779544,441.37115839042815,,34.06593408016283,34.41530142134035,37.964864227258346,-13.405489588273326,-17.429437824163944,4.023948235890618,430.85598941736737,409.07500000000016,387.29401058263295,14.133524118017087,446.9005723540513,362.0994276459487,0.0
2024-06-11,409.1,421.0,402.0,418.0,4.21,71137,29197703.6,17.29,24.17582418,413.9810756693159,443.01487914105786,,52.88727303253399,43.25390386035133,42.08000932251309,-13.510176679432846,-18.4354248831366,4.925248203703752,434.4844834047162,410.6750000000002,386.8655165952842,13.703915686685656,452.611747060057,370.388252939943,0.0
2024-06-12,425.0,425.0,418.0,418.0,0.0,81660,34375632.0,17.29,24.17582418,411.9716135039738,444.0358946162031,,52.88727303253399,43.253903860351336,42.08000932251309,-15.168011087721029,-19.66673693406253,4.498725846341507,438.16068481273294,411.6750000000002,385.1893151872674,13.115461874095171,460.8463856222856,382.15361437771446,0.0
2024-06-13,418.0,418.0,411.5,415.1,-0.69,45758,18913728.4,17.29,24.00809717,408.9574202559607,445.0985841923746,,49.072308989546606,41.01242583764616,41.069838803350834,-17.06338502575113,-20.791418395647916,3.7280333698967816,443.4545024650498,413.0800000000002,382.70549753495055,13.472735415661305,455.1682062469839,374.3317937530161,0.0
2024-06-16,416.0,420.0,410.0,412.0,-0.75,69817,28750341.9,17.29,23.82880278,405.88613038394107,446.3230162002267,,44.82720466242455,38.60524464708403,39.99589363663686,-18.93910397900771,-21.723426738122107,2.784322759114396,448.9561570898269,414.7750000000002,380.5938429101735,14.247483795179226,457.74245138553766,372.2575486144624,0.0
2024-06-18,407.0,410.0,403.0,404.0,-1.94,58636,23801380.5,17.29,23.36610758,402.8291955759116,447.7239556369706,,31.783550927581757,31.950748002664973,37.15869871003451,-20.742089203287836,-22.419507427900704,1.6774182246128715,452.6485387975263,416.3350000000002,380.0214612024741,14.052759772421364,448.6582793172641,364.3417206827359,0.0
2024-06-19,402.0,408.0,402.0,404.0,0.0,30586,12384217.5,17.29,23.36610758,402.2437933638674,449.5086068874592,,31.783550927581757,31.95074800266498,37.15869871003451,-21.92710541023024,-22.83886198405392,0.9117565738236806,459.8635582340301,419.1850000000002,378.5064417659704,14.836399747134848,449.5091992414045,360.4908007585954,0.0
2024-06-20,412.0,412.0,401.1,401.1,-0.72,42682,17174518.5,17.29,23.19838057,401.36569004580105,451.366101046131,,26.828853979183236,29.56450793120386,36.15009883810711,-23.12067729021527,-23.06680112750984,-0.0538761627054285,470.4439922047509,422.91500000000025,375.3860077952496,15.718221941260946,453.7046658237829,359.39533417621715,0.0
2024-06-23,409.0,409.0,400.0,403.0,0.47,32541,13048979.9,17.29,23.30827068,401.4985350687016,453.41777863985067,,28.013812890766065,30.20897038683484,36.51875074754054,-24.01253554735661,-23.05333208683348,-0.959203460523124,484.90764324666986,427.8600000000002,370.8123567533306,16.25357993473439,453.2607398042032,355.7392601957968,0.0
2024-06-24,408.9,408.9,400.0,400.4,-0.65,40516,16275171.7,17.29,23.15789474,400.7478026030524,455.4756471557629,,23.926858954533436,28.220766837672816,35.65676341902651,-24.995052296691824,-22.8135312217027,-2.1815210749891243,497.6809017849466,432.9200000000002,368.15909821505375,17.05953326081599,455.628599782448,353.271400217552,0.0
2024-06-25,408.3,408.3,397.2,398.1,-0.57,42749,17076309.2,17.29,23.02486987,400.9217039045786,457.72363275395736,,20.37203451700185,26.500826024213943,34.906141654975244,-25.6208092778914,-22.26815095295542,-3.3526583249359767,507.5244417453287,438.00000000000017,368.4755582546717,17.755036956462213,456.01511086938666,349.48488913061334,0.0
2024-06-26,406.0,406.0,396.6,397.0,-0.28,45572,18121871.9,17.29,22.96124928,402.3325558568678,460.1572504173842,,18.758125414639185,25.71028659356957,34.555610395583464,-25.812654598944164,-21.429986371721427,-4.382668227222737,516.8057488708137,443.4950000000002,370.1842511291866,18.47226328495801,456.7167898548741,345.883210145126,0.0
2024-06-27,397.0,399.0,394.0,397.0,0.0,56848,22559389.2,17.29,22.96124928,404.99883378530177,462.7350973731958,,18.758125414639185,25.710286593569563,34.55561039558346,-25.570062196375886,-20.334319314915746,-5.235742881460144,522.4477582423277,448.59500000000014,374.74224175767256,19.48029253884224,454.94087761652673,338.05912238347327,0.0
2024-06-30,400.0,400.0,393.5,394.1,-0.73,45391,17908558.6,17.29,22.79352227,408.9982506779526,465.4181625721017,,15.176932700005352,23.848387553914797,33.68799615977456,-24.88849789787787,-19.025383594550707,-5.863114303327162,527.1889304625477,453.84000000000015,380.4910695374527,21.08921393204693,460.0176417961408,333.48235820385923,0.0
2024-07-01,400.0,400.5,391.1,400.0,1.5,48992,19322075.7,17.29,23.13475998,416.4473760169289,468.3291079832079,,16.491587433348634,25.03366841209237,34.58345975175548,-23.361286769280355,-17.559605018718916,-5.801681750561439,541.3845141228104,461.7350000000001,382.08548587718985,22.71023770227437,463.93071310682313,327.6692868931769,0.0
2024-07-02,408.0,440.0,408.0,418.0,4.5,147642,61793510.9,17.29,24.17582418,424.6710640253934,471.118051166196,,21.55500585426732,29.13596951982483,37.50311681485211,-21.67293675758998,-16.109184581078555,-5.563752176511425,548.8331895597003,468.46000000000015,388.0868104403,22.244708558082635,490.73412567424793,357.26587432575207,0.0
2024-07-03,410.6,420.0,407.0,420.0,0.48,75714,31347290.7,17.29,24.29149798,428.0065960380901,473.2861348872652,,22.22908022823308,29.637053912860047,37.843907804952856,-21.035472753467445,-14.718246536950698,-6.317226216516747,555.1932336345577,474.0600000000001,392.9267663654425,21.160787286758485,476.9823618602754,350.01763813972457,0.0
2024-07-04,420.1,430.1,417.0,424.6,1.1,106679,45217824.3,17.29,24.55754772,432.0098940571352,475.4610791683781,,23.747354456072127,30.767140416742706,38.61875866733398,-20.11950272997336,-13.138939982821512,-6.9805627471518505,560.2009424548083,479.5600000000001,398.9190575451919,21.55643031862053,488.21929095586165,358.8807090441384,0.0
2024-07-07,430.0,430.0,421.3,429.0,1.04,73287,31215876.2,17.29,24.81203008,435.71484108570274,477.537041583414,,25.211448047813555,31.84568323301053,39.358755013357424,-19.12610822391406,-11.39379929603355,-7.73230892788051,562.2428874690124,484.1800000000001,406.1171125309878,22.49603368735615,493.1381010620684,358.16189893793154,0.0
2024-07-08,430.0,434.0,426.4,427.0,-0.47,74221,31821000.9,17.29,24.69635628,439.0722616285541,479.51814532151246,,23.30085169999315,30.822130851134368,38.847432977122665,-18.02797766201417,-9.460722064063422,-8.567255597950744,561.467974649385,487.5250000000001,413.5820253506152,24.02892631928461,502.2867789578538,358.11322104214617,0.0
2024-07-09,425.0,435.0,422.0,433.1,1.43,72357,31036007.5,17.29,25.04916136,445.1083924428312,481.6617430897375,,25.03475331855796,32.19134369933549,39.83080200191936,-16.160502251559933,-7.318908164575737,-8.841594086984196,558.7927060576017,489.8950000000001,420.99729394239847,25.854362576982897,506.0630877309487,350.9369122690513,0.0
2024-07-10,441.7,441.7,433.0,438.0,1.13,98818,43238209.9,17.29,25.33256217,451.11258866424674,483.6438550525839,,26.43957379512007,33.294566508587174,40.62380024347757,-14.162953604011989,-5.108509642829688,-9.0544439611823,556.314702580457,492.39,428.4652974195431,26.94929175220322,518.1978752566097,356.5021247433904,0.0
2024-07-11,446.7,447.2,438.0,446.1,1.85,117154,51875527.9,17.29,25.80104106,457.6688829963701,485.50686954452607,,28.81554257823413,35.14328478518918,41.94916893227362,-11.906257641446985,-2.844898652534112,-9.061358988912872,553.8019674027246,494.84,435.87803259727553,28.488101946892463,528.0643058406774,357.1356941593226,0.0
2024-07-14,455.0,468.0,447.0,449.0,0.65,157454,71094465.4,17.29,25.96876807,463.4533244945552,487.1153131994047,,29.663892201031405,35.80422153613739,42.424899649583736,-9.677438319897476,-0.5795589053058943,-9.09787941459158,552.3890153644812,497.75,443.1109846355187,30.431224385436074,548.7936731563082,366.2063268436918,0.0
2024-07-15,457.9,457.9,443.0,443.2,-1.29,155082,69641258.8,17.29,25.63331405,470.6799867418328,488.67104026876814,,25.779251344551863,33.480900509472505,41.14335251988426,-6.987164373921303,1.6949109483420015,-8.682075322263305,552.5486470408771,501.55,450.5513529591229,31.056915983817863,543.6207479514536,357.2792520485464,0.0
2024-07-16,452.0,469.0,439.0,461.0,4.02,139792,63123320.8,9.26,49.78401728,484.4199801127491,490.5270010960648,,30.35227287101238,37.33107660733069,44.0308398678462,-2.861219601072833,3.865429778907828,-6.72664937998066,548.878437829708,505.19,461.5015621702919,32.507684426464294,551.5230532793929,356.4769467206071,0.0
2024-07-17,470.2,482.4,466.0,478.6,3.82,193151,91949908.8,9.26,51.68466523,496.1299701691236,491.73218481427153,,35.95856065650892,41.73785908365078,47.17338367406185,0.6342403759239232,5.547092123902993,-4.91285174797907,547.2192221007543,508.14,469.0607778992457,31.719649362738103,569.3589480882143,379.0410519117856,0.0
2024-07-18,478.0,525.0,469.2,500.0,4.47,331046,165053646.7,9.26,53.99568035,504.8949552536855,492.2681923577112,,44.927601111036346,48.15614797913891,51.46055861646934,3.2944930683681832,6.77530506089776,-3.480811992529577,551.2349522252687,511.465,471.6950477747313,31.466277069709,591.498831209127,402.701168790873,0.0
2024-07-21,500.0,511.0,492.5,504.2,0.84,272349,136963265.5,9.26,54.44924406,507.3424328805282,491.95260837231166,,46.97150836287167,49.54461768330136,52.35707095212676,4.463113878457136,7.645508059030154,-3.1823941805730183,554.3231863540036,513.35,472.3768136459964,28.762530077454443,588.0375902323633,415.4624097676367,0.0
2024-07-22,508.0,513.0,492.0,502.0,-0.44,201152,100434734.2,9.26,54.21166307,508.9136493207923,491.4527148364877,,45.82394628201588,48.82696460297302,51.93600877805344,5.462144601465809,8.44110660417341,-2.9789620027076005,556.0023693712064,514.64,473.27763062879353,29.902811197171605,592.2084335915148,412.7915664084852,0.0
2024-07-23,502.0,513.0,490.0,508.0,1.2,280089,141314159.7,9.26,54.85961123,512.3704739811884,491.0222134012423,,48.36105284958978,50.65146058528847,53.16623066290028,6.88182171190283,9.185847104850309,-2.3040253929474783,557.2658950296335,515.9399999999999,474.6141049703664,30.892012441301784,594.1760373239053,408.82396267609465,0.0
2024-07-24,510.0,520.0,497.9,499.0,-1.77,218750,110822199.3,9.26,53.88768898,514.5557109717826,490.3292425196603,,44.24512446509225,47.94203684298877,51.51233290532857,7.982837635233011,9.76185345308718,-1.7790158178541675,557.5052960635579,516.3399999999999,475.1747039364419,31.768902712557537,604.2567081376726,413.6432918623274,0.0
2024-07-25,499.0,505.0,491.0,501.9,0.58,163606,81736328.5,9.26,54.20086393,522.3335664576739,489.975334051075,,45.27880990760654,48.7427621789663,52.08126150010314,10.188383957225597,10.20660740755072,-0.0182234503251237,557.5826365874279,516.24,474.8973634125721,32.84322523617504,596.5296757085251,399.47032429147487,0.0
2024-07-28,511.9,552.0,511.9,552.0,9.98,642139,348169885.6,9.26,59.6112311,532.5503496865109,489.4886129919352,,70.611892210038,66.58215008261195,63.76032522585338,12.559995677918266,10.211163270132,2.348832407786265,557.6920154993168,516.045,474.3979845006832,29.71469470686116,621.0940841205835,442.8059158794166,0.0
2024-07-29,563.0,573.0,533.0,534.5,-3.17,415282,225481164.3,9.26,57.72138229,522.8255245297663,486.9371278079325,,64.43338832375848,62.0807785037887,60.81364537585211,10.303252882469051,9.623955168185436,0.6792977142836172,552.3811810068214,513.145,473.90881899317856,28.560771896512392,638.6823156895372,467.3176843104628,0.0
2024-07-30,534.5,537.6,515.5,530.0,-0.84,296884,156278069.7,9.26,57.23542117,516.9882867946495,484.99578608580725,,62.63797671241503,60.82065439710149,60.010978884227306,9.054781127077945,9.45413073961453,-0.3993496125365858,550.4311056450011,510.68,470.9288943549989,26.956413218347095,607.4192396550412,445.6807603449587,0.0
2024-07-31,533.1,539.0,525.0,530.0,0.0,321197,170933211.2,9.26,57.23542117,510.4824301919744,483.15887939543205,,62.63797671241503,60.82065439710149,60.010978884227306,7.787753088348495,9.553968142748678,-1.766215054400183,548.1636409805182,509.23,470.2963590194819,27.49601468705233,614.488044061157,449.511955938843,0.0
2024-08-01,540.6,540.6,516.0,517.0,-2.45,397416,207735106.0,9.26,55.83153348,500.7236452879615,481.2469969217762,,57.77228091085992,57.28476937221638,57.7043974629453,6.057288164903298,9.995521906348724,-3.938233741445426,545.6370046175705,507.63,469.6229953824295,28.106682985613705,612.6200489568411,443.9799510431589,0.0
2024-08-05,506.7,506.7,480.0,495.9,-4.08,677340,336221737.5,9.26,53.55291577,492.5854679319423,479.7876906736855,,48.0025336163383,50.56006373209673,53.52770527338792,5.084116016580083,10.980080341710082,-5.895964325129999,545.2005086437102,505.88,466.55949135628975,26.26298109512633,572.138943285379,414.561056714621,0.0
2024-08-06,495.9,495.9,474.0,474.4,-4.34,499757,241222400.2,9.26,51.23110151,490.9282018979134,479.1300453950604,,34.21783194327123,41.90663133651964,48.55861173365354,5.916407332479196,12.45407142299258,-6.537664090513385,545.8741123801688,505.035,464.19588761983135,25.592201216807037,561.7266036504211,408.17339634957887,0.0
2024-08-07,470.0,487.4,470.0,483.0,1.81,214696,103147127.1,9.26,52.15982721,499.1923028468702,479.3231084724098,,37.77882479274464,44.820446431512046,50.63777649670279,9.081747778117972,14.088487445620926,-5.006739667502954,545.864130119327,505.0400000000001,464.2158698806732,26.002445796452264,556.7073373893568,400.6926626106432,0.0
2024-08-08,483.0,495.0,480.0,487.0,0.83,245160,119652202.8,9.26,52.59179266,507.2884542703053,479.173031267202,,39.477364818217744,46.20807743100379,51.624768269714735,12.114138706506084,15.340172362496665,-3.226033655990582,547.577974170071,504.14,460.702025829929,26.958273107169184,568.3748193215075,406.6251806784925,0.0
2024-08-11,490.0,508.0,490.0,504.3,3.55,437035,219599887.9,9.26,54.4600432,517.432681405458,478.8535631556592,,47.7267777901077,52.76922765674525,56.1705084018946,15.401093837554072,16.14668077649431,-0.7455869389402388,549.8057377906562,502.7900000000001,455.774262209344,27.253636785743534,580.7609103572306,417.2390896427694,0.0
2024-08-12,514.0,534.0,504.0,525.0,4.1,429436,224076205.9,9.26,56.69546436,523.999022108187,477.81493308038,,61.36538707625889,62.653561477968026,62.49113893504544,17.61097338536365,16.33307751122937,1.2778958741342803,551.3071648490601,500.5000000000001,449.6928351509402,26.39292976193726,598.1787892858117,439.8212107141882,0.0
2024-08-13,535.5,535.5,513.0,516.0,-1.71,192089,100296001.2,9.26,55.72354212,523.4985331622804,475.88901198162,,56.56883586750992,59.59825888540836,60.64263016721729,18.067787304417152,16.013603542695797,2.0541837617213545,548.9680017164663,497.7000000000001,446.43199828353386,25.99214417993029,602.2264325397908,446.2735674602092,0.0
2024-08-14,516.0,523.0,508.0,520.0,0.78,193085,99413002.6,9.26,56.15550756,527.2477997434206,474.2518287971963,,59.486504239005775,61.68077145602246,61.94514790655151,19.304407436672136,15.50005760226546,3.804349834406677,547.7936359801017,495.0000000000001,442.2063640198985,26.380160199922543,594.6404805997677,436.35951940023233,0.0
2024-08-15,520.0,557.0,518.5,545.1,4.83,751075,409374057.0,9.26,58.86609071,530.8716996151309,472.3845565032044,,83.51172199059064,77.44973012227216,71.15118495065033,20.194720297307757,14.548970143663787,5.645750153643965,546.1576214742938,491.6450000000001,437.1323785257063,25.189066888802824,613.3172006664084,462.1827993335916,0.0
2024-08-18,550.0,564.0,535.0,537.7,-1.36,480715,262926484.0,9.26,58.06695464,523.7575494226963,469.4165792176208,,81.56001346183882,75.75269845600988,69.884450910828,18.481705507830952,13.137532605252796,5.344172902578155,538.0077658247333,487.14,436.2722341752669,23.710074320892023,620.630222962676,478.369777037324,0.0
2024-08-21,539.0,539.0,525.0,530.0,-1.43,209828,111492627.2,9.26,57.23542117,516.7863241340445,466.62950081834,,79.29294591937533,73.85134962133564,68.50292869257176,16.779905460057535,11.80148937960826,4.978416080449275,530.2869080366795,482.855,435.4230919633206,22.566749245435584,599.7002477363068,464.2997522636932,0.0
2024-08-22,530.0,542.6,527.0,528.0,-0.38,198426,105879839.6,9.26,57.01943844,510.1794862010669,464.0429498313335,,78.68800248949785,73.34727528123034,68.13847347590068,15.147718410571317,10.556885359495942,4.590833051075373,523.5952685208015,478.58,433.5647314791986,23.518610272706205,605.3558308181185,464.2441691818814,0.0
2024-08-25,528.0,537.9,515.0,516.0,-2.27,264501,137841516.0,9.26,55.72354212,501.2692293016003,461.4324579877144,,74.75450298587334,70.14028588248418,65.86328035405944,13.047760126891546,9.4091770967271,3.638583030164448,517.3979352063196,473.69000000000005,429.9820647936805,23.17623363634023,595.9787009090207,456.92129909097935,0.0
2024-08-27,515.0,525.0,496.1,497.0,-3.68,251927,127755243.8,9.26,53.67170626,493.9038439524005,459.2052113749681,,65.89545551943439,63.72257703304432,61.70689444920452,11.399482315694629,8.499531339185987,2.89995097650864,511.1598307810343,470.015,428.87016921896577,21.206926262600252,574.1707787878008,446.92922121219925,0.0
2024-08-28,506.0,516.0,493.0,498.0,0.2,141796,71076392.6,9.26,53.77969762,492.3557659286008,457.6625669412933,,66.99532584196297,64.3990265383884,62.08886106193928,11.0644152575386,7.774543595058827,3.289871662479772,508.5993371956309,467.015,425.4306628043692,20.352140291778067,565.5564208753342,443.4435791246658,0.0
2024-08-29,498.8,503.0,489.3,494.0,-0.8,125957,62118372.8,9.26,53.34773218,489.5336488929011,456.01614110216246,,64.91304569014802,62.93769139576512,61.165785043915946,10.373992717746203,6.952075679438884,3.4219170383073214,505.0390695943367,463.9150000000001,422.79093040566346,20.057933657531187,556.3238009725935,435.9761990274064,0.0
2024-09-01,503.8,503.8,485.0,485.2,-1.78,122470,59721867.4,9.26,52.39740821,487.3004733393517,454.4657795144957,,59.97486893198272,59.54539391981136,59.06051952673613,9.74914078197122,6.0965964198620535,3.6525443621091673,501.15737223801153,461.215,421.2726277619885,20.308815175034653,555.326445525104,433.473554474896,0.0
2024-09-02,485.0,503.9,480.0,501.0,3.26,124169,61161137.9,9.26,54.10367171,488.35071000902747,453.2113215354955,,77.3487142731135,70.26824573000282,65.14802321227577,9.70579680893519,5.183460329334761,4.522336479600429,498.2902552074845,459.89,421.4897447925156,20.476461305594057,553.3793839167822,430.5206160832178,0.0
2024-09-03,501.0,512.0,489.6,498.0,-0.6,196070,96940498.4,9.26,53.77969762,482.0260650135412,451.2607632308218,,76.18431657649536,69.29331316833697,64.48069132178007,7.9005716388574,4.052876209434654,3.847695429422746,491.4400537312976,457.94000000000005,424.4399462687025,20.09606811732673,561.0882043519803,440.5117956480198,0.0
2024-09-04,507.9,507.9,480.0,482.0,-3.21,78221,38174659.2,9.26,52.05183585,474.0390975203118,449.3530392810594,,68.51028890290472,63.3399702596418,60.620048719559286,5.786985016120241,3.0909523520789675,2.6960326640412733,485.8452847434944,456.74000000000007,427.6347152565058,18.99563124147415,550.9368937244225,436.9631062755776,0.0
2024-09-05,484.0,489.0,473.0,479.0,-0.62,85177,40729551.0,9.26,51.72786177,470.0586462804677,448.02051027212303,,66.72318060405485,62.059261721905386,59.834227552256245,4.634196490137583,2.416944186068649,2.2172523040689343,484.4203335691899,456.39,428.3596664308102,17.895145823860172,534.6854374715805,427.3145625284195,0.0
2024-09-08,487.0,488.0,470.0,474.5,-0.94,63926,30515717.8,9.26,51.24190065,465.5879694207016,446.7560413036383,,63.99900271558078,60.11867222565542,58.64591845932296,3.400867186208643,1.8626311100514152,1.5382360761572278,484.63456685249616,456.44000000000005,428.245433147504,18.10571758206686,533.3171527462006,424.6828472537994,0.0
2024-09-09,476.0,479.0,460.0,465.0,-2.0,108664,50691255.4,9.26,50.21598272,461.1319541310523,445.6236348262357,,57.46465603935908,55.67430585799397,56.008207010108165,2.2354051701216804,1.4780720910121083,0.757333079109572,485.2950470710889,456.61500000000007,427.9349529289112,17.561908424518734,522.1857252735562,416.8142747264438,0.0
2024-09-10,468.0,473.0,455.0,460.0,-1.08,121413,55977422.1,9.26,49.67602592,459.1979311965784,444.832762778327,,53.51763209710811,53.12114016812137,54.54324986601765,1.6826095762053228,1.2887388212347153,0.3938707549706075,489.1049665604924,457.705,426.30503343950767,17.402120471687482,516.2063614150625,411.7936385849375,0.0
2024-09-11,460.0,465.5,457.1,458.5,-0.33,73610,33892278.7,9.26,49.51403888,458.7968967948676,444.2136918713199,,52.338238869129896,52.35666715274823,54.10307081068642,1.4616579697708971,1.1902711324920634,0.2713868372788337,495.7792528976452,459.64,423.50074710235486,17.335689412986092,513.3070682389583,409.29293176104176,0.0
2024-09-12,467.6,470.0,456.0,469.0,2.29,89053,41164303.2,9.26,50.64794816,458.9453451923013,443.6305772538228,,62.150270156071954,58.56438650624929,57.86875971053894,1.3111101670888274,1.122424423172355,0.1886857439164724,500.3067654966984,461.36500000000007,422.4232345033018,17.939654903317884,516.8189647099537,409.1810352900464,0.0
2024-09-15,475.0,478.2,460.0,462.0,-1.49,121891,56785017.6,9.26,49.89200864,453.918017788452,442.5950906111216,,57.419807009656985,55.28218929384675,55.90451013452803,0.0307948237805817,1.075252987193237,-1.0444581634126553,501.57663259372816,461.9150000000001,422.253367406272,18.377394337019872,524.2321830110596,413.9678169889404,0.0
2024-09-16,469.0,469.0,452.1,452.9,-1.97,93821,42889083.3,9.26,48.90928726,449.8770266826779,441.8030534932082,,50.23228068795718,50.55417001068353,53.18033309200665,-0.8910737754787306,1.336367528046401,-2.2274413035251315,502.0636855776814,462.2750000000001,422.4863144223188,17.60821593002208,513.3746477900662,407.72535220993376,0.0
2024-09-18,458.0,458.0,447.0,455.0,0.46,59933,27163435.7,9.26,49.13606911,448.36554002401687,441.3501169010943,,52.03398831793308,51.726099978434526,53.91828207561545,-1.128206805435468,1.893227853927684,-3.021434659363152,502.4474411606247,462.8800000000001,423.3125588393755,17.686906588913427,505.56071976674025,399.43928023325975,0.0
2024-09-22,464.1,471.0,449.2,452.0,-0.66,78178,35561158.3,9.26,48.81209503,445.04831003602527,440.7929788154247,,49.74507421829763,50.19452217788576,53.024314840025646,-1.6282826828648354,2.648586518768472,-4.276869201633307,502.43829132560944,462.7300000000001,423.0217086743908,18.42989620990381,515.3896886297115,404.8103113702886,0.0
2024-09-23,461.0,461.0,443.0,444.5,-1.66,87158,38924478.3,9.26,48.00215983,441.5724650540379,440.3355493793195,,43.78371159469849,46.234617406198296,50.73036715999631,-1.937422691032964,3.7178038191767984,-5.655226510209762,502.66274879202285,462.2800000000001,421.8972512079773,17.53321801100423,504.5996540330127,399.4003459669873,0.0
2024-09-24,441.1,444.0,430.0,430.2,-3.22,114932,50098069.4,9.26,46.45788337,440.1086975810568,440.1655718029652,,29.63789676838338,37.42638021946077,45.89421331123516,-1.540180698679876,5.131610446729239,-6.671791145409115,502.68234099591007,462.2550000000001,421.82765900409015,16.059131123338034,485.1773933700141,388.8226066299859,0.0
2024-09-25,427.0,442.6,427.0,442.5,2.86,78402,34196940.1,9.26,47.78617711,445.0630463715853,440.57232983573925,,36.69827570724279,43.06085291238493,49.94209535844355,0.4452471635406709,6.799558233081518,-6.354311069540847,501.6426179912988,462.8950000000001,424.1473820087014,16.287923470375592,483.6637704111268,385.9362295888732,0.0
2024-09-26,433.7,448.0,433.7,437.0,-1.24,57402,25264368.6,9.26,47.19222462,446.3445695573778,440.49364942087146,,30.077605118971373,39.26427265915867,47.9722422618486,1.7205351307598562,8.38813600046673,-6.667600869706874,501.344687087852,463.31500000000005,425.2853129121481,16.364359411528433,489.9430782345853,391.7569217654148,0.0
2024-09-29,435.0,440.0,429.0,436.0,-0.23,32022,13974891.0,9.26,47.08423326,451.01685433606673,440.6362473564173,,28.875364824247647,38.57276785586705,47.61241163717632,3.8832403524721135,10.055036217893448,-6.171795865421334,500.7461056877222,463.755,426.7638943122778,16.593732679476034,484.2811980384281,384.7188019615719,0.0
2024-09-30,442.7,442.9,435.0,440.0,0.92,39543,17353125.2,9.26,47.5161987,458.5252815041001,440.8254819423935,,30.75557456732411,40.27599492145077,48.91139714643297,6.688973339421636,11.59798518424878,-4.909011844827145,500.095031997762,464.155,428.2149680022381,17.21525853275115,490.5957755982535,387.3042244017465,0.0
2024-10-01,447.5,463.9,441.0,458.7,4.25,118682,53583406.0,9.26,49.53563715,467.7879222561502,440.85917508289936,,42.16486464605229,49.82711813112557,55.73591743319832,9.76554201237292,12.825238145455568,-3.059696133082649,500.095031997762,464.155,428.2149680022381,16.494731703056836,501.9341951091705,402.9658048908295,0.0
2024-10-02,465.0,474.0,458.0,462.0,0.72,106390,49291155.4,9.26,49.89200864,472.3318833842253,440.1309781475075,,44.77007254521664,51.84165238234864,57.08528351466862,11.646318143850747,13.59016217872623,-1.9438440348754809,500.1264193736892,463.7099999999999,427.2935806263107,15.78303522561871,513.3491056768561,418.6508943231439,0.0
2024-10-06,470.0,476.9,462.0,474.0,2.6,70077,32814474.9,9.26,51.18790497,477.497825076338,439.2383650106711,,55.942525288214206,60.03794222038072,62.35522807362703,13.54147141502648,14.0761231874451,-0.5346517724186217,499.9677086026973,463.31,426.6522913973026,15.758928028465236,516.7267840853957,422.1732159146042,0.0
2024-10-07,483.0,483.4,475.0,475.0,0.21,61966,29712489.2,9.26,51.29589633,479.2467376145069,437.8195227662087,,56.99611671212549,60.78155067379226,62.819170477375216,14.541591096926709,14.209786130549755,0.3318049663769535,498.8743598048953,462.4599999999999,426.0456401951045,15.854364476072483,526.7630934282174,431.63690657178256,0.0
2024-10-08,470.0,485.0,468.0,480.0,1.05,270991,128676088.0,9.26,51.83585313,481.3701064217604,436.3019522668703,,62.20275309617711,64.49003504962627,65.14575344780047,15.504775256778656,14.126834888955518,1.3779403678231397,497.5204316744506,461.295,425.0695683255493,16.682627195636098,526.5478815869083,426.4521184130917,0.0
2024-10-09,480.0,483.0,473.0,478.0,-0.42,38554,18420792.2,9.26,51.61987041,482.0551596326406,434.5183584818446,,60.933875345715705,63.6666452450476,64.64290848423889,15.999533580709226,13.782349796999734,2.2171837837094923,495.363154007989,459.55,423.736845992011,16.647363550706775,527.9420906521203,428.0579093478797,0.0
2024-10-15,487.5,489.0,476.0,486.8,1.84,14812,7140200.7,9.26,52.57019438,484.0827394489609,432.7435976035525,,70.14362865822154,70.32950709064816,68.83788808285004,16.6019409893521,13.22805385107236,3.3738871382797413,493.36375488024777,457.665,421.96624511975216,16.96373727856308,533.3912118356892,431.60878816431074,0.0
2024-10-16,494.0,501.9,484.0,498.7,2.44,302170,147506063.3,9.26,53.85529158,482.7241091734414,430.53721383226895,,85.71635533195217,80.9697416334688,75.17064413468432,16.233349121993058,12.384582066502425,3.848767055490633,489.7245909849679,454.8850000000001,420.04540901503225,16.32637475395898,541.929124261877,443.970875738123,0.0
2024-10-17,498.0,505.0,493.0,493.0,-1.14,80563,40014898.3,2.91,169.4158076,474.73616376016207,427.7550592948105,,84.22522737780568,79.59678966127683,74.0739099691005,14.315134060425692,11.422390302629768,2.892743757795925,481.5674484396588,451.445,421.3225515603412,16.151527504398867,547.4545825131966,450.5454174868034,0.0
2024-10-20,484.0,495.0,479.1,480.0,-2.64,187805,90783664.4,2.91,164.9484536,465.6042456402431,425.0920004905171,,79.99046749195398,75.917179368509,71.2981243030957,12.238937613691746,10.699204363180783,1.539733250510961,473.4864378902976,448.11,422.7335621097023,15.16836389377652,532.5550916813296,441.5449083186704,0.0
2024-10-21,472.0,480.0,468.4,469.2,-2.25,70285,33198853.9,2.91,161.2371134,458.4063684603647,422.85085765339534,,75.0429574738037,72.02524685489243,68.61849776924316,10.734571420024906,10.314271050553044,0.4203003694718621,467.8565533062595,445.4599999999999,423.06344669374033,13.987070993085018,516.1612129792551,432.23878702074495,0.0
2024-10-22,475.0,476.0,459.5,465.0,-0.9,104000,48395845.7,2.91,159.7938144,453.00955269054697,420.9590559249625,,72.71047300398303,70.2915261162039,67.48520591760801,9.75795025763523,10.20919595818508,-0.4512457005498493,464.53553499445695,443.2499999999999,421.9644650055428,13.874523325650022,509.3735699769501,426.1264300230499,0.0
2024-10-23,460.0,460.0,450.0,452.0,-2.8,182640,82721217.3,2.91,155.3264605,447.0143290358204,419.16146637087934,,63.26431154547378,63.85285465834525,63.576681361024846,8.79712906116498,10.32200738332254,-1.5248783221575604,460.8161366869607,441.7249999999999,422.6338633130392,12.749470361833357,493.2484110855,416.7515889145,0.0
2024-10-24,450.0,455.0,439.0,443.0,-1.99,104890,46521225.2,2.91,152.233677,444.5214935537306,417.82111805948665,,53.32110218421244,58.001378620548586,60.41409174283394,8.766449947689637,10.703226963861932,-1.9367770161722948,459.5638807138319,440.9699999999999,422.376119286168,12.277189290925952,483.8315678727778,410.16843212722216,0.0
2024-10-27,443.0,446.0,437.0,444.0,0.23,55784,24654312.4,2.91,152.5773196,445.2822403305959,416.7934085925269,,54.78567297901117,58.98656255505064,60.97886140864532,9.516143879978358,11.187421217905005,-1.6712773379266466,459.3131899819604,440.5849999999999,421.8568100180393,11.863543656584392,477.0906309697532,405.9093690302468,0.0
2024-10-28,452.0,452.0,441.0,443.0,-0.23,59809,26572257.4,2.91,152.233677,445.9233604958939,415.68293547385457,,53.654133434614174,58.32932117834745,60.625499770878285,10.232791133481726,11.605240552386666,-1.3724494189049403,459.16096390151,439.8249999999998,420.4890360984896,12.181715173982658,483.045145521948,409.954854478052,0.0
2024-10-29,445.0,452.0,445.0,450.9,1.78,65634,29500622.4,2.91,154.9484536,447.3850407438409,414.5679532482976,,65.09362400928954,66.09966818316488,65.09617648894593,11.100471211466356,11.948352907112902,-0.8478816956465458,459.0205488646416,439.0699999999998,419.119451135358,12.313016859980731,485.4390505799422,411.5609494200578,0.0
2024-10-30,450.0,454.0,443.1,445.8,-1.13,77838,34838568.8,2.91,153.1958763,445.6275611157613,413.0850125645547,,60.22757940392377,63.15754792633397,63.42461983202385,11.242121475199896,12.160323331024538,-0.918201855824643,458.362760071545,437.51499999999976,416.6672399284545,12.903352066645258,487.2600561999358,409.83994380006425,0.0
2024-11-05,440.3,455.8,440.0,444.0,-0.4,51361,22962464.4,2.91,152.5773196,445.541341673642,411.7497069549447,,58.4086136322045,62.07896306300865,62.82134482138213,11.77866968127148,12.389873794980698,-0.611204113709217,458.59316445447,435.98499999999984,413.3768355455297,13.125946740716955,487.27784022215087,408.5221597778491,0.0
2024-11-06,445.0,447.0,439.0,440.0,-0.9,63545,28083991.4,2.91,151.2027491,446.3120125104629,410.43336846330976,,54.27812429020487,59.64086932000626,61.4654192711717,12.47544692347526,12.542674823408005,-0.0672278999327424,459.23472700712745,434.2799999999999,409.3252729928722,12.828829711907725,481.4864891357232,404.5135108642768,0.0
2024-11-10,448.0,449.8,442.1,449.8,2.23,82617,36815029.4,2.91,154.5704467,449.4680187656944,409.22656717609794,,69.25682964567329,69.85906913213809,67.23253943650698,13.590599739183006,12.559481798391188,1.0311179407918178,460.37615592860703,432.5299999999999,404.6838440713927,13.054255235453024,485.1127657063592,406.78723429364095,0.0
2024-11-11,458.0,462.1,450.0,454.0,0.93,159935,72757931.2,2.91,156.0137457,449.3020281485416,407.57050869348967,,77.39303741930274,74.97071312278037,69.93213940607257,13.818440609570873,12.301702313193234,1.5167382963776372,459.3978614810543,430.2899999999999,401.1821385189454,13.18250581717003,495.5975174515101,416.5024825484899,0.0
2024-11-12,463.0,463.0,450.0,457.0,0.66,98128,44800783.0,2.91,157.0446735,446.9530422228124,405.6754274156729,,83.63105261618408,78.79475273686373,71.91213994860304,13.480616547999489,11.922517739098824,1.5580988089006649,456.8010358930804,427.8399999999999,398.87896410691934,13.302784241300031,496.40835272390007,416.59164727609993,0.0
2024-11-13,464.1,464.1,448.0,451.7,-1.16,70413,31867704.8,2.91,155.2233677,441.9295633342185,403.5805469020269,,81.25890574920341,76.85835338013271,70.49535225274936,12.547893959622913,11.532993036873656,1.0149009227492538,451.8936536644534,425.7399999999999,399.5863463355464,13.336426934777814,496.0592808043335,416.04071919566655,0.0
2024-11-14,450.1,453.0,443.3,445.1,-1.46,124178,55402034.9,2.91,152.9553265,437.0443450013278,401.6164875919056,,77.67823001159086,74.12626955115303,68.60201861602846,11.714522307409538,11.279267806186343,0.435254501223195,448.3835545835538,423.30499999999984,398.2264454164458,12.707141038642014,486.2714231159261,410.0285768840739,0.0
2024-11-17,445.5,447.0,440.0,440.3,-1.08,164538,72738307.2,2.91,151.3058419,433.01651750199176,399.84165035075887,,74.5326677787118,71.88468381916908,67.12931978261494,11.152443983204025,11.170454180880544,-0.0180101976765207,446.2183768282968,420.9599999999999,395.7016231717029,12.707934487380015,481.6238034621401,405.3761965378599,0.0
2024-11-19,442.0,442.0,429.1,431.2,-2.07,230820,99858868.4,2.91,148.1786942,429.3747762529876,398.1902891405858,,66.60132970299168,66.8250092268041,64.06139414318926,10.761537555098698,11.174956730299677,-0.4134191752009766,444.47078431129626,418.7949999999999,393.1192156887036,12.36437165264446,472.6431149579334,398.4568850420666,0.0
2024-11-20,439.8,439.8,428.0,429.9,-0.3,116555,50011496.1,2.91,147.7319588,428.4621643794814,396.8429540034669,,65.22613098128612,66.01367251208437,63.59541615562908,11.03261280424283,11.27831152409992,-0.2456987198570885,444.34312788977496,416.8349999999999,389.3268721102248,12.30485739182718,470.8145721754816,396.9854278245184,0.0
2024-11-21,431.0,433.0,426.0,426.3,-0.84,111250,47655052.8,2.91,146.4948454,427.7432465692221,395.4936868199349,,61.3041317405557,63.73292441637878,62.29577152901548,11.350492663270586,11.339736204064192,0.0107564592063944,443.680733132305,414.98499999999984,386.28926686769466,12.172063768696868,466.0161913060906,392.9838086939094,0.0
2024-11-24,430.0,430.0,423.0,427.0,0.16,112104,47548945.2,2.91,146.7353952,428.46486985383314,394.236286281973,,62.522944324868334,64.51462806082951,62.71369591481216,11.957670335509365,11.337047089262592,0.6206232462467707,443.3281232837893,413.1699999999999,383.0118767162105,12.746737520774296,464.7402125623229,388.2597874376771,0.0
2024-11-25,435.5,435.5,422.1,425.0,-0.47,108838,46178968.1,2.91,146.04811,429.1973047807497,392.89899184450246,,60.5300068768597,63.32107377817556,62.0147274544241,12.487447359559384,11.1818912777009,1.3055560818584837,442.4921244874582,411.25999999999993,380.0278755125416,13.38526391197144,468.9557917359143,388.6442082640857,0.0
2024-11-26,431.0,435.7,425.1,434.5,2.24,114088,48908653.0,2.91,149.3127148,431.2959571711245,391.5887466136658,,78.0556329222177,74.35147556018613,67.81135662399012,13.1856362541169,10.855502257236278,2.3301339968806225,441.0486235292154,409.81,378.5713764707845,13.383626568857158,470.5508797065714,390.2491202934285,0.0
2024-11-27,435.0,438.8,431.6,436.9,0.55,77997,33877361.5,2.91,150.137457,429.6939357566867,389.8372668836114,,83.48362533222051,77.51926008462105,69.38425430882945,12.917715370383178,10.272968758016123,2.6447466123670544,437.44604414429546,408.235,379.02395585570446,13.559585076507958,475.8787552295239,394.5212447704762,0.0
2024-11-28,437.0,437.9,430.0,435.3,-0.37,81755,35574057.3,2.91,149.5876289,426.09090363503,387.9163390013098,,82.77375023629389,76.91027182704875,68.92291734062783,12.143493218848391,9.61178210492436,2.5317111139240307,432.9083073254517,405.94,378.97169267454814,14.266205640564396,476.7486169216932,391.1513830783068,0.0
2024-12-01,444.0,444.0,427.2,428.8,-1.49,126527,54336790.1,2.91,147.3539519,421.486355452545,385.98231202177146,,79.60893832886836,74.28217578857661,66.98256141543321,11.141580680433492,8.978854326443352,2.16272635399014,428.2701906815008,403.425,378.5798093184992,14.840228489516,480.120685468548,391.079314531452,0.0
2024-12-02,430.0,430.0,425.0,427.9,-0.21,181491,77567724.1,2.91,147.0446735,417.8295331788175,384.23465128796624,,79.13719419315045,73.90022836193667,66.70624651594652,10.362534776050325,8.438172737945818,1.9243620381045063,424.5462125434085,401.165,377.7837874565914,14.62247609946222,471.3674282983866,383.63257170161336,0.0
2024-12-03,436.0,436.0,417.0,419.8,-1.89,410484,172511347.9,2.91,144.2611684,412.7942997682262,382.4523921568628,,74.39899019409557,70.20179989534839,64.11127434330986,9.309097497713251,7.957082228419692,1.3520152692935614,419.7939047098736,399.115,378.43609529012633,15.1138623327358,471.8415869982074,381.1584130017926,0.0
2024-12-04,420.0,425.0,415.0,415.2,-1.1,143772,60079128.4,2.91,142.6804124,409.29144965233934,380.92800000000005,,71.08385086564833,67.79528768782701,62.51858923176631,8.653850680668995,7.619078411096301,1.0347722695726942,416.6878381184183,397.32499999999993,377.9621618815816,14.482069258595333,463.446207775786,376.553792224214,0.0
2024-12-05,406.9,415.0,406.0,409.9,-1.28,155704,63754717.8,2.91,140.8591065,406.337174478509,,,66.6626378716294,64.74952267558042,60.58378948250802,8.160006915195481,7.360385343703127,0.799621571492354,413.8817268216019,395.965,378.04827317839806,14.413410287328144,453.7402308619844,367.2597691380156,0.0
2024-12-08,409.9,414.9,400.1,405.0,-1.2,159922,64577191.5,2.91,139.1752577,404.55576171776346,,,61.871755855928825,61.63456130537119,58.691210532940666,7.950628044860991,7.160479950830038,0.7901480940309531,411.90762740089775,394.86,377.8123725991023,14.903789208142385,452.2113676244272,362.7886323755728,0.0
2024-12-09,396.9,411.4,396.9,405.0,0.0,66907,27135316.0,2.91,139.1752577,404.3336425766452,,,61.871755855928825,61.63456130537119,58.69121053294065,8.066648060617979,6.9629429273223,1.103705133295679,410.6684888604559,393.96,377.2515111395441,14.915321342380432,448.8959640271413,359.40403597285865,0.0
2024-12-10,396.9,411.0,396.9,405.0,0.0,58539,23694809.2,2.91,139.1752577,404.0004638649679,,,61.871755855928825,61.63456130537119,58.69121053294065,8.097398727120606,6.68701664399838,1.4103820831222258,409.3855869329119,392.88,376.37441306708814,14.96146815820048,448.8344044746015,359.0655955253985,0.0
2024-12-11,404.0,415.0,397.0,415.0,2.47,150942,60777882.1,2.91,142.6116838,403.5006957974518,,,77.92242093665713,72.03582389285754,64.26248102113942,8.018867414516706,6.334421123217823,1.6844462912988822,407.9748580846847,391.68,375.3851419153152,14.612742398000533,449.8382271940016,362.1617728059984,0.0
2024-12-12,423.3,423.3,402.8,403.0,-2.89,84801,34642192.0,2.91,138.4879725,397.7510436961777,,,69.47605273016721,65.5595146661475,59.874620555832834,6.783813013127542,5.913309550393103,0.8705034627344395,403.3162800207826,389.81,376.3037199792174,14.236380442222814,455.7591413266685,370.3408586733316,0.0
2024-12-16,403.0,403.0,395.0,398.2,-1.19,113101,45028844.1,2.91,136.838488,395.1265655442664,,,64.67024161637504,62.31810770569933,57.88919706435881,6.330579024254405,5.6956836847094925,0.6348953395449124,401.59308245775736,388.55,375.50691754224266,13.02931160246979,438.0879348074094,359.9120651925906,0.0
2024-12-17,396.0,399.9,395.5,397.0,-0.3,80508,32015293.7,2.91,136.4261168,393.5898483163997,,,63.389323882327645,61.4764293547998,57.38310792174916,6.148733765376335,5.536959849823265,0.6117739155530701,401.9220178944361,387.085,372.24798210556384,13.588124002744213,438.4643720082327,356.9356279917673,0.0
2024-12-18,389.1,412.0,389.1,392.0,-1.26,83131,32775891.2,2.91,134.7079038,391.88477247459946,,,57.71063658268134,57.83226641586873,55.230964409093744,5.949378780184588,5.384016370934997,0.565362409249591,402.2616583632208,385.535,368.8083416367791,14.220137780826905,443.2104133424807,357.8895866575193,0.0
2024-12-19,384.2,395.1,384.2,392.9,0.23,73620,28901909.4,2.91,135.0171821,391.8271587118992,,,59.179326821754366,58.76134142075296,55.717172589329365,6.1174838168280985,5.2426757686226,0.874808048205499,404.223515130905,383.81,363.3964848690949,13.255708645363228,429.4171259360896,349.8828740639103,0.0
2024-12-22,392.9,400.6,387.1,390.0,-0.74,73760,28751184.0,2.91,134.0206186,391.2907380678488,,,55.96990395556586,56.67901055653301,54.47754265822194,6.151429026262861,5.023973756571225,1.1274552696916356,404.7380214604436,382.115,359.49197853955644,13.51745405040358,434.4023621512108,353.2976378487893,0.0
2024-12-23,382.2,391.0,382.2,388.8,-0.31,82637,32024251.6,2.91,133.6082474,391.9361071017732,,,54.65869619801588,55.82187190166257,53.96563294645429,6.400552853195791,4.742109939148316,1.658442914047475,404.0313581931305,381.105,358.1786418068696,13.519393389337312,427.158180168012,346.04181983198805,0.0
2024-12-24,395.0,398.0,390.0,396.0,1.85,51143,20205178.7,2.91,136.0824742,393.5041606526598,,,64.97903239300634,62.73776593851558,57.70320975453402,6.747608314434615,4.327499210636447,2.4201091037981675,403.5066460766793,379.965,356.42335392332075,13.488214877041456,434.4646446311244,353.5353553688756,0.0
2024-12-26,388.1,409.9,388.0,403.0,1.77,92340,36962239.4,2.91,138.4879725,392.2562409789897,,,77.64927753082513,70.63847582414962,61.690991471173774,6.359339345842159,3.722471934686905,2.636867411155253,402.42979541648725,377.99,353.5502045835128,13.542460974490506,439.57738292347153,358.32261707652845,0.0
2024-12-29,400.0,404.7,391.0,391.0,-2.98,70534,27876541.8,2.91,134.3642612,386.8843614684845,,,68.20089840809929,63.276812368526194,56.77487576994431,5.058540199080994,3.063255081898092,1.9952851171829025,399.4086872549436,375.49,351.57131274505645,12.613845527211677,435.69153658163503,360.008463418365,0.0
2024-12-31,383.2,395.0,376.6,385.0,-1.53,132291,50756067.0,2.91,132.3024055,384.8265422027268,,,60.8442755781064,58.438752239337255,53.93754824620789,4.546486885228319,2.564433802602366,1.9820530826259528,397.8899502074114,373.79,349.69004979258864,11.8264950302352,421.2794850907056,350.3205149092944,0.0
2025-01-01,377.3,388.0,377.3,383.6,-0.36,43278,16613575.4,2.91,131.8213058,384.7398133040902,,,58.87076940856243,57.21754695669073,53.25016117864245,,,,396.5892742504876,372.89,349.1907257495124,11.096105589150223,415.93831676745066,349.3616832325493,0.0
2025-01-02,390.0,390.0,377.4,386.9,0.86,58340,22439781.8,2.91,132.9553265,385.3097199561353,,,65.82174920722194,61.150331296094606,55.11118172325061,,,,395.494641468002,372.31,349.125358531998,11.140117321278026,417.1203519638341,350.2796480361659,0.0
2025-01-05,385.0,389.7,382.7,384.0,-0.75,88991,34166948.7,2.91,131.9587629,384.514579934203,,,62.34916784986737,58.84185136701243,53.74747501014844,,,,393.6486498239621,371.43,349.211350176038,10.97790813475336,419.1337244042601,353.2662755957399,0.0
2025-01-06,388.0,390.0,382.1,388.0,1.04,78034,30121853.6,2.91,133.3333333,384.77186990130457,,,71.22115911695379,63.68892976759578,56.00018613017571,,,,392.0838515084652,370.48,348.8761484915349,11.419897927503731,420.3096937825112,351.7903062174888,0.0
2025-01-07,395.7,395.7,384.0,387.8,-0.05,59219,22908320.5,2.91,133.2646048,383.1578048519569,,,71.0379966325028,63.549523517081695,55.91148807149917,,,,389.4908519580913,369.375,349.2591480419087,11.810997697226371,425.2829930916792,354.4170069083209,0.0
2025-01-08,393.5,393.5,383.0,387.0,-0.21,45107,17419527.1,2.91,132.9896907,380.8367072779353,,,70.36743303863196,63.02222163670932,55.567538420059314,,,,386.5682464294487,368.285,350.0017535705513,11.82333077469597,423.7199923240879,352.7800076759121,0.0
2025-01-09,386.0,388.0,381.0,383.4,-0.93,78694,30206337.5,2.91,131.7525773,377.755060916903,,,67.34297179232837,60.64316893239017,54.01785714285713,,,,383.3414073462775,367.14,350.9385926537225,11.970367527439969,420.4111025823199,348.5888974176801,0.0
2025-01-12,385.0,385.2,381.0,381.0,-0.63,36094,13812729.1,2.91,130.9278351,374.93259137535455,,,65.2406117558866,59.01064956654916,52.96803652968036,,,,380.58583851185546,366.17,351.7541614881446,12.522630586044407,420.6678917581333,345.5321082418668,0.0
2025-01-13,388.6,388.6,377.5,377.6,-0.89,84072,31908096.2,2.91,129.7594502,371.8988870630318,,,62.1741751456988,56.64494243938649,,,,,378.0229998431044,365.275,352.52700015689567,13.069589540049344,422.258768620148,343.841231379852,0.0
2025-01-15,370.1,384.0,370.1,377.8,0.05,51468,19446913.7,2.04,185.1960784,369.0483305945477,,,62.46229844828888,56.82408086672848,,,,,375.9920039748314,364.545,353.09799602516864,13.288432822277043,416.91529846683113,337.1847015331689,0.0
2025-01-16,375.2,377.8,368.0,368.9,-2.36,67591,25110905.7,2.04,180.8333333,364.6724958918216,,,54.03702579747501,50.33379335095953,,,,,374.3372952061116,364.19,354.04270479388845,13.087147580307825,412.16144274092346,333.6385572590765,0.0
2025-01-19,365.1,370.0,361.6,366.0,-0.79,83984,30679994.8,2.04,179.4117647,362.5587438377323,,,50.84127924911345,47.96720451402805,,,,,377.50414294096936,364.845,352.1858570590307,13.230163978119805,405.4904919343594,326.1095080656406,0.0
2025-01-20,362.0,363.6,351.6,357.5,-2.32,187054,66767422.9,2.04,175.245098,360.8381157565985,,,39.96632189365965,40.21366517108087,,,,,379.11818840502536,365.395,351.6718115949747,13.311293309022004,397.5338799270661,317.666120072934,0.0
2025-01-21,357.0,361.0,354.0,359.0,0.42,85995,30732031.1,2.04,175.9803922,362.50717363489775,,,41.40306558640588,41.22018045591136,,,,,380.0127122282529,366.245,352.4772877717471,13.456992565580004,397.87097769674,317.12902230326,0.0
2025-01-22,359.0,370.0,355.0,369.8,3.01,137664,49669715.4,2.04,181.2745098,364.2607604523466,,,53.77529235407218,49.504096036703935,,,,,,,,13.1966584062,402.0899752186,322.9100247814,0.0
2025-01-23,369.0,371.8,364.3,366.0,-1.03,59766,21896885.1,2.04,179.4117647,361.49114067852,,,49.00978027087058,45.95553608586134,,,,,,,,12.996287118,407.038861354,329.061138646,0.0
2025-01-26,362.1,364.9,356.0,356.5,-2.6,87702,31524673.6,2.04,174.754902,359.23671101777995,,,33.856345918128724,35.42021095610752,,,,,,,,12.74031902,398.67095706,322.22904294,0.0
2025-01-27,362.8,362.8,351.0,353.0,-0.98,95052,33567863.7,2.04,173.0392157,360.60506652666993,,,26.724992196200127,30.80568720379147,,,,,,,,12.833687800000002,395.4010634,318.3989366,0.0
2025-01-28,353.0,362.0,350.0,357.0,1.13,104728,37397715.6,2.04,175.0,364.4075997900049,,,30.012148081053127,33.33333333333333,,,,,,,,12.948542,394.845626,317.154374,0.0
2025-02-02,355.0,367.0,355.0,367.0,2.8,81796,29683622.2,2.04,179.9019608,368.11139968500737,,,41.301035410235066,,,,,,,,,12.49838,398.49514,323.50486,0.0
2025-02-03,369.2,385.5,369.0,372.0,1.36,147482,55551307.3,2.04,182.3529412,368.667099527511,,,49.591498068855465,,,,,,,,,11.9982,413.2446,341.2554,0.0
2025-02-04,379.0,379.0,367.0,369.3,-0.73,54568,20261319.4,2.04,181.0294118,367.00064929126654,,,44.216684723727006,,,,,,,,,11.498,407.494,338.506,0.0
2025-02-05,366.0,370.1,363.0,365.0,-1.16,50984,18697457.0,2.04,178.9215686,365.85097393689983,,,34.29971416904859,,,,,,,,,11.22,400.21,332.89,0.0
2025-02-06,363.0,368.0,359.0,365.9,0.25,73453,26881083.3,2.04,179.3627451,366.2764609053498,,,35.47297297297295,,,,,,,,,,,,0.0
2025-02-09,358.6,370.0,358.6,366.0,0.03,55880,20503353.5,2.04,179.4117647,366.4646913580247,,,,,,,,,,,,,,,0.0
2025-02-10,369.9,369.9,363.2,364.1,-0.52,28859,10533106.8,2.04,178.4803922,366.697037037037,,,,,,,,,,,,,,,0.0
2025-02-11,367.0,370.0,361.0,364.0,-0.03,48342,17610510.4,2.04,178.4313725,367.99555555555554,,,,,,,,,,,,,,,0.0
2025-02-12,365.0,370.0,360.0,363.1,-0.25,47038,17147454.5,2.04,177.9901961,369.9933333333333,,,,,,,,,,,,,,,0.0
2025-02-13,360.0,366.0,360.0,363.0,-0.03,47627,17318839.0,2.04,177.9411765,373.44,,,,,,,,,,,,,,,0.0
2025-02-16,367.0,370.9,365.0,370.7,2.12,70533,26014490.4,2.04,181.7156863,,,,,,,,,,,,,,,,0.0
2025-02-17,371.0,386.9,370.7,382.0,3.05,108899,41212054.5,2.04,187.254902,,,,,,,,,,,,,,,,0.0
2025-02-18,389.0,389.6,375.0,377.0,-1.31,74518,28374584.9,2.04,184.8039216,,,,,,,,,,,,,,,,0.0
2025-02-20,384.5,384.5,373.6,374.5,-0.66,42089,15847811.6,2.04,183.5784314,,,,,,,,,,,,,,,,0.0
